[2026-08-03T01:11:17.342Z] MemoryForge: attached 5 listener(s)
[2026-08-03T01:11:17.344Z] InitialReadForge: armed one-shot BeforeSend after NewSessionStart
[2026-08-03T01:11:17.344Z] LiveUpdateForge: session reset, allowLiveUpdate = false
[2026-08-03T01:11:20.915Z] MemoryForge: attached 5 listener(s)
[2026-08-03T01:11:20.916Z] InitialReadForge: armed one-shot BeforeSend after NewSessionStart
[2026-08-03T01:11:20.917Z] LiveUpdateForge: session reset, allowLiveUpdate = false
[2026-08-03T01:11:21.610Z] MemoryForge: attached 5 listener(s)
[2026-08-03T01:11:21.611Z] InitialReadForge: armed one-shot BeforeSend after NewSessionStart
[2026-08-03T01:11:21.613Z] LiveUpdateForge: session reset, allowLiveUpdate = false
[2026-08-03T01:11:50.327Z] MemoryForge: attached 5 listener(s)
[2026-08-03T01:11:50.527Z] InitialReadForge: armed one-shot BeforeSend after NewSessionStart
[2026-08-03T01:11:50.528Z] LiveUpdateForge: session reset, allowLiveUpdate = false
[2026-08-03T01:18:43.018Z] LiveUpdateForge: session reset, allowLiveUpdate = false
[2026-08-03T01:18:49.170Z] ResumeDiffForge: running checkResumeConsistency
[2026-08-03T01:18:49.465Z] checkResumeConsistency: forgedTimestamps=[["project","1970-01-01T00:00:00.000Z"]]
[2026-08-03T01:18:53.938Z] checkResumeConsistency: injecting 1 diff notification(s)
[2026-08-03T01:18:53.939Z] injectForgedHistory: role=user preview="[agent-auto] [memory-update 2026-07-30 17:17:49] project memory file has been mo"
[2026-08-03T01:18:53.940Z] injectForgedHistory: recordMessage persisted
[2026-08-03T01:18:53.941Z] LiveUpdateForge: session reset, allowLiveUpdate = false
[2026-08-03T01:18:53.942Z] NudgeForge: ResumeComplete — restoring count from history
[2026-08-03T01:18:53.944Z] restoreNudgeCountFromHistory: found last write at idx=2932 count=14
[2026-08-03T01:26:56.068Z] MemoryForge: attached 5 listener(s)
[2026-08-03T01:26:56.068Z] InitialReadForge: armed one-shot BeforeSend after NewSessionStart
[2026-08-03T01:26:56.069Z] LiveUpdateForge: session reset, allowLiveUpdate = false
[2026-08-03T01:41:44.107Z] MemoryForge: attached 5 listener(s)
[2026-08-03T01:41:44.130Z] InitialReadForge: armed one-shot BeforeSend after NewSessionStart
[2026-08-03T01:41:44.130Z] LiveUpdateForge: session reset, allowLiveUpdate = false
[2026-08-03T01:41:46.979Z] MemoryForge: attached 5 listener(s)
[2026-08-03T01:41:46.980Z] InitialReadForge: armed one-shot BeforeSend after NewSessionStart
[2026-08-03T01:41:46.981Z] LiveUpdateForge: session reset, allowLiveUpdate = false
[2026-08-03T01:41:47.232Z] MemoryForge: attached 5 listener(s)
[2026-08-03T01:41:47.233Z] InitialReadForge: armed one-shot BeforeSend after NewSessionStart
[2026-08-03T01:41:47.233Z] LiveUpdateForge: session reset, allowLiveUpdate = false
[2026-08-03T01:46:07.617Z] LiveUpdateForge: session reset, allowLiveUpdate = false
[2026-08-03T01:46:11.331Z] ResumeDiffForge: running checkResumeConsistency
[2026-08-03T01:46:11.394Z] checkResumeConsistency: forgedTimestamps=[["project","1970-01-01T00:00:00.000Z"]]
[2026-08-03T01:46:16.466Z] checkResumeConsistency: injecting 1 diff notification(s)
[2026-08-03T01:46:16.467Z] injectForgedHistory: role=user preview="[agent-auto] [memory-update 2026-07-30 17:17:49] project memory file has been mo"
[2026-08-03T01:46:16.468Z] injectForgedHistory: recordMessage persisted
[2026-08-03T01:46:16.468Z] LiveUpdateForge: session reset, allowLiveUpdate = false
[2026-08-03T01:46:16.469Z] NudgeForge: ResumeComplete — restoring count from history
[2026-08-03T01:46:16.470Z] restoreNudgeCountFromHistory: found last write at idx=2932 count=14
[2026-08-03T01:50:10.990Z] MemoryForge: attached 5 listener(s)
[2026-08-03T01:50:10.991Z] InitialReadForge: armed one-shot BeforeSend after NewSessionStart
[2026-08-03T01:50:10.992Z] LiveUpdateForge: session reset, allowLiveUpdate = false
[2026-08-03T01:52:37.353Z] LiveUpdateForge: session reset, allowLiveUpdate = false
[2026-08-03T01:52:37.878Z] ResumeDiffForge: running checkResumeConsistency
[2026-08-03T01:52:37.889Z] checkResumeConsistency: forgedTimestamps=[["project","1970-01-01T00:00:00.000Z"]]
[2026-08-03T01:52:38.218Z] checkResumeConsistency: injecting 1 diff notification(s)
[2026-08-03T01:52:38.335Z] injectForgedHistory: role=user preview="[agent-auto] [memory-update 2026-07-30 17:17:49] project memory file has been mo"
[2026-08-03T01:52:38.336Z] injectForgedHistory: recordMessage persisted
[2026-08-03T01:52:38.337Z] LiveUpdateForge: session reset, allowLiveUpdate = false
[2026-08-03T01:52:38.337Z] NudgeForge: ResumeComplete — restoring count from history
[2026-08-03T01:52:38.365Z] restoreNudgeCountFromHistory: found last write at idx=2932 count=14
[2026-08-03T01:52:45.931Z] ResumeDiffForge: running checkResumeConsistency
[2026-08-03T01:52:45.933Z] checkResumeConsistency: forgedTimestamps=[["project","1970-01-01T00:00:00.000Z"]]
[2026-08-03T01:52:45.964Z] checkResumeConsistency: injecting 1 diff notification(s)
[2026-08-03T01:52:45.964Z] injectForgedHistory: role=user preview="[agent-auto] [memory-update 2026-07-30 17:17:49] project memory file has been mo"
[2026-08-03T01:52:46.043Z] injectForgedHistory: recordMessage persisted
[2026-08-03T01:52:46.044Z] LiveUpdateForge: session reset, allowLiveUpdate = false
[2026-08-03T01:52:46.044Z] NudgeForge: ResumeComplete — restoring count from history
[2026-08-03T01:52:46.045Z] restoreNudgeCountFromHistory: found last write at idx=2932 count=14
[2026-08-03T01:52:46.691Z] ResumeDiffForge: running checkResumeConsistency
[2026-08-03T01:52:46.694Z] checkResumeConsistency: forgedTimestamps=[["project","1970-01-01T00:00:00.000Z"]]
[2026-08-03T01:52:46.720Z] checkResumeConsistency: injecting 1 diff notification(s)
[2026-08-03T01:52:46.720Z] injectForgedHistory: role=user preview="[agent-auto] [memory-update 2026-07-30 17:17:49] project memory file has been mo"
[2026-08-03T01:52:46.785Z] injectForgedHistory: recordMessage persisted
[2026-08-03T01:52:46.785Z] LiveUpdateForge: session reset, allowLiveUpdate = false
[2026-08-03T01:52:46.786Z] NudgeForge: ResumeComplete — restoring count from history
[2026-08-03T01:52:46.787Z] restoreNudgeCountFromHistory: found last write at idx=2932 count=14
[2026-08-03T01:52:47.422Z] MemoryForge: attached 5 listener(s)
[2026-08-03T01:52:47.422Z] InitialReadForge: armed one-shot BeforeSend after NewSessionStart
[2026-08-03T01:52:47.423Z] LiveUpdateForge: session reset, allowLiveUpdate = false
[2026-08-03T01:52:47.463Z] MemoryForge: detached all listeners
[2026-08-03T01:52:47.464Z] ResumeDiffForge: running checkResumeConsistency
[2026-08-03T01:52:47.466Z] checkResumeConsistency: forgedTimestamps=[["project","1970-01-01T00:00:00.000Z"]]
[2026-08-03T01:52:47.642Z] checkResumeConsistency: injecting 1 diff notification(s)
[2026-08-03T01:52:47.643Z] injectForgedHistory: role=user preview="[agent-auto] [memory-update 2026-07-30 17:17:49] project memory file has been mo"
[2026-08-03T01:52:47.709Z] injectForgedHistory: recordMessage persisted
[2026-08-03T01:52:47.709Z] LiveUpdateForge: session reset, allowLiveUpdate = false
[2026-08-03T01:52:47.710Z] NudgeForge: ResumeComplete — restoring count from history
[2026-08-03T01:52:47.711Z] restoreNudgeCountFromHistory: found last write at idx=2932 count=14
[2026-08-03T01:52:47.815Z] LiveUpdateForge: allowLiveUpdate = true (first real BeforeSend)
[2026-08-03T01:52:47.816Z] InitialReadForge.onBeforeSend: SKIP (fr=false syn=false hasRead=true)
[2026-08-03T01:54:44.393Z] LiveUpdateForge: EndTurn fallback flush
[2026-08-03T01:54:44.394Z] onEndTurn: naturalStop=false toolCalls=14 nudgeMsg=no
[2026-08-03T01:54:49.321Z] LiveUpdateForge: AfterToolExec flush
[2026-08-03T01:54:49.519Z] InitialReadForge.onBeforeSend: SKIP (fr=true syn=false hasRead=true)
[2026-08-03T01:54:58.208Z] LiveUpdateForge: EndTurn fallback flush
[2026-08-03T01:54:58.209Z] onEndTurn: naturalStop=false toolCalls=15 nudgeMsg=no
[2026-08-03T01:54:58.251Z] LiveUpdateForge: AfterToolExec flush
[2026-08-03T01:54:58.495Z] InitialReadForge.onBeforeSend: SKIP (fr=true syn=false hasRead=true)
[2026-08-03T01:55:11.840Z] LiveUpdateForge: EndTurn fallback flush
[2026-08-03T01:55:11.841Z] onEndTurn: naturalStop=false toolCalls=16 nudgeMsg=no
[2026-08-03T01:55:31.789Z] LiveUpdateForge: AfterToolExec flush
[2026-08-03T01:55:32.012Z] InitialReadForge.onBeforeSend: SKIP (fr=true syn=false hasRead=true)
[2026-08-03T01:57:50.504Z] LiveUpdateForge: EndTurn fallback flush
[2026-08-03T01:57:50.505Z] onEndTurn: naturalStop=false toolCalls=17 nudgeMsg=no
[2026-08-03T01:58:01.625Z] LiveUpdateForge: AfterToolExec flush
[2026-08-03T01:58:01.708Z] InitialReadForge.onBeforeSend: SKIP (fr=true syn=false hasRead=true)
[2026-08-03T01:59:01.095Z] LiveUpdateForge: EndTurn fallback flush
[2026-08-03T01:59:01.096Z] onEndTurn: naturalStop=false toolCalls=18 nudgeMsg=no
[2026-08-03T01:59:01.317Z] LiveUpdateForge: AfterToolExec flush
[2026-08-03T01:59:01.386Z] InitialReadForge.onBeforeSend: SKIP (fr=true syn=false hasRead=true)
[2026-08-03T01:59:41.333Z] LiveUpdateForge: EndTurn fallback flush
[2026-08-03T01:59:41.334Z] onEndTurn: naturalStop=false toolCalls=19 nudgeMsg=no
[2026-08-03T02:02:35.130Z] LiveUpdateForge: AfterToolExec flush
[2026-08-03T02:02:35.341Z] InitialReadForge.onBeforeSend: SKIP (fr=true syn=false hasRead=true)
[2026-08-03T02:03:56.824Z] LiveUpdateForge: EndTurn fallback flush
[2026-08-03T02:03:56.825Z] onEndTurn: naturalStop=true toolCalls=20 nudgeMsg=no
[2026-08-03T02:04:16.834Z] ResumeDiffForge: running checkResumeConsistency
[2026-08-03T02:04:16.835Z] checkResumeConsistency: forgedTimestamps=[["project","1970-01-01T00:00:00.000Z"]]
[2026-08-03T02:04:16.857Z] checkResumeConsistency: injecting 1 diff notification(s)
[2026-08-03T02:04:16.857Z] injectForgedHistory: role=user preview="[agent-auto] [memory-update 2026-07-30 17:17:49] project memory file has been mo"
[2026-08-03T02:04:16.929Z] injectForgedHistory: recordMessage persisted
[2026-08-03T02:04:16.929Z] LiveUpdateForge: session reset, allowLiveUpdate = false
[2026-08-03T02:04:16.930Z] NudgeForge: ResumeComplete — restoring count from history
[2026-08-03T02:04:16.932Z] restoreNudgeCountFromHistory: found last write at idx=2932 count=20
[2026-08-03T02:04:18.591Z] LiveUpdateForge: allowLiveUpdate = true (first real BeforeSend)
[2026-08-03T02:04:18.594Z] InitialReadForge.onBeforeSend: SKIP (fr=false syn=false hasRead=true)
[2026-08-03T02:04:36.510Z] LiveUpdateForge: EndTurn fallback flush
[2026-08-03T02:04:36.510Z] onEndTurn: naturalStop=false toolCalls=20 nudgeMsg=no
[2026-08-03T02:04:36.909Z] LiveUpdateForge: AfterToolExec flush
[2026-08-03T02:04:36.991Z] InitialReadForge.onBeforeSend: SKIP (fr=true syn=false hasRead=true)
[2026-08-03T02:04:59.160Z] LiveUpdateForge: EndTurn fallback flush
[2026-08-03T02:04:59.161Z] onEndTurn: naturalStop=false toolCalls=21 nudgeMsg=no
[2026-08-03T02:04:59.175Z] LiveUpdateForge: AfterToolExec flush
[2026-08-03T02:04:59.262Z] InitialReadForge.onBeforeSend: SKIP (fr=true syn=false hasRead=true)
[2026-08-03T02:06:45.600Z] LiveUpdateForge: EndTurn fallback flush
[2026-08-03T02:06:45.601Z] onEndTurn: naturalStop=false toolCalls=22 nudgeMsg=no
[2026-08-03T02:06:45.911Z] LiveUpdateForge: AfterToolExec flush
[2026-08-03T02:06:45.999Z] InitialReadForge.onBeforeSend: SKIP (fr=true syn=false hasRead=true)
[2026-08-03T02:08:06.551Z] LiveUpdateForge: EndTurn fallback flush
[2026-08-03T02:08:06.551Z] onEndTurn: naturalStop=false toolCalls=23 nudgeMsg=no
[2026-08-03T02:08:06.567Z] LiveUpdateForge: AfterToolExec flush
[2026-08-03T02:08:06.647Z] InitialReadForge.onBeforeSend: SKIP (fr=true syn=false hasRead=true)
[2026-08-03T02:08:35.845Z] LiveUpdateForge: EndTurn fallback flush
[2026-08-03T02:08:35.846Z] onEndTurn: naturalStop=false toolCalls=24 nudgeMsg=no
[2026-08-03T02:08:35.863Z] LiveUpdateForge: AfterToolExec flush
[2026-08-03T02:08:35.976Z] InitialReadForge.onBeforeSend: SKIP (fr=true syn=false hasRead=true)
[2026-08-03T02:09:44.965Z] LiveUpdateForge: EndTurn fallback flush
[2026-08-03T02:09:44.965Z] onEndTurn: naturalStop=false toolCalls=25 nudgeMsg=no
[2026-08-03T02:09:45.324Z] LiveUpdateForge: AfterToolExec flush
[2026-08-03T02:09:45.423Z] InitialReadForge.onBeforeSend: SKIP (fr=true syn=false hasRead=true)
[2026-08-03T02:10:55.322Z] LiveUpdateForge: EndTurn fallback flush
[2026-08-03T02:10:55.322Z] onEndTurn: naturalStop=false toolCalls=26 nudgeMsg=no
[2026-08-03T02:10:55.704Z] LiveUpdateForge: AfterToolExec flush
[2026-08-03T02:10:55.801Z] InitialReadForge.onBeforeSend: SKIP (fr=true syn=false hasRead=true)
[2026-08-03T02:12:33.034Z] LiveUpdateForge: EndTurn fallback flush
[2026-08-03T02:12:33.034Z] onEndTurn: naturalStop=false toolCalls=27 nudgeMsg=no
[2026-08-03T02:12:33.416Z] LiveUpdateForge: AfterToolExec flush
[2026-08-03T02:12:33.528Z] InitialReadForge.onBeforeSend: SKIP (fr=true syn=false hasRead=true)
[2026-08-03T02:13:50.525Z] LiveUpdateForge: EndTurn fallback flush
[2026-08-03T02:13:50.526Z] onEndTurn: naturalStop=false toolCalls=28 nudgeMsg=no
[2026-08-03T02:13:50.553Z] LiveUpdateForge: AfterToolExec flush
[2026-08-03T02:13:50.652Z] InitialReadForge.onBeforeSend: SKIP (fr=true syn=false hasRead=true)
[2026-08-03T02:15:04.159Z] LiveUpdateForge: EndTurn fallback flush
[2026-08-03T02:15:04.160Z] onEndTurn: naturalStop=false toolCalls=29 nudgeMsg=no
[2026-08-03T02:15:04.415Z] LiveUpdateForge: AfterToolExec flush
[2026-08-03T02:15:04.523Z] InitialReadForge.onBeforeSend: SKIP (fr=true syn=false hasRead=true)
[2026-08-03T02:16:30.759Z] LiveUpdateForge: EndTurn fallback flush
[2026-08-03T02:16:30.760Z] onEndTurn: naturalStop=false toolCalls=30 nudgeMsg=no
[2026-08-03T02:16:30.778Z] LiveUpdateForge: AfterToolExec flush
[2026-08-03T02:16:30.901Z] InitialReadForge.onBeforeSend: SKIP (fr=true syn=false hasRead=true)
[2026-08-03T02:17:10.843Z] LiveUpdateForge: EndTurn fallback flush
[2026-08-03T02:17:10.844Z] onEndTurn: naturalStop=false toolCalls=31 nudgeMsg=no
[2026-08-03T02:17:10.854Z] LiveUpdateForge: AfterToolExec flush
[2026-08-03T02:17:10.963Z] InitialReadForge.onBeforeSend: SKIP (fr=true syn=false hasRead=true)
[2026-08-03T02:17:49.419Z] LiveUpdateForge: EndTurn fallback flush
[2026-08-03T02:17:49.420Z] onEndTurn: naturalStop=false toolCalls=32 nudgeMsg=no
[2026-08-03T02:17:49.441Z] LiveUpdateForge: AfterToolExec flush
[2026-08-03T02:17:49.554Z] InitialReadForge.onBeforeSend: SKIP (fr=true syn=false hasRead=true)
[2026-08-03T02:19:24.203Z] LiveUpdateForge: EndTurn fallback flush
[2026-08-03T02:19:24.204Z] onEndTurn: naturalStop=false toolCalls=33 nudgeMsg=no
[2026-08-03T02:19:24.470Z] LiveUpdateForge: AfterToolExec flush
[2026-08-03T02:19:24.574Z] InitialReadForge.onBeforeSend: SKIP (fr=true syn=false hasRead=true)
[2026-08-03T02:20:16.337Z] LiveUpdateForge: EndTurn fallback flush
[2026-08-03T02:20:16.337Z] onEndTurn: naturalStop=false toolCalls=34 nudgeMsg=no
[2026-08-03T02:20:16.686Z] LiveUpdateForge: AfterToolExec flush
[2026-08-03T02:20:16.788Z] InitialReadForge.onBeforeSend: SKIP (fr=true syn=false hasRead=true)
[2026-08-03T02:20:51.894Z] LiveUpdateForge: EndTurn fallback flush
[2026-08-03T02:20:51.894Z] onEndTurn: naturalStop=false toolCalls=35 nudgeMsg=no
[2026-08-03T02:20:51.914Z] LiveUpdateForge: AfterToolExec flush
[2026-08-03T02:20:52.021Z] InitialReadForge.onBeforeSend: SKIP (fr=true syn=false hasRead=true)
[2026-08-03T02:21:33.988Z] LiveUpdateForge: EndTurn fallback flush
[2026-08-03T02:21:33.989Z] onEndTurn: naturalStop=false toolCalls=36 nudgeMsg=no
[2026-08-03T02:21:34.092Z] LiveUpdateForge: AfterToolExec flush
[2026-08-03T02:21:34.187Z] InitialReadForge.onBeforeSend: SKIP (fr=true syn=false hasRead=true)
[2026-08-03T02:22:06.571Z] LiveUpdateForge: EndTurn fallback flush
[2026-08-03T02:22:06.572Z] onEndTurn: naturalStop=false toolCalls=37 nudgeMsg=no
[2026-08-03T02:22:07.594Z] LiveUpdateForge: AfterToolExec flush
[2026-08-03T02:22:07.701Z] InitialReadForge.onBeforeSend: SKIP (fr=true syn=false hasRead=true)
[2026-08-03T02:22:31.515Z] LiveUpdateForge: EndTurn fallback flush
[2026-08-03T02:22:31.515Z] onEndTurn: naturalStop=false toolCalls=38 nudgeMsg=no
[2026-08-03T02:22:39.933Z] LiveUpdateForge: AfterToolExec flush
[2026-08-03T02:22:40.020Z] InitialReadForge.onBeforeSend: SKIP (fr=true syn=false hasRead=true)
[2026-08-03T02:23:24.995Z] LiveUpdateForge: EndTurn fallback flush
[2026-08-03T02:23:24.995Z] onEndTurn: naturalStop=true toolCalls=39 nudgeMsg=no
[2026-08-03T02:23:28.901Z] ResumeDiffForge: running checkResumeConsistency
[2026-08-03T02:23:28.929Z] checkResumeConsistency: forgedTimestamps=[["project","1970-01-01T00:00:00.000Z"]]
[2026-08-03T02:23:28.957Z] checkResumeConsistency: injecting 1 diff notification(s)
[2026-08-03T02:23:28.958Z] injectForgedHistory: role=user preview="[agent-auto] [memory-update 2026-07-30 17:17:49] project memory file has been mo"
[2026-08-03T02:23:29.036Z] injectForgedHistory: recordMessage persisted
[2026-08-03T02:23:29.037Z] LiveUpdateForge: session reset, allowLiveUpdate = false
[2026-08-03T02:23:29.037Z] NudgeForge: ResumeComplete — restoring count from history
[2026-08-03T02:23:29.038Z] restoreNudgeCountFromHistory: found last write at idx=2932 count=39
[2026-08-03T02:23:29.172Z] LiveUpdateForge: allowLiveUpdate = true (first real BeforeSend)
[2026-08-03T02:23:29.175Z] InitialReadForge.onBeforeSend: SKIP (fr=false syn=false hasRead=true)
[2026-08-03T02:24:24.598Z] LiveUpdateForge: EndTurn fallback flush
[2026-08-03T02:24:24.598Z] onEndTurn: naturalStop=false toolCalls=39 nudgeMsg=no
[2026-08-03T02:24:24.926Z] LiveUpdateForge: AfterToolExec flush
[2026-08-03T02:24:25.009Z] InitialReadForge.onBeforeSend: SKIP (fr=true syn=false hasRead=true)
[2026-08-03T02:25:01.090Z] LiveUpdateForge: EndTurn fallback flush
[2026-08-03T02:25:01.091Z] onEndTurn: naturalStop=false toolCalls=40 nudgeMsg=no
[2026-08-03T02:25:01.104Z] LiveUpdateForge: AfterToolExec flush
[2026-08-03T02:25:01.184Z] InitialReadForge.onBeforeSend: SKIP (fr=true syn=false hasRead=true)
[2026-08-03T02:27:01.591Z] LiveUpdateForge: EndTurn fallback flush
[2026-08-03T02:27:01.591Z] onEndTurn: naturalStop=false toolCalls=41 nudgeMsg=no
[2026-08-03T02:27:01.894Z] LiveUpdateForge: AfterToolExec flush
[2026-08-03T02:27:01.971Z] InitialReadForge.onBeforeSend: SKIP (fr=true syn=false hasRead=true)
[2026-08-03T02:27:10.333Z] LiveUpdateForge: EndTurn fallback flush
[2026-08-03T02:27:10.334Z] onEndTurn: naturalStop=false toolCalls=42 nudgeMsg=no
[2026-08-03T02:27:10.632Z] LiveUpdateForge: AfterToolExec flush
[2026-08-03T02:27:10.704Z] InitialReadForge.onBeforeSend: SKIP (fr=true syn=false hasRead=true)
[2026-08-03T02:28:12.558Z] LiveUpdateForge: EndTurn fallback flush
[2026-08-03T02:28:12.558Z] onEndTurn: naturalStop=false toolCalls=43 nudgeMsg=no
[2026-08-03T02:28:12.570Z] LiveUpdateForge: AfterToolExec flush
[2026-08-03T02:28:12.648Z] InitialReadForge.onBeforeSend: SKIP (fr=true syn=false hasRead=true)
[2026-08-03T02:29:37.073Z] LiveUpdateForge: EndTurn fallback flush
[2026-08-03T02:29:37.074Z] onEndTurn: naturalStop=false toolCalls=44 nudgeMsg=no
[2026-08-03T02:29:37.086Z] LiveUpdateForge: AfterToolExec flush
[2026-08-03T02:29:37.162Z] InitialReadForge.onBeforeSend: SKIP (fr=true syn=false hasRead=true)
[2026-08-03T02:30:40.320Z] LiveUpdateForge: EndTurn fallback flush
[2026-08-03T02:30:40.322Z] onEndTurn: naturalStop=false toolCalls=45 nudgeMsg=no
[2026-08-03T02:30:40.337Z] LiveUpdateForge: AfterToolExec flush
[2026-08-03T02:30:40.415Z] InitialReadForge.onBeforeSend: SKIP (fr=true syn=false hasRead=true)
[2026-08-03T02:31:18.005Z] LiveUpdateForge: EndTurn fallback flush
[2026-08-03T02:31:18.006Z] onEndTurn: naturalStop=false toolCalls=46 nudgeMsg=no
[2026-08-03T02:31:18.025Z] LiveUpdateForge: AfterToolExec flush
[2026-08-03T02:31:18.124Z] InitialReadForge.onBeforeSend: SKIP (fr=true syn=false hasRead=true)
[2026-08-03T02:32:51.845Z] LiveUpdateForge: EndTurn fallback flush
[2026-08-03T02:32:51.846Z] onEndTurn: naturalStop=false toolCalls=47 nudgeMsg=no
[2026-08-03T02:32:52.037Z] LiveUpdateForge: AfterToolExec flush
[2026-08-03T02:32:52.114Z] InitialReadForge.onBeforeSend: SKIP (fr=true syn=false hasRead=true)
[2026-08-03T02:33:01.748Z] LiveUpdateForge: EndTurn fallback flush
[2026-08-03T02:33:01.748Z] onEndTurn: naturalStop=false toolCalls=48 nudgeMsg=no
[2026-08-03T02:33:12.385Z] LiveUpdateForge: AfterToolExec flush
[2026-08-03T02:33:12.510Z] InitialReadForge.onBeforeSend: SKIP (fr=true syn=false hasRead=true)
[2026-08-03T02:33:21.417Z] LiveUpdateForge: EndTurn fallback flush
[2026-08-03T02:33:21.418Z] onEndTurn: naturalStop=false toolCalls=49 nudgeMsg=no
[2026-08-03T02:33:21.455Z] LiveUpdateForge: AfterToolExec flush
[2026-08-03T02:33:21.531Z] InitialReadForge.onBeforeSend: SKIP (fr=true syn=false hasRead=true)
[2026-08-03T02:34:20.634Z] LiveUpdateForge: EndTurn fallback flush
[2026-08-03T02:34:20.634Z] onEndTurn: naturalStop=false toolCalls=50 nudgeMsg=no
[2026-08-03T02:34:20.929Z] LiveUpdateForge: AfterToolExec flush
[2026-08-03T02:34:21.009Z] InitialReadForge.onBeforeSend: SKIP (fr=true syn=false hasRead=true)
[2026-08-03T02:34:54.946Z] LiveUpdateForge: EndTurn fallback flush
[2026-08-03T02:34:54.946Z] onEndTurn: naturalStop=false toolCalls=51 nudgeMsg=no
[2026-08-03T02:34:54.979Z] LiveUpdateForge: AfterToolExec flush
[2026-08-03T02:34:55.053Z] InitialReadForge.onBeforeSend: SKIP (fr=true syn=false hasRead=true)
[2026-08-03T02:35:21.820Z] LiveUpdateForge: EndTurn fallback flush
[2026-08-03T02:35:21.821Z] onEndTurn: naturalStop=false toolCalls=52 nudgeMsg=no
[2026-08-03T02:35:22.497Z] LiveUpdateForge: AfterToolExec flush
[2026-08-03T02:35:22.575Z] InitialReadForge.onBeforeSend: SKIP (fr=true syn=false hasRead=true)
[2026-08-03T02:37:03.095Z] LiveUpdateForge: EndTurn fallback flush
[2026-08-03T02:37:03.096Z] onEndTurn: naturalStop=false toolCalls=53 nudgeMsg=no
[2026-08-03T02:37:03.392Z] LiveUpdateForge: AfterToolExec flush
[2026-08-03T02:37:03.465Z] InitialReadForge.onBeforeSend: SKIP (fr=true syn=false hasRead=true)
[2026-08-03T02:38:24.499Z] LiveUpdateForge: EndTurn fallback flush
[2026-08-03T02:38:24.500Z] onEndTurn: naturalStop=false toolCalls=54 nudgeMsg=no
[2026-08-03T02:38:24.516Z] LiveUpdateForge: AfterToolExec flush
[2026-08-03T02:38:24.607Z] InitialReadForge.onBeforeSend: SKIP (fr=true syn=false hasRead=true)
[2026-08-03T02:39:10.763Z] LiveUpdateForge: EndTurn fallback flush
[2026-08-03T02:39:10.764Z] onEndTurn: naturalStop=false toolCalls=55 nudgeMsg=no
[2026-08-03T02:39:10.889Z] LiveUpdateForge: AfterToolExec flush
[2026-08-03T02:39:10.970Z] InitialReadForge.onBeforeSend: SKIP (fr=true syn=false hasRead=true)
[2026-08-03T02:40:16.819Z] LiveUpdateForge: EndTurn fallback flush
[2026-08-03T02:40:16.820Z] onEndTurn: naturalStop=false toolCalls=56 nudgeMsg=no
[2026-08-03T02:40:30.967Z] LiveUpdateForge: AfterToolExec flush
[2026-08-03T02:40:31.058Z] InitialReadForge.onBeforeSend: SKIP (fr=true syn=false hasRead=true)
[2026-08-03T02:43:08.399Z] LiveUpdateForge: EndTurn fallback flush
[2026-08-03T02:43:08.400Z] onEndTurn: naturalStop=true toolCalls=0 nudgeMsg=YES
[2026-08-03T02:43:08.413Z] InitialReadForge.onBeforeSend: SKIP (fr=false syn=false hasRead=true)
[2026-08-03T02:44:16.506Z] LiveUpdateForge: EndTurn fallback flush
[2026-08-03T02:44:16.507Z] onEndTurn: naturalStop=false toolCalls=0 nudgeMsg=no
[2026-08-03T02:44:16.549Z] LiveUpdateForge: self-write on D:\unity\demo\CODELY.md, baseline aligned
[2026-08-03T02:44:16.551Z] LiveUpdateForge: AfterToolExec flush
[2026-08-03T02:44:16.650Z] InitialReadForge.onBeforeSend: SKIP (fr=true syn=false hasRead=true)
[2026-08-03T02:44:17.239Z] LiveUpdateForge: pending external change on D:\unity\demo\CODELY.md
[2026-08-03T02:44:45.426Z] LiveUpdateForge: EndTurn fallback flush
[2026-08-03T02:44:45.426Z] onEndTurn: naturalStop=true toolCalls=0 nudgeMsg=no
[2026-08-03T02:44:53.125Z] ResumeDiffForge: running checkResumeConsistency
[2026-08-03T02:44:53.127Z] checkResumeConsistency: forgedTimestamps=[["project","1970-01-01T00:00:00.000Z"]]
[2026-08-03T02:44:53.150Z] checkResumeConsistency: injecting 1 diff notification(s)
[2026-08-03T02:44:53.150Z] injectForgedHistory: role=user preview="[agent-auto] [memory-update 2026-08-03 10:44:16] project memory file has been mo"
[2026-08-03T02:44:53.214Z] injectForgedHistory: recordMessage persisted
[2026-08-03T02:44:53.215Z] LiveUpdateForge: session reset, allowLiveUpdate = false
[2026-08-03T02:44:53.215Z] NudgeForge: ResumeComplete — restoring count from history
[2026-08-03T02:44:53.217Z] restoreNudgeCountFromHistory: found last write at idx=3066 count=0
[2026-08-03T02:44:53.473Z] LiveUpdateForge: allowLiveUpdate = true (first real BeforeSend)
[2026-08-03T02:44:53.476Z] InitialReadForge.onBeforeSend: SKIP (fr=false syn=false hasRead=true)
[2026-08-03T02:45:36.886Z] LiveUpdateForge: EndTurn fallback flush
[2026-08-03T02:45:36.886Z] onEndTurn: naturalStop=false toolCalls=0 nudgeMsg=no
[2026-08-03T02:46:41.873Z] LiveUpdateForge: AfterToolExec flush
[2026-08-03T02:46:41.971Z] InitialReadForge.onBeforeSend: SKIP (fr=true syn=false hasRead=true)
[2026-08-03T02:47:44.303Z] LiveUpdateForge: EndTurn fallback flush
[2026-08-03T02:47:44.304Z] onEndTurn: naturalStop=false toolCalls=1 nudgeMsg=no
[2026-08-03T02:47:44.629Z] LiveUpdateForge: AfterToolExec flush
[2026-08-03T02:47:44.712Z] InitialReadForge.onBeforeSend: SKIP (fr=true syn=false hasRead=true)
[2026-08-03T02:48:56.788Z] LiveUpdateForge: EndTurn fallback flush
[2026-08-03T02:48:56.789Z] onEndTurn: naturalStop=false toolCalls=2 nudgeMsg=no
[2026-08-03T02:48:56.803Z] LiveUpdateForge: AfterToolExec flush
[2026-08-03T02:48:56.885Z] InitialReadForge.onBeforeSend: SKIP (fr=true syn=false hasRead=true)
[2026-08-03T02:49:32.356Z] LiveUpdateForge: EndTurn fallback flush
[2026-08-03T02:49:32.357Z] onEndTurn: naturalStop=false toolCalls=3 nudgeMsg=no
[2026-08-03T02:49:32.372Z] LiveUpdateForge: AfterToolExec flush
[2026-08-03T02:49:32.452Z] InitialReadForge.onBeforeSend: SKIP (fr=true syn=false hasRead=true)
[2026-08-03T02:50:24.565Z] LiveUpdateForge: EndTurn fallback flush
[2026-08-03T02:50:24.566Z] onEndTurn: naturalStop=false toolCalls=4 nudgeMsg=no
[2026-08-03T02:50:24.580Z] LiveUpdateForge: AfterToolExec flush
[2026-08-03T02:50:24.662Z] InitialReadForge.onBeforeSend: SKIP (fr=true syn=false hasRead=true)
[2026-08-03T02:50:48.846Z] LiveUpdateForge: EndTurn fallback flush
[2026-08-03T02:50:48.847Z] onEndTurn: naturalStop=false toolCalls=5 nudgeMsg=no
[2026-08-03T02:50:48.881Z] LiveUpdateForge: AfterToolExec flush
[2026-08-03T02:50:48.961Z] InitialReadForge.onBeforeSend: SKIP (fr=true syn=false hasRead=true)
[2026-08-03T02:51:20.405Z] LiveUpdateForge: EndTurn fallback flush
[2026-08-03T02:51:20.406Z] onEndTurn: naturalStop=false toolCalls=6 nudgeMsg=no
[2026-08-03T02:51:20.578Z] LiveUpdateForge: AfterToolExec flush
[2026-08-03T02:51:20.655Z] InitialReadForge.onBeforeSend: SKIP (fr=true syn=false hasRead=true)
[2026-08-03T02:51:59.629Z] LiveUpdateForge: EndTurn fallback flush
[2026-08-03T02:51:59.629Z] onEndTurn: naturalStop=false toolCalls=7 nudgeMsg=no
[2026-08-03T02:51:59.643Z] LiveUpdateForge: AfterToolExec flush
[2026-08-03T02:51:59.722Z] InitialReadForge.onBeforeSend: SKIP (fr=true syn=false hasRead=true)
[2026-08-03T02:53:06.156Z] LiveUpdateForge: EndTurn fallback flush
[2026-08-03T02:53:06.156Z] onEndTurn: naturalStop=false toolCalls=8 nudgeMsg=no
[2026-08-03T02:53:06.171Z] LiveUpdateForge: AfterToolExec flush
[2026-08-03T02:53:06.244Z] InitialReadForge.onBeforeSend: SKIP (fr=true syn=false hasRead=true)
[2026-08-03T02:53:48.649Z] LiveUpdateForge: EndTurn fallback flush
[2026-08-03T02:53:48.649Z] onEndTurn: naturalStop=false toolCalls=9 nudgeMsg=no
[2026-08-03T02:53:48.834Z] LiveUpdateForge: AfterToolExec flush
[2026-08-03T02:53:48.918Z] InitialReadForge.onBeforeSend: SKIP (fr=true syn=false hasRead=true)
[2026-08-03T02:54:41.678Z] LiveUpdateForge: EndTurn fallback flush
[2026-08-03T02:54:41.678Z] onEndTurn: naturalStop=false toolCalls=10 nudgeMsg=no
[2026-08-03T02:54:41.693Z] LiveUpdateForge: AfterToolExec flush
[2026-08-03T02:54:41.772Z] InitialReadForge.onBeforeSend: SKIP (fr=true syn=false hasRead=true)
[2026-08-03T02:55:45.844Z] LiveUpdateForge: EndTurn fallback flush
[2026-08-03T02:55:45.845Z] onEndTurn: naturalStop=false toolCalls=11 nudgeMsg=no
[2026-08-03T02:55:45.860Z] LiveUpdateForge: AfterToolExec flush
[2026-08-03T02:55:45.940Z] InitialReadForge.onBeforeSend: SKIP (fr=true syn=false hasRead=true)
[2026-08-03T02:56:28.982Z] LiveUpdateForge: EndTurn fallback flush
[2026-08-03T02:56:28.983Z] onEndTurn: naturalStop=false toolCalls=12 nudgeMsg=no
[2026-08-03T02:56:29.091Z] LiveUpdateForge: AfterToolExec flush
[2026-08-03T02:56:29.176Z] InitialReadForge.onBeforeSend: SKIP (fr=true syn=false hasRead=true)
[2026-08-03T02:58:46.514Z] LiveUpdateForge: EndTurn fallback flush
[2026-08-03T02:58:46.514Z] onEndTurn: naturalStop=false toolCalls=13 nudgeMsg=no
[2026-08-03T02:58:46.528Z] LiveUpdateForge: AfterToolExec flush
[2026-08-03T02:58:46.619Z] InitialReadForge.onBeforeSend: SKIP (fr=true syn=false hasRead=true)
[2026-08-03T02:59:53.231Z] LiveUpdateForge: EndTurn fallback flush
[2026-08-03T02:59:53.232Z] onEndTurn: naturalStop=false toolCalls=14 nudgeMsg=no
[2026-08-03T02:59:53.498Z] LiveUpdateForge: AfterToolExec flush
[2026-08-03T02:59:53.579Z] InitialReadForge.onBeforeSend: SKIP (fr=true syn=false hasRead=true)
[2026-08-03T03:00:14.144Z] LiveUpdateForge: EndTurn fallback flush
[2026-08-03T03:00:14.145Z] onEndTurn: naturalStop=false toolCalls=15 nudgeMsg=no
[2026-08-03T03:00:21.198Z] LiveUpdateForge: AfterToolExec flush
[2026-08-03T03:00:21.319Z] InitialReadForge.onBeforeSend: SKIP (fr=true syn=false hasRead=true)
[2026-08-03T03:00:39.018Z] LiveUpdateForge: EndTurn fallback flush
[2026-08-03T03:00:39.019Z] onEndTurn: naturalStop=true toolCalls=16 nudgeMsg=no
[2026-08-03T03:02:04.050Z] ResumeDiffForge: running checkResumeConsistency
[2026-08-03T03:02:04.052Z] checkResumeConsistency: forgedTimestamps=[["project","1970-01-01T00:00:00.000Z"]]
[2026-08-03T03:02:04.081Z] checkResumeConsistency: injecting 1 diff notification(s)
[2026-08-03T03:02:04.082Z] injectForgedHistory: role=user preview="[agent-auto] [memory-update 2026-08-03 10:44:16] project memory file has been mo"
[2026-08-03T03:02:04.171Z] injectForgedHistory: recordMessage persisted
[2026-08-03T03:02:04.172Z] LiveUpdateForge: session reset, allowLiveUpdate = false
[2026-08-03T03:02:04.173Z] NudgeForge: ResumeComplete — restoring count from history
[2026-08-03T03:02:04.175Z] restoreNudgeCountFromHistory: found last write at idx=3066 count=16
[2026-08-03T03:02:04.359Z] LiveUpdateForge: allowLiveUpdate = true (first real BeforeSend)
[2026-08-03T03:02:04.362Z] InitialReadForge.onBeforeSend: SKIP (fr=false syn=false hasRead=true)
[2026-08-03T03:03:33.711Z] LiveUpdateForge: EndTurn fallback flush
[2026-08-03T03:03:33.711Z] onEndTurn: naturalStop=false toolCalls=16 nudgeMsg=no
[2026-08-03T03:03:34.037Z] LiveUpdateForge: AfterToolExec flush
[2026-08-03T03:03:34.118Z] InitialReadForge.onBeforeSend: SKIP (fr=true syn=false hasRead=true)
[2026-08-03T03:04:07.766Z] LiveUpdateForge: EndTurn fallback flush
[2026-08-03T03:04:07.766Z] onEndTurn: naturalStop=false toolCalls=17 nudgeMsg=no
[2026-08-03T03:04:07.783Z] LiveUpdateForge: AfterToolExec flush
[2026-08-03T03:04:07.869Z] InitialReadForge.onBeforeSend: SKIP (fr=true syn=false hasRead=true)
[2026-08-03T03:04:35.727Z] LiveUpdateForge: EndTurn fallback flush
[2026-08-03T03:04:35.727Z] onEndTurn: naturalStop=false toolCalls=18 nudgeMsg=no
[2026-08-03T03:04:35.742Z] LiveUpdateForge: AfterToolExec flush
[2026-08-03T03:04:35.819Z] InitialReadForge.onBeforeSend: SKIP (fr=true syn=false hasRead=true)
[2026-08-03T03:04:54.376Z] LiveUpdateForge: EndTurn fallback flush
[2026-08-03T03:04:54.377Z] onEndTurn: naturalStop=false toolCalls=19 nudgeMsg=no
[2026-08-03T03:04:54.391Z] LiveUpdateForge: AfterToolExec flush
[2026-08-03T03:04:54.471Z] InitialReadForge.onBeforeSend: SKIP (fr=true syn=false hasRead=true)
[2026-08-03T03:05:17.049Z] LiveUpdateForge: EndTurn fallback flush
[2026-08-03T03:05:17.049Z] onEndTurn: naturalStop=false toolCalls=20 nudgeMsg=no
[2026-08-03T03:05:17.062Z] LiveUpdateForge: AfterToolExec flush
[2026-08-03T03:05:17.151Z] InitialReadForge.onBeforeSend: SKIP (fr=true syn=false hasRead=true)
[2026-08-03T03:06:26.685Z] LiveUpdateForge: EndTurn fallback flush
[2026-08-03T03:06:26.686Z] onEndTurn: naturalStop=false toolCalls=21 nudgeMsg=no
[2026-08-03T03:06:26.699Z] LiveUpdateForge: AfterToolExec flush
[2026-08-03T03:06:26.778Z] InitialReadForge.onBeforeSend: SKIP (fr=true syn=false hasRead=true)
[2026-08-03T03:06:59.791Z] LiveUpdateForge: EndTurn fallback flush
[2026-08-03T03:06:59.792Z] onEndTurn: naturalStop=false toolCalls=22 nudgeMsg=no
[2026-08-03T03:07:00.040Z] LiveUpdateForge: AfterToolExec flush
[2026-08-03T03:07:00.125Z] InitialReadForge.onBeforeSend: SKIP (fr=true syn=false hasRead=true)
[2026-08-03T03:07:56.417Z] LiveUpdateForge: EndTurn fallback flush
[2026-08-03T03:07:56.417Z] onEndTurn: naturalStop=false toolCalls=23 nudgeMsg=no
[2026-08-03T03:07:56.580Z] LiveUpdateForge: AfterToolExec flush
[2026-08-03T03:07:56.659Z] InitialReadForge.onBeforeSend: SKIP (fr=true syn=false hasRead=true)
[2026-08-03T03:09:17.056Z] LiveUpdateForge: EndTurn fallback flush
[2026-08-03T03:09:17.056Z] onEndTurn: naturalStop=false toolCalls=24 nudgeMsg=no
[2026-08-03T03:09:17.216Z] LiveUpdateForge: AfterToolExec flush
[2026-08-03T03:09:17.293Z] InitialReadForge.onBeforeSend: SKIP (fr=true syn=false hasRead=true)
[2026-08-03T03:10:22.486Z] LiveUpdateForge: EndTurn fallback flush
[2026-08-03T03:10:22.487Z] onEndTurn: naturalStop=false toolCalls=25 nudgeMsg=no
[2026-08-03T03:10:22.561Z] LiveUpdateForge: AfterToolExec flush
[2026-08-03T03:10:22.639Z] InitialReadForge.onBeforeSend: SKIP (fr=true syn=false hasRead=true)
[2026-08-03T03:10:48.954Z] LiveUpdateForge: EndTurn fallback flush
[2026-08-03T03:10:48.954Z] onEndTurn: naturalStop=false toolCalls=26 nudgeMsg=no
[2026-08-03T03:10:49.075Z] LiveUpdateForge: AfterToolExec flush
[2026-08-03T03:10:49.157Z] InitialReadForge.onBeforeSend: SKIP (fr=true syn=false hasRead=true)
[2026-08-03T03:11:02.373Z] LiveUpdateForge: EndTurn fallback flush
[2026-08-03T03:11:02.374Z] onEndTurn: naturalStop=false toolCalls=27 nudgeMsg=no
[2026-08-03T03:11:02.451Z] LiveUpdateForge: AfterToolExec flush
[2026-08-03T03:11:02.530Z] InitialReadForge.onBeforeSend: SKIP (fr=true syn=false hasRead=true)
[2026-08-03T03:11:09.398Z] LiveUpdateForge: EndTurn fallback flush
[2026-08-03T03:11:09.399Z] onEndTurn: naturalStop=false toolCalls=28 nudgeMsg=no
[2026-08-03T03:11:09.721Z] LiveUpdateForge: AfterToolExec flush
[2026-08-03T03:11:09.801Z] InitialReadForge.onBeforeSend: SKIP (fr=true syn=false hasRead=true)
[2026-08-03T03:11:37.792Z] LiveUpdateForge: EndTurn fallback flush
[2026-08-03T03:11:37.792Z] onEndTurn: naturalStop=false toolCalls=29 nudgeMsg=no
[2026-08-03T03:11:37.800Z] LiveUpdateForge: AfterToolExec flush
[2026-08-03T03:11:37.880Z] InitialReadForge.onBeforeSend: SKIP (fr=true syn=false hasRead=true)
[2026-08-03T03:11:53.950Z] LiveUpdateForge: EndTurn fallback flush
[2026-08-03T03:11:53.950Z] onEndTurn: naturalStop=false toolCalls=30 nudgeMsg=no
[2026-08-03T03:11:53.965Z] LiveUpdateForge: AfterToolExec flush
[2026-08-03T03:11:54.044Z] InitialReadForge.onBeforeSend: SKIP (fr=true syn=false hasRead=true)
[2026-08-03T03:12:15.693Z] LiveUpdateForge: EndTurn fallback flush
[2026-08-03T03:12:15.694Z] onEndTurn: naturalStop=false toolCalls=31 nudgeMsg=no
[2026-08-03T03:12:15.952Z] LiveUpdateForge: AfterToolExec flush
[2026-08-03T03:12:16.041Z] InitialReadForge.onBeforeSend: SKIP (fr=true syn=false hasRead=true)
[2026-08-03T03:12:31.463Z] LiveUpdateForge: EndTurn fallback flush
[2026-08-03T03:12:31.463Z] onEndTurn: naturalStop=false toolCalls=32 nudgeMsg=no
[2026-08-03T03:12:31.777Z] LiveUpdateForge: AfterToolExec flush
[2026-08-03T03:12:31.861Z] InitialReadForge.onBeforeSend: SKIP (fr=true syn=false hasRead=true)
[2026-08-03T03:12:52.572Z] LiveUpdateForge: EndTurn fallback flush
[2026-08-03T03:12:52.572Z] onEndTurn: naturalStop=false toolCalls=33 nudgeMsg=no
[2026-08-03T03:12:52.588Z] LiveUpdateForge: AfterToolExec flush
[2026-08-03T03:12:52.670Z] InitialReadForge.onBeforeSend: SKIP (fr=true syn=false hasRead=true)
[2026-08-03T03:13:52.098Z] LiveUpdateForge: EndTurn fallback flush
[2026-08-03T03:13:52.098Z] onEndTurn: naturalStop=false toolCalls=34 nudgeMsg=no
[2026-08-03T03:13:52.293Z] LiveUpdateForge: AfterToolExec flush
[2026-08-03T03:13:52.374Z] InitialReadForge.onBeforeSend: SKIP (fr=true syn=false hasRead=true)
[2026-08-03T03:14:49.686Z] LiveUpdateForge: EndTurn fallback flush
[2026-08-03T03:14:49.686Z] onEndTurn: naturalStop=false toolCalls=35 nudgeMsg=no
[2026-08-03T03:14:49.860Z] LiveUpdateForge: AfterToolExec flush
[2026-08-03T03:14:49.935Z] InitialReadForge.onBeforeSend: SKIP (fr=true syn=false hasRead=true)
[2026-08-03T03:15:44.941Z] LiveUpdateForge: EndTurn fallback flush
[2026-08-03T03:15:44.956Z] onEndTurn: naturalStop=false toolCalls=36 nudgeMsg=no
[2026-08-03T03:15:46.520Z] LiveUpdateForge: AfterToolExec flush
[2026-08-03T03:15:46.640Z] InitialReadForge.onBeforeSend: SKIP (fr=true syn=false hasRead=true)
[2026-08-03T03:16:16.057Z] LiveUpdateForge: EndTurn fallback flush
[2026-08-03T03:16:16.058Z] onEndTurn: naturalStop=false toolCalls=37 nudgeMsg=no
[2026-08-03T03:16:16.091Z] LiveUpdateForge: AfterToolExec flush
[2026-08-03T03:16:16.171Z] InitialReadForge.onBeforeSend: SKIP (fr=true syn=false hasRead=true)
[2026-08-03T03:16:44.903Z] LiveUpdateForge: EndTurn fallback flush
[2026-08-03T03:16:44.904Z] onEndTurn: naturalStop=false toolCalls=38 nudgeMsg=no
[2026-08-03T03:16:45.157Z] LiveUpdateForge: AfterToolExec flush
[2026-08-03T03:16:45.237Z] InitialReadForge.onBeforeSend: SKIP (fr=true syn=false hasRead=true)
[2026-08-03T03:17:02.827Z] LiveUpdateForge: EndTurn fallback flush
[2026-08-03T03:17:02.828Z] onEndTurn: naturalStop=false toolCalls=39 nudgeMsg=no
[2026-08-03T03:17:11.527Z] LiveUpdateForge: AfterToolExec flush
[2026-08-03T03:17:11.616Z] InitialReadForge.onBeforeSend: SKIP (fr=true syn=false hasRead=true)
[2026-08-03T03:17:21.874Z] LiveUpdateForge: EndTurn fallback flush
[2026-08-03T03:17:21.875Z] onEndTurn: naturalStop=true toolCalls=40 nudgeMsg=no
[2026-08-03T03:18:33.097Z] ResumeDiffForge: running checkResumeConsistency
[2026-08-03T03:18:33.098Z] checkResumeConsistency: forgedTimestamps=[["project","1970-01-01T00:00:00.000Z"]]
[2026-08-03T03:18:33.124Z] checkResumeConsistency: injecting 1 diff notification(s)
[2026-08-03T03:18:33.125Z] injectForgedHistory: role=user preview="[agent-auto] [memory-update 2026-08-03 10:44:16] project memory file has been mo"
[2026-08-03T03:18:33.198Z] injectForgedHistory: recordMessage persisted
[2026-08-03T03:18:33.199Z] LiveUpdateForge: session reset, allowLiveUpdate = false
[2026-08-03T03:18:33.199Z] NudgeForge: ResumeComplete — restoring count from history
[2026-08-03T03:18:33.201Z] restoreNudgeCountFromHistory: found last write at idx=3066 count=40
[2026-08-03T03:18:33.340Z] LiveUpdateForge: allowLiveUpdate = true (first real BeforeSend)
[2026-08-03T03:18:33.341Z] InitialReadForge.onBeforeSend: SKIP (fr=false syn=false hasRead=true)
[2026-08-03T03:18:42.246Z] LiveUpdateForge: EndTurn fallback flush
[2026-08-03T03:18:42.247Z] onEndTurn: naturalStop=false toolCalls=40 nudgeMsg=no
[2026-08-03T03:18:42.569Z] LiveUpdateForge: AfterToolExec flush
[2026-08-03T03:18:42.641Z] InitialReadForge.onBeforeSend: SKIP (fr=true syn=false hasRead=true)
[2026-08-03T03:18:52.293Z] LiveUpdateForge: EndTurn fallback flush
[2026-08-03T03:18:52.293Z] onEndTurn: naturalStop=false toolCalls=41 nudgeMsg=no
[2026-08-03T03:18:52.307Z] LiveUpdateForge: AfterToolExec flush
[2026-08-03T03:18:52.386Z] InitialReadForge.onBeforeSend: SKIP (fr=true syn=false hasRead=true)
[2026-08-03T03:19:00.019Z] LiveUpdateForge: EndTurn fallback flush
[2026-08-03T03:19:00.020Z] onEndTurn: naturalStop=false toolCalls=42 nudgeMsg=no
[2026-08-03T03:19:00.185Z] LiveUpdateForge: AfterToolExec flush
[2026-08-03T03:19:00.263Z] InitialReadForge.onBeforeSend: SKIP (fr=true syn=false hasRead=true)
[2026-08-03T03:19:07.580Z] LiveUpdateForge: EndTurn fallback flush
[2026-08-03T03:19:07.580Z] onEndTurn: naturalStop=false toolCalls=43 nudgeMsg=no
[2026-08-03T03:19:07.594Z] LiveUpdateForge: AfterToolExec flush
[2026-08-03T03:19:07.669Z] InitialReadForge.onBeforeSend: SKIP (fr=true syn=false hasRead=true)
[2026-08-03T03:19:16.483Z] LiveUpdateForge: EndTurn fallback flush
[2026-08-03T03:19:16.483Z] onEndTurn: naturalStop=false toolCalls=44 nudgeMsg=no
[2026-08-03T03:19:16.496Z] LiveUpdateForge: AfterToolExec flush
[2026-08-03T03:19:16.573Z] InitialReadForge.onBeforeSend: SKIP (fr=true syn=false hasRead=true)
[2026-08-03T03:19:22.277Z] LiveUpdateForge: EndTurn fallback flush
[2026-08-03T03:19:22.277Z] onEndTurn: naturalStop=false toolCalls=45 nudgeMsg=no
[2026-08-03T03:19:22.293Z] LiveUpdateForge: AfterToolExec flush
[2026-08-03T03:19:22.372Z] InitialReadForge.onBeforeSend: SKIP (fr=true syn=false hasRead=true)
[2026-08-03T03:19:28.228Z] LiveUpdateForge: EndTurn fallback flush
[2026-08-03T03:19:28.228Z] onEndTurn: naturalStop=false toolCalls=46 nudgeMsg=no
[2026-08-03T03:19:28.241Z] LiveUpdateForge: AfterToolExec flush
[2026-08-03T03:19:28.320Z] InitialReadForge.onBeforeSend: SKIP (fr=true syn=false hasRead=true)
[2026-08-03T03:19:36.029Z] LiveUpdateForge: EndTurn fallback flush
[2026-08-03T03:19:36.030Z] onEndTurn: naturalStop=false toolCalls=47 nudgeMsg=no
[2026-08-03T03:19:36.191Z] LiveUpdateForge: AfterToolExec flush
[2026-08-03T03:19:36.267Z] InitialReadForge.onBeforeSend: SKIP (fr=true syn=false hasRead=true)
[2026-08-03T03:20:32.629Z] LiveUpdateForge: EndTurn fallback flush
[2026-08-03T03:20:32.629Z] onEndTurn: naturalStop=false toolCalls=48 nudgeMsg=no
[2026-08-03T03:20:32.930Z] LiveUpdateForge: AfterToolExec flush
[2026-08-03T03:20:33.011Z] InitialReadForge.onBeforeSend: SKIP (fr=true syn=false hasRead=true)
[2026-08-03T03:21:26.364Z] LiveUpdateForge: EndTurn fallback flush
[2026-08-03T03:21:26.364Z] onEndTurn: naturalStop=false toolCalls=49 nudgeMsg=no
[2026-08-03T03:21:26.544Z] LiveUpdateForge: AfterToolExec flush
[2026-08-03T03:21:26.639Z] InitialReadForge.onBeforeSend: SKIP (fr=true syn=false hasRead=true)
[2026-08-03T03:21:45.568Z] LiveUpdateForge: EndTurn fallback flush
[2026-08-03T03:21:45.568Z] onEndTurn: naturalStop=false toolCalls=50 nudgeMsg=no
[2026-08-03T03:21:52.254Z] LiveUpdateForge: AfterToolExec flush
[2026-08-03T03:21:52.346Z] InitialReadForge.onBeforeSend: SKIP (fr=true syn=false hasRead=true)
[2026-08-03T03:22:33.029Z] LiveUpdateForge: EndTurn fallback flush
[2026-08-03T03:22:33.029Z] onEndTurn: naturalStop=true toolCalls=0 nudgeMsg=YES
[2026-08-03T03:22:33.041Z] InitialReadForge.onBeforeSend: SKIP (fr=false syn=false hasRead=true)
[2026-08-03T03:23:31.497Z] LiveUpdateForge: EndTurn fallback flush
[2026-08-03T03:23:31.498Z] onEndTurn: naturalStop=false toolCalls=0 nudgeMsg=no
[2026-08-03T03:23:31.552Z] LiveUpdateForge: self-write on D:\unity\demo\CODELY.md, baseline aligned
[2026-08-03T03:23:31.554Z] LiveUpdateForge: AfterToolExec flush
[2026-08-03T03:23:31.687Z] InitialReadForge.onBeforeSend: SKIP (fr=true syn=false hasRead=true)
[2026-08-03T03:23:32.297Z] LiveUpdateForge: pending external change on D:\unity\demo\CODELY.md
[2026-08-03T03:24:04.384Z] LiveUpdateForge: EndTurn fallback flush
[2026-08-03T03:24:04.385Z] onEndTurn: naturalStop=true toolCalls=0 nudgeMsg=no
[2026-08-03T03:24:32.107Z] ResumeDiffForge: running checkResumeConsistency
[2026-08-03T03:24:32.108Z] checkResumeConsistency: forgedTimestamps=[["project","1970-01-01T00:00:00.000Z"]]
[2026-08-03T03:24:32.140Z] checkResumeConsistency: injecting 1 diff notification(s)
[2026-08-03T03:24:32.140Z] injectForgedHistory: role=user preview="[agent-auto] [memory-update 2026-08-03 11:23:31] project memory file has been mo"
[2026-08-03T03:24:32.224Z] injectForgedHistory: recordMessage persisted
[2026-08-03T03:24:32.225Z] LiveUpdateForge: session reset, allowLiveUpdate = false
[2026-08-03T03:24:32.225Z] NudgeForge: ResumeComplete — restoring count from history
[2026-08-03T03:24:32.226Z] restoreNudgeCountFromHistory: found last write at idx=3181 count=0
[2026-08-03T03:24:32.408Z] LiveUpdateForge: allowLiveUpdate = true (first real BeforeSend)
[2026-08-03T03:24:32.412Z] InitialReadForge.onBeforeSend: SKIP (fr=false syn=false hasRead=true)
[2026-08-03T03:24:52.852Z] LiveUpdateForge: EndTurn fallback flush
[2026-08-03T03:24:52.853Z] onEndTurn: naturalStop=false toolCalls=0 nudgeMsg=no
[2026-08-03T03:24:53.217Z] LiveUpdateForge: AfterToolExec flush
[2026-08-03T03:24:53.312Z] InitialReadForge.onBeforeSend: SKIP (fr=true syn=false hasRead=true)
[2026-08-03T03:25:04.907Z] LiveUpdateForge: EndTurn fallback flush
[2026-08-03T03:25:04.908Z] onEndTurn: naturalStop=false toolCalls=1 nudgeMsg=no
[2026-08-03T03:25:05.278Z] LiveUpdateForge: AfterToolExec flush
[2026-08-03T03:25:05.380Z] InitialReadForge.onBeforeSend: SKIP (fr=true syn=false hasRead=true)
[2026-08-03T03:25:19.515Z] LiveUpdateForge: EndTurn fallback flush
[2026-08-03T03:25:19.516Z] onEndTurn: naturalStop=false toolCalls=2 nudgeMsg=no
[2026-08-03T03:25:19.526Z] LiveUpdateForge: AfterToolExec flush
[2026-08-03T03:25:19.636Z] InitialReadForge.onBeforeSend: SKIP (fr=true syn=false hasRead=true)
[2026-08-03T03:25:40.141Z] LiveUpdateForge: EndTurn fallback flush
[2026-08-03T03:25:40.141Z] onEndTurn: naturalStop=false toolCalls=3 nudgeMsg=no
[2026-08-03T03:25:40.161Z] LiveUpdateForge: AfterToolExec flush
[2026-08-03T03:25:40.258Z] InitialReadForge.onBeforeSend: SKIP (fr=true syn=false hasRead=true)
[2026-08-03T03:25:57.208Z] LiveUpdateForge: EndTurn fallback flush
[2026-08-03T03:25:57.237Z] onEndTurn: naturalStop=false toolCalls=4 nudgeMsg=no
[2026-08-03T03:25:57.252Z] LiveUpdateForge: AfterToolExec flush
[2026-08-03T03:25:57.356Z] InitialReadForge.onBeforeSend: SKIP (fr=true syn=false hasRead=true)
[2026-08-03T03:26:11.132Z] LiveUpdateForge: EndTurn fallback flush
[2026-08-03T03:26:11.133Z] onEndTurn: naturalStop=false toolCalls=5 nudgeMsg=no
[2026-08-03T03:26:11.480Z] LiveUpdateForge: AfterToolExec flush
[2026-08-03T03:26:11.587Z] InitialReadForge.onBeforeSend: SKIP (fr=true syn=false hasRead=true)
[2026-08-03T03:26:34.306Z] LiveUpdateForge: EndTurn fallback flush
[2026-08-03T03:26:34.307Z] onEndTurn: naturalStop=false toolCalls=6 nudgeMsg=no
[2026-08-03T03:26:34.320Z] LiveUpdateForge: AfterToolExec flush
[2026-08-03T03:26:34.420Z] InitialReadForge.onBeforeSend: SKIP (fr=true syn=false hasRead=true)
[2026-08-03T03:26:46.593Z] LiveUpdateForge: EndTurn fallback flush
[2026-08-03T03:26:46.594Z] onEndTurn: naturalStop=false toolCalls=7 nudgeMsg=no
[2026-08-03T03:26:46.611Z] LiveUpdateForge: AfterToolExec flush
[2026-08-03T03:26:46.714Z] InitialReadForge.onBeforeSend: SKIP (fr=true syn=false hasRead=true)
[2026-08-03T03:26:53.793Z] LiveUpdateForge: EndTurn fallback flush
[2026-08-03T03:26:53.794Z] onEndTurn: naturalStop=false toolCalls=8 nudgeMsg=no
[2026-08-03T03:26:53.811Z] LiveUpdateForge: AfterToolExec flush
[2026-08-03T03:26:53.914Z] InitialReadForge.onBeforeSend: SKIP (fr=true syn=false hasRead=true)
[2026-08-03T03:27:00.519Z] LiveUpdateForge: EndTurn fallback flush
[2026-08-03T03:27:00.520Z] onEndTurn: naturalStop=false toolCalls=9 nudgeMsg=no
[2026-08-03T03:27:00.536Z] LiveUpdateForge: AfterToolExec flush
[2026-08-03T03:27:00.630Z] InitialReadForge.onBeforeSend: SKIP (fr=true syn=false hasRead=true)
[2026-08-03T03:27:08.179Z] LiveUpdateForge: EndTurn fallback flush
[2026-08-03T03:27:08.180Z] onEndTurn: naturalStop=false toolCalls=10 nudgeMsg=no
[2026-08-03T03:27:08.199Z] LiveUpdateForge: AfterToolExec flush
[2026-08-03T03:27:08.300Z] InitialReadForge.onBeforeSend: SKIP (fr=true syn=false hasRead=true)
[2026-08-03T03:27:23.170Z] LiveUpdateForge: EndTurn fallback flush
[2026-08-03T03:27:23.171Z] onEndTurn: naturalStop=false toolCalls=11 nudgeMsg=no
[2026-08-03T03:27:23.526Z] LiveUpdateForge: AfterToolExec flush
[2026-08-03T03:27:23.623Z] InitialReadForge.onBeforeSend: SKIP (fr=true syn=false hasRead=true)
[2026-08-03T03:27:41.615Z] LiveUpdateForge: EndTurn fallback flush
[2026-08-03T03:27:41.616Z] onEndTurn: naturalStop=false toolCalls=12 nudgeMsg=no
[2026-08-03T03:27:41.835Z] LiveUpdateForge: AfterToolExec flush
[2026-08-03T03:27:41.959Z] InitialReadForge.onBeforeSend: SKIP (fr=true syn=false hasRead=true)
[2026-08-03T03:27:59.836Z] LiveUpdateForge: EndTurn fallback flush
[2026-08-03T03:27:59.837Z] onEndTurn: naturalStop=false toolCalls=13 nudgeMsg=no
[2026-08-03T03:27:59.857Z] LiveUpdateForge: AfterToolExec flush
[2026-08-03T03:27:59.956Z] InitialReadForge.onBeforeSend: SKIP (fr=true syn=false hasRead=true)
[2026-08-03T03:28:06.340Z] LiveUpdateForge: EndTurn fallback flush
[2026-08-03T03:28:06.341Z] onEndTurn: naturalStop=false toolCalls=14 nudgeMsg=no
[2026-08-03T03:28:06.437Z] LiveUpdateForge: AfterToolExec flush
[2026-08-03T03:28:06.557Z] InitialReadForge.onBeforeSend: SKIP (fr=true syn=false hasRead=true)
[2026-08-03T03:28:22.901Z] LiveUpdateForge: EndTurn fallback flush
[2026-08-03T03:28:22.902Z] onEndTurn: naturalStop=false toolCalls=15 nudgeMsg=no
[2026-08-03T03:28:22.924Z] LiveUpdateForge: AfterToolExec flush
[2026-08-03T03:28:23.047Z] InitialReadForge.onBeforeSend: SKIP (fr=true syn=false hasRead=true)
[2026-08-03T03:29:20.404Z] LiveUpdateForge: EndTurn fallback flush
[2026-08-03T03:29:20.405Z] onEndTurn: naturalStop=false toolCalls=16 nudgeMsg=no
[2026-08-03T03:29:21.362Z] LiveUpdateForge: AfterToolExec flush
[2026-08-03T03:29:21.447Z] InitialReadForge.onBeforeSend: SKIP (fr=true syn=false hasRead=true)
[2026-08-03T03:30:50.285Z] LiveUpdateForge: EndTurn fallback flush
[2026-08-03T03:30:50.285Z] onEndTurn: naturalStop=false toolCalls=17 nudgeMsg=no
[2026-08-03T03:30:59.290Z] LiveUpdateForge: AfterToolExec flush
[2026-08-03T03:30:59.386Z] InitialReadForge.onBeforeSend: SKIP (fr=true syn=false hasRead=true)
[2026-08-03T03:32:01.284Z] LiveUpdateForge: EndTurn fallback flush
[2026-08-03T03:32:01.285Z] onEndTurn: naturalStop=true toolCalls=18 nudgeMsg=no
[2026-08-03T03:42:02.801Z] MemoryForge: attached 5 listener(s)
[2026-08-03T03:42:02.802Z] InitialReadForge: armed one-shot BeforeSend after NewSessionStart
[2026-08-03T03:42:02.802Z] LiveUpdateForge: session reset, allowLiveUpdate = false
[2026-08-03T03:54:49.044Z] LiveUpdateForge: session reset, allowLiveUpdate = false
[2026-08-03T03:54:56.362Z] ResumeDiffForge: running checkResumeConsistency
[2026-08-03T03:54:56.542Z] checkResumeConsistency: forgedTimestamps=[["project","1970-01-01T00:00:00.000Z"]]
[2026-08-03T03:55:05.624Z] checkResumeConsistency: injecting 1 diff notification(s)
[2026-08-03T03:55:05.955Z] injectForgedHistory: role=user preview="[agent-auto] [memory-update 2026-08-03 11:23:31] project memory file has been mo"
[2026-08-03T03:55:06.142Z] injectForgedHistory: recordMessage persisted
[2026-08-03T03:55:06.231Z] LiveUpdateForge: session reset, allowLiveUpdate = false
[2026-08-03T03:55:06.389Z] NudgeForge: ResumeComplete — restoring count from history
[2026-08-03T03:55:06.392Z] restoreNudgeCountFromHistory: found last write at idx=3181 count=18
[2026-08-03T03:55:51.431Z] ResumeDiffForge: running checkResumeConsistency
[2026-08-03T03:55:51.433Z] checkResumeConsistency: forgedTimestamps=[["project","1970-01-01T00:00:00.000Z"]]
[2026-08-03T03:55:51.545Z] checkResumeConsistency: injecting 1 diff notification(s)
[2026-08-03T03:55:51.546Z] injectForgedHistory: role=user preview="[agent-auto] [memory-update 2026-08-03 11:23:31] project memory file has been mo"
[2026-08-03T03:55:51.638Z] injectForgedHistory: recordMessage persisted
[2026-08-03T03:55:51.638Z] LiveUpdateForge: session reset, allowLiveUpdate = false
[2026-08-03T03:55:51.639Z] NudgeForge: ResumeComplete — restoring count from history
[2026-08-03T03:55:51.641Z] restoreNudgeCountFromHistory: found last write at idx=3181 count=18
[2026-08-03T03:56:13.156Z] ResumeDiffForge: running checkResumeConsistency
[2026-08-03T03:56:13.158Z] checkResumeConsistency: forgedTimestamps=[["project","1970-01-01T00:00:00.000Z"]]
[2026-08-03T03:56:13.206Z] checkResumeConsistency: injecting 1 diff notification(s)
[2026-08-03T03:56:13.206Z] injectForgedHistory: role=user preview="[agent-auto] [memory-update 2026-08-03 11:23:31] project memory file has been mo"
[2026-08-03T03:56:13.284Z] injectForgedHistory: recordMessage persisted
[2026-08-03T03:56:13.284Z] LiveUpdateForge: session reset, allowLiveUpdate = false
[2026-08-03T03:56:13.285Z] NudgeForge: ResumeComplete — restoring count from history
[2026-08-03T03:56:13.286Z] restoreNudgeCountFromHistory: found last write at idx=3181 count=18
[2026-08-03T03:56:35.724Z] MemoryForge: attached 5 listener(s)
[2026-08-03T03:56:35.725Z] InitialReadForge: armed one-shot BeforeSend after NewSessionStart
[2026-08-03T03:56:35.725Z] LiveUpdateForge: session reset, allowLiveUpdate = false
[2026-08-03T03:56:35.778Z] MemoryForge: detached all listeners
[2026-08-03T03:56:35.910Z] ResumeDiffForge: running checkResumeConsistency
[2026-08-03T03:56:36.288Z] checkResumeConsistency: forgedTimestamps=[["project","1970-01-01T00:00:00.000Z"]]
[2026-08-03T03:56:37.523Z] checkResumeConsistency: injecting 1 diff notification(s)
[2026-08-03T03:56:37.579Z] injectForgedHistory: role=user preview="[agent-auto] [memory-update 2026-08-03 11:23:31] project memory file has been mo"
[2026-08-03T03:56:37.834Z] injectForgedHistory: recordMessage persisted
[2026-08-03T03:56:37.909Z] LiveUpdateForge: session reset, allowLiveUpdate = false
[2026-08-03T03:56:37.936Z] NudgeForge: ResumeComplete — restoring count from history
[2026-08-03T03:56:37.937Z] restoreNudgeCountFromHistory: found last write at idx=3181 count=18
[2026-08-03T03:56:38.767Z] LiveUpdateForge: allowLiveUpdate = true (first real BeforeSend)
[2026-08-03T03:56:38.927Z] InitialReadForge.onBeforeSend: SKIP (fr=false syn=false hasRead=true)
[2026-08-03T03:59:19.943Z] LiveUpdateForge: EndTurn fallback flush
[2026-08-03T03:59:19.943Z] onEndTurn: naturalStop=false toolCalls=18 nudgeMsg=no
[2026-08-03T03:59:22.461Z] LiveUpdateForge: AfterToolExec flush
[2026-08-03T03:59:22.549Z] InitialReadForge.onBeforeSend: SKIP (fr=true syn=false hasRead=true)
[2026-08-03T04:02:02.409Z] LiveUpdateForge: EndTurn fallback flush
[2026-08-03T04:02:02.409Z] onEndTurn: naturalStop=false toolCalls=19 nudgeMsg=no
[2026-08-03T04:02:02.516Z] LiveUpdateForge: AfterToolExec flush
[2026-08-03T04:02:02.597Z] InitialReadForge.onBeforeSend: SKIP (fr=true syn=false hasRead=true)
[2026-08-03T04:03:04.834Z] LiveUpdateForge: EndTurn fallback flush
[2026-08-03T04:03:04.835Z] onEndTurn: naturalStop=false toolCalls=20 nudgeMsg=no
[2026-08-03T04:03:08.923Z] LiveUpdateForge: AfterToolExec flush
[2026-08-03T04:03:09.000Z] InitialReadForge.onBeforeSend: SKIP (fr=true syn=false hasRead=true)
[2026-08-03T04:03:31.476Z] LiveUpdateForge: EndTurn fallback flush
[2026-08-03T04:03:31.476Z] onEndTurn: naturalStop=false toolCalls=21 nudgeMsg=no
[2026-08-03T04:03:31.790Z] LiveUpdateForge: AfterToolExec flush
[2026-08-03T04:03:31.885Z] InitialReadForge.onBeforeSend: SKIP (fr=true syn=false hasRead=true)
[2026-08-03T04:04:01.788Z] LiveUpdateForge: EndTurn fallback flush
[2026-08-03T04:04:01.789Z] onEndTurn: naturalStop=false toolCalls=22 nudgeMsg=no
[2026-08-03T04:04:01.894Z] LiveUpdateForge: AfterToolExec flush
[2026-08-03T04:04:01.968Z] InitialReadForge.onBeforeSend: SKIP (fr=true syn=false hasRead=true)
[2026-08-03T04:04:21.039Z] LiveUpdateForge: EndTurn fallback flush
[2026-08-03T04:04:21.039Z] onEndTurn: naturalStop=false toolCalls=23 nudgeMsg=no
[2026-08-03T04:04:21.171Z] LiveUpdateForge: AfterToolExec flush
[2026-08-03T04:04:21.249Z] InitialReadForge.onBeforeSend: SKIP (fr=true syn=false hasRead=true)
[2026-08-03T04:04:41.498Z] LiveUpdateForge: EndTurn fallback flush
[2026-08-03T04:04:41.499Z] onEndTurn: naturalStop=false toolCalls=24 nudgeMsg=no
[2026-08-03T04:04:41.511Z] LiveUpdateForge: AfterToolExec flush
[2026-08-03T04:04:41.682Z] InitialReadForge.onBeforeSend: SKIP (fr=true syn=false hasRead=true)
[2026-08-03T04:05:04.482Z] LiveUpdateForge: EndTurn fallback flush
[2026-08-03T04:05:04.483Z] onEndTurn: naturalStop=false toolCalls=25 nudgeMsg=no
[2026-08-03T04:05:04.581Z] LiveUpdateForge: AfterToolExec flush
[2026-08-03T04:05:04.677Z] InitialReadForge.onBeforeSend: SKIP (fr=true syn=false hasRead=true)
[2026-08-03T04:05:19.807Z] LiveUpdateForge: EndTurn fallback flush
[2026-08-03T04:05:19.807Z] onEndTurn: naturalStop=false toolCalls=26 nudgeMsg=no
[2026-08-03T04:05:19.819Z] LiveUpdateForge: AfterToolExec flush
[2026-08-03T04:05:19.892Z] InitialReadForge.onBeforeSend: SKIP (fr=true syn=false hasRead=true)
[2026-08-03T04:05:47.652Z] LiveUpdateForge: EndTurn fallback flush
[2026-08-03T04:05:47.653Z] onEndTurn: naturalStop=false toolCalls=27 nudgeMsg=no
[2026-08-03T04:05:47.667Z] LiveUpdateForge: AfterToolExec flush
[2026-08-03T04:05:47.749Z] InitialReadForge.onBeforeSend: SKIP (fr=true syn=false hasRead=true)
[2026-08-03T04:06:10.697Z] LiveUpdateForge: EndTurn fallback flush
[2026-08-03T04:06:10.698Z] onEndTurn: naturalStop=false toolCalls=28 nudgeMsg=no
[2026-08-03T04:06:10.844Z] LiveUpdateForge: AfterToolExec flush
[2026-08-03T04:06:10.962Z] InitialReadForge.onBeforeSend: SKIP (fr=true syn=false hasRead=true)
[2026-08-03T04:06:29.798Z] LiveUpdateForge: EndTurn fallback flush
[2026-08-03T04:06:29.799Z] onEndTurn: naturalStop=false toolCalls=29 nudgeMsg=no
[2026-08-03T04:07:23.810Z] LiveUpdateForge: AfterToolExec flush
[2026-08-03T04:07:23.891Z] InitialReadForge.onBeforeSend: SKIP (fr=true syn=false hasRead=true)
[2026-08-03T04:09:44.583Z] LiveUpdateForge: EndTurn fallback flush
[2026-08-03T04:09:44.584Z] onEndTurn: naturalStop=true toolCalls=30 nudgeMsg=no
[2026-08-03T04:09:47.124Z] MemoryForge: attached 5 listener(s)
[2026-08-03T04:09:47.125Z] InitialReadForge: armed one-shot BeforeSend after NewSessionStart
[2026-08-03T04:09:47.125Z] LiveUpdateForge: session reset, allowLiveUpdate = false
[2026-08-03T04:11:47.402Z] ResumeDiffForge: running checkResumeConsistency
[2026-08-03T04:11:47.404Z] checkResumeConsistency: forgedTimestamps=[["project","1970-01-01T00:00:00.000Z"]]
[2026-08-03T04:11:47.441Z] checkResumeConsistency: injecting 1 diff notification(s)
[2026-08-03T04:11:47.442Z] injectForgedHistory: role=user preview="[agent-auto] [memory-update 2026-08-03 11:23:31] project memory file has been mo"
[2026-08-03T04:11:47.513Z] injectForgedHistory: recordMessage persisted
[2026-08-03T04:11:47.513Z] LiveUpdateForge: session reset, allowLiveUpdate = false
[2026-08-03T04:11:47.514Z] NudgeForge: ResumeComplete — restoring count from history
[2026-08-03T04:11:47.515Z] restoreNudgeCountFromHistory: found last write at idx=3181 count=30
[2026-08-03T04:11:47.669Z] LiveUpdateForge: allowLiveUpdate = true (first real BeforeSend)
[2026-08-03T04:11:47.671Z] InitialReadForge.onBeforeSend: SKIP (fr=false syn=false hasRead=true)
[2026-08-03T04:17:08.504Z] ResumeDiffForge: running checkResumeConsistency
[2026-08-03T04:17:08.507Z] checkResumeConsistency: forgedTimestamps=[["project","1970-01-01T00:00:00.000Z"]]
[2026-08-03T04:17:08.661Z] checkResumeConsistency: injecting 1 diff notification(s)
[2026-08-03T04:17:08.731Z] injectForgedHistory: role=user preview="[agent-auto] [memory-update 2026-08-03 11:23:31] project memory file has been mo"
[2026-08-03T04:17:08.949Z] injectForgedHistory: recordMessage persisted
[2026-08-03T04:17:08.950Z] LiveUpdateForge: session reset, allowLiveUpdate = false
[2026-08-03T04:17:08.951Z] NudgeForge: ResumeComplete — restoring count from history
[2026-08-03T04:17:08.953Z] restoreNudgeCountFromHistory: found last write at idx=3181 count=30
[2026-08-03T04:17:09.109Z] LiveUpdateForge: allowLiveUpdate = true (first real BeforeSend)
[2026-08-03T04:17:09.113Z] InitialReadForge.onBeforeSend: SKIP (fr=false syn=false hasRead=true)
[2026-08-03T04:17:36.175Z] LiveUpdateForge: EndTurn fallback flush
[2026-08-03T04:17:36.175Z] onEndTurn: naturalStop=false toolCalls=30 nudgeMsg=no
[2026-08-03T04:18:40.848Z] LiveUpdateForge: AfterToolExec flush
[2026-08-03T04:18:40.964Z] InitialReadForge.onBeforeSend: SKIP (fr=true syn=false hasRead=true)
[2026-08-03T04:18:54.506Z] LiveUpdateForge: EndTurn fallback flush
[2026-08-03T04:18:54.506Z] onEndTurn: naturalStop=false toolCalls=31 nudgeMsg=no
[2026-08-03T04:20:21.573Z] LiveUpdateForge: AfterToolExec flush
[2026-08-03T04:20:21.677Z] InitialReadForge.onBeforeSend: SKIP (fr=true syn=false hasRead=true)
[2026-08-03T04:20:34.716Z] LiveUpdateForge: EndTurn fallback flush
[2026-08-03T04:20:34.717Z] onEndTurn: naturalStop=false toolCalls=32 nudgeMsg=no
[2026-08-03T04:20:35.094Z] LiveUpdateForge: AfterToolExec flush
[2026-08-03T04:20:35.214Z] InitialReadForge.onBeforeSend: SKIP (fr=true syn=false hasRead=true)
[2026-08-03T04:20:42.708Z] LiveUpdateForge: EndTurn fallback flush
[2026-08-03T04:20:42.709Z] onEndTurn: naturalStop=false toolCalls=33 nudgeMsg=no
[2026-08-03T04:20:42.732Z] LiveUpdateForge: AfterToolExec flush
[2026-08-03T04:20:42.872Z] InitialReadForge.onBeforeSend: SKIP (fr=true syn=false hasRead=true)
[2026-08-03T04:20:58.684Z] LiveUpdateForge: EndTurn fallback flush
[2026-08-03T04:20:58.685Z] onEndTurn: naturalStop=false toolCalls=34 nudgeMsg=no
[2026-08-03T04:20:58.695Z] LiveUpdateForge: AfterToolExec flush
[2026-08-03T04:20:58.814Z] InitialReadForge.onBeforeSend: SKIP (fr=true syn=false hasRead=true)
[2026-08-03T04:21:15.605Z] LiveUpdateForge: EndTurn fallback flush
[2026-08-03T04:21:15.605Z] onEndTurn: naturalStop=false toolCalls=35 nudgeMsg=no
[2026-08-03T04:21:20.632Z] LiveUpdateForge: AfterToolExec flush
[2026-08-03T04:21:20.726Z] InitialReadForge.onBeforeSend: SKIP (fr=true syn=false hasRead=true)
[2026-08-03T04:21:28.172Z] LiveUpdateForge: EndTurn fallback flush
[2026-08-03T04:21:28.173Z] onEndTurn: naturalStop=true toolCalls=36 nudgeMsg=no
[2026-08-03T04:21:48.160Z] ResumeDiffForge: running checkResumeConsistency
[2026-08-03T04:21:48.161Z] checkResumeConsistency: forgedTimestamps=[["project","1970-01-01T00:00:00.000Z"]]
[2026-08-03T04:21:48.183Z] checkResumeConsistency: injecting 1 diff notification(s)
[2026-08-03T04:21:48.183Z] injectForgedHistory: role=user preview="[agent-auto] [memory-update 2026-08-03 11:23:31] project memory file has been mo"
[2026-08-03T04:21:48.270Z] injectForgedHistory: recordMessage persisted
[2026-08-03T04:21:48.271Z] LiveUpdateForge: session reset, allowLiveUpdate = false
[2026-08-03T04:21:48.271Z] NudgeForge: ResumeComplete — restoring count from history
[2026-08-03T04:21:48.273Z] restoreNudgeCountFromHistory: found last write at idx=3181 count=36
[2026-08-03T04:21:48.451Z] LiveUpdateForge: allowLiveUpdate = true (first real BeforeSend)
[2026-08-03T04:21:48.454Z] InitialReadForge.onBeforeSend: SKIP (fr=false syn=false hasRead=true)
[2026-08-03T04:21:56.681Z] LiveUpdateForge: EndTurn fallback flush
[2026-08-03T04:21:56.681Z] onEndTurn: naturalStop=false toolCalls=36 nudgeMsg=no
[2026-08-03T04:21:57.064Z] LiveUpdateForge: AfterToolExec flush
[2026-08-03T04:21:57.165Z] InitialReadForge.onBeforeSend: SKIP (fr=true syn=false hasRead=true)
[2026-08-03T04:22:03.899Z] LiveUpdateForge: EndTurn fallback flush
[2026-08-03T04:22:03.900Z] onEndTurn: naturalStop=false toolCalls=37 nudgeMsg=no
[2026-08-03T04:22:03.910Z] LiveUpdateForge: AfterToolExec flush
[2026-08-03T04:22:04.015Z] InitialReadForge.onBeforeSend: SKIP (fr=true syn=false hasRead=true)
[2026-08-03T04:23:21.990Z] LiveUpdateForge: EndTurn fallback flush
[2026-08-03T04:23:21.991Z] onEndTurn: naturalStop=false toolCalls=38 nudgeMsg=no
[2026-08-03T04:23:22.328Z] LiveUpdateForge: AfterToolExec flush
[2026-08-03T04:23:22.422Z] InitialReadForge.onBeforeSend: SKIP (fr=true syn=false hasRead=true)
[2026-08-03T04:24:03.293Z] LiveUpdateForge: EndTurn fallback flush
[2026-08-03T04:24:03.294Z] onEndTurn: naturalStop=false toolCalls=39 nudgeMsg=no
[2026-08-03T04:24:03.756Z] LiveUpdateForge: AfterToolExec flush
[2026-08-03T04:24:03.859Z] InitialReadForge.onBeforeSend: SKIP (fr=true syn=false hasRead=true)
[2026-08-03T04:24:11.413Z] LiveUpdateForge: EndTurn fallback flush
[2026-08-03T04:24:11.414Z] onEndTurn: naturalStop=false toolCalls=40 nudgeMsg=no
[2026-08-03T04:24:11.435Z] LiveUpdateForge: AfterToolExec flush
[2026-08-03T04:24:11.554Z] InitialReadForge.onBeforeSend: SKIP (fr=true syn=false hasRead=true)
[2026-08-03T04:24:18.670Z] LiveUpdateForge: EndTurn fallback flush
[2026-08-03T04:24:18.671Z] onEndTurn: naturalStop=false toolCalls=41 nudgeMsg=no
[2026-08-03T04:24:20.181Z] LiveUpdateForge: AfterToolExec flush
[2026-08-03T04:24:20.290Z] InitialReadForge.onBeforeSend: SKIP (fr=true syn=false hasRead=true)
[2026-08-03T04:24:34.175Z] LiveUpdateForge: EndTurn fallback flush
[2026-08-03T04:24:34.175Z] onEndTurn: naturalStop=false toolCalls=42 nudgeMsg=no
[2026-08-03T04:24:34.482Z] LiveUpdateForge: AfterToolExec flush
[2026-08-03T04:24:34.570Z] InitialReadForge.onBeforeSend: SKIP (fr=true syn=false hasRead=true)
[2026-08-03T04:24:41.556Z] LiveUpdateForge: EndTurn fallback flush
[2026-08-03T04:24:41.556Z] onEndTurn: naturalStop=false toolCalls=43 nudgeMsg=no
[2026-08-03T04:25:58.746Z] LiveUpdateForge: AfterToolExec flush
[2026-08-03T04:25:58.840Z] InitialReadForge.onBeforeSend: SKIP (fr=true syn=false hasRead=true)
[2026-08-03T04:27:00.530Z] LiveUpdateForge: EndTurn fallback flush
[2026-08-03T04:27:00.530Z] onEndTurn: naturalStop=false toolCalls=44 nudgeMsg=no
[2026-08-03T04:27:40.854Z] LiveUpdateForge: AfterToolExec flush
[2026-08-03T04:27:40.947Z] InitialReadForge.onBeforeSend: SKIP (fr=true syn=false hasRead=true)
[2026-08-03T04:27:53.796Z] LiveUpdateForge: EndTurn fallback flush
[2026-08-03T04:27:53.796Z] onEndTurn: naturalStop=false toolCalls=45 nudgeMsg=no
[2026-08-03T04:29:22.756Z] LiveUpdateForge: AfterToolExec flush
[2026-08-03T04:29:22.858Z] InitialReadForge.onBeforeSend: SKIP (fr=true syn=false hasRead=true)
[2026-08-03T04:29:36.749Z] LiveUpdateForge: EndTurn fallback flush
[2026-08-03T04:29:36.750Z] onEndTurn: naturalStop=false toolCalls=46 nudgeMsg=no
[2026-08-03T04:29:37.053Z] LiveUpdateForge: AfterToolExec flush
[2026-08-03T04:29:37.134Z] InitialReadForge.onBeforeSend: SKIP (fr=true syn=false hasRead=true)
[2026-08-03T04:29:43.323Z] LiveUpdateForge: EndTurn fallback flush
[2026-08-03T04:29:43.323Z] onEndTurn: naturalStop=false toolCalls=47 nudgeMsg=no
[2026-08-03T04:30:41.126Z] LiveUpdateForge: AfterToolExec flush
[2026-08-03T04:30:41.210Z] InitialReadForge.onBeforeSend: SKIP (fr=true syn=false hasRead=true)
[2026-08-03T04:30:49.635Z] LiveUpdateForge: EndTurn fallback flush
[2026-08-03T04:30:49.636Z] onEndTurn: naturalStop=false toolCalls=48 nudgeMsg=no
[2026-08-03T04:30:49.938Z] LiveUpdateForge: AfterToolExec flush
[2026-08-03T04:30:50.034Z] InitialReadForge.onBeforeSend: SKIP (fr=true syn=false hasRead=true)
[2026-08-03T04:31:49.651Z] LiveUpdateForge: EndTurn fallback flush
[2026-08-03T04:31:49.652Z] onEndTurn: naturalStop=true toolCalls=49 nudgeMsg=no
[2026-08-03T04:34:46.470Z] ResumeDiffForge: running checkResumeConsistency
[2026-08-03T04:34:46.472Z] checkResumeConsistency: forgedTimestamps=[["project","1970-01-01T00:00:00.000Z"]]
[2026-08-03T04:34:46.608Z] checkResumeConsistency: injecting 1 diff notification(s)
[2026-08-03T04:34:46.654Z] injectForgedHistory: role=user preview="[agent-auto] [memory-update 2026-08-03 11:23:31] project memory file has been mo"
[2026-08-03T04:34:46.743Z] injectForgedHistory: recordMessage persisted
[2026-08-03T04:34:46.743Z] LiveUpdateForge: session reset, allowLiveUpdate = false
[2026-08-03T04:34:46.744Z] NudgeForge: ResumeComplete — restoring count from history
[2026-08-03T04:34:46.745Z] restoreNudgeCountFromHistory: found last write at idx=3181 count=49
[2026-08-03T04:34:46.923Z] LiveUpdateForge: allowLiveUpdate = true (first real BeforeSend)
[2026-08-03T04:34:46.925Z] InitialReadForge.onBeforeSend: SKIP (fr=false syn=false hasRead=true)
[2026-08-03T04:37:11.482Z] LiveUpdateForge: EndTurn fallback flush
[2026-08-03T04:37:11.483Z] onEndTurn: naturalStop=false toolCalls=49 nudgeMsg=no
[2026-08-03T04:37:11.863Z] LiveUpdateForge: AfterToolExec flush
[2026-08-03T04:37:11.970Z] InitialReadForge.onBeforeSend: SKIP (fr=true syn=false hasRead=true)
[2026-08-03T04:40:02.683Z] LiveUpdateForge: EndTurn fallback flush
[2026-08-03T04:40:02.684Z] onEndTurn: naturalStop=false toolCalls=50 nudgeMsg=no
[2026-08-03T04:42:44.838Z] LiveUpdateForge: AfterToolExec flush
[2026-08-03T04:42:44.942Z] InitialReadForge.onBeforeSend: SKIP (fr=true syn=false hasRead=true)
[2026-08-03T04:45:18.299Z] LiveUpdateForge: EndTurn fallback flush
[2026-08-03T04:45:18.300Z] onEndTurn: naturalStop=true toolCalls=0 nudgeMsg=YES
[2026-08-03T04:45:18.314Z] InitialReadForge.onBeforeSend: SKIP (fr=false syn=false hasRead=true)
[2026-08-03T04:47:46.723Z] LiveUpdateForge: EndTurn fallback flush
[2026-08-03T04:47:46.724Z] onEndTurn: naturalStop=false toolCalls=0 nudgeMsg=no
[2026-08-03T04:47:46.914Z] LiveUpdateForge: self-write on D:\unity\demo\CODELY.md, baseline aligned
[2026-08-03T04:47:46.916Z] LiveUpdateForge: AfterToolExec flush
[2026-08-03T04:47:47.033Z] InitialReadForge.onBeforeSend: SKIP (fr=true syn=false hasRead=true)
[2026-08-03T04:47:47.752Z] LiveUpdateForge: pending external change on D:\unity\demo\CODELY.md
[2026-08-03T04:49:58.280Z] LiveUpdateForge: EndTurn fallback flush
[2026-08-03T04:49:58.280Z] onEndTurn: naturalStop=true toolCalls=0 nudgeMsg=no
[2026-08-03T04:50:02.300Z] ResumeDiffForge: running checkResumeConsistency
[2026-08-03T04:50:02.302Z] checkResumeConsistency: forgedTimestamps=[["project","1970-01-01T00:00:00.000Z"]]
[2026-08-03T04:50:02.325Z] checkResumeConsistency: injecting 1 diff notification(s)
[2026-08-03T04:50:02.325Z] injectForgedHistory: role=user preview="[agent-auto] [memory-update 2026-08-03 12:47:46] project memory file has been mo"
[2026-08-03T04:50:02.410Z] injectForgedHistory: recordMessage persisted
[2026-08-03T04:50:02.411Z] LiveUpdateForge: session reset, allowLiveUpdate = false
[2026-08-03T04:50:02.411Z] NudgeForge: ResumeComplete — restoring count from history
[2026-08-03T04:50:02.413Z] restoreNudgeCountFromHistory: found last write at idx=3306 count=0
[2026-08-03T04:50:02.768Z] LiveUpdateForge: allowLiveUpdate = true (first real BeforeSend)
[2026-08-03T04:50:02.770Z] InitialReadForge.onBeforeSend: SKIP (fr=false syn=false hasRead=true)
[2026-08-03T04:50:30.177Z] LiveUpdateForge: EndTurn fallback flush
[2026-08-03T04:50:30.178Z] onEndTurn: naturalStop=false toolCalls=0 nudgeMsg=no
[2026-08-03T04:51:10.377Z] LiveUpdateForge: AfterToolExec flush
[2026-08-03T04:51:10.465Z] InitialReadForge.onBeforeSend: SKIP (fr=true syn=false hasRead=true)
[2026-08-03T04:52:09.715Z] LiveUpdateForge: EndTurn fallback flush
[2026-08-03T04:52:09.715Z] onEndTurn: naturalStop=false toolCalls=1 nudgeMsg=no
[2026-08-03T04:52:09.733Z] LiveUpdateForge: AfterToolExec flush
[2026-08-03T04:52:09.838Z] InitialReadForge.onBeforeSend: SKIP (fr=true syn=false hasRead=true)
[2026-08-03T04:53:26.479Z] LiveUpdateForge: EndTurn fallback flush
[2026-08-03T04:53:26.480Z] onEndTurn: naturalStop=false toolCalls=2 nudgeMsg=no
[2026-08-03T04:53:26.497Z] LiveUpdateForge: AfterToolExec flush
[2026-08-03T04:53:26.705Z] InitialReadForge.onBeforeSend: SKIP (fr=true syn=false hasRead=true)
[2026-08-03T04:54:23.557Z] LiveUpdateForge: EndTurn fallback flush
[2026-08-03T04:54:23.558Z] onEndTurn: naturalStop=false toolCalls=3 nudgeMsg=no
[2026-08-03T04:54:23.578Z] LiveUpdateForge: AfterToolExec flush
[2026-08-03T04:54:23.831Z] InitialReadForge.onBeforeSend: SKIP (fr=true syn=false hasRead=true)
[2026-08-03T04:59:22.010Z] CompactComplete: resetting forge state
[2026-08-03T04:59:22.013Z] InitialReadForge.onBeforeSend: SKIP (fr=true syn=true hasRead=false)
[2026-08-03T04:59:24.583Z] LiveUpdateForge: EndTurn fallback flush
[2026-08-03T04:59:24.656Z] onEndTurn: naturalStop=true toolCalls=0 nudgeMsg=no
[2026-08-03T04:59:25.569Z] ResumeDiffForge: no read_memory in history, backfilling forge
[2026-08-03T04:59:26.030Z] recordForgedToolExchange: toolName=read_memory callId=resume-forge-read-memory-backfill
[2026-08-03T04:59:26.063Z] recordForgedToolExchange: recordMessage + recordToolCalls persisted
[2026-08-03T04:59:26.064Z] injectForgedHistory: role=user preview=""
[2026-08-03T04:59:26.079Z] injectForgedHistory: recordMessage persisted
[2026-08-03T04:59:26.087Z] ResumeDiffForge: backfilled read_memory and baseline for 2 raw + 2 provider file(s)
[2026-08-03T04:59:26.088Z] LiveUpdateForge: session reset, allowLiveUpdate = false
[2026-08-03T04:59:26.088Z] NudgeForge: ResumeComplete — restoring count from history
[2026-08-03T04:59:26.088Z] restoreNudgeCountFromHistory: no reset point found, count=0
[2026-08-03T04:59:26.094Z] LiveUpdateForge: allowLiveUpdate = true (first real BeforeSend)
[2026-08-03T04:59:26.095Z] InitialReadForge.onBeforeSend: SKIP (fr=false syn=false hasRead=true)
[2026-08-03T04:59:29.804Z] LiveUpdateForge: EndTurn fallback flush
[2026-08-03T04:59:29.806Z] onEndTurn: naturalStop=false toolCalls=0 nudgeMsg=no
[2026-08-03T05:00:29.815Z] LiveUpdateForge: AfterToolExec flush
[2026-08-03T05:00:29.834Z] InitialReadForge.onBeforeSend: SKIP (fr=true syn=false hasRead=true)
[2026-08-03T05:00:52.825Z] LiveUpdateForge: EndTurn fallback flush
[2026-08-03T05:00:52.826Z] onEndTurn: naturalStop=false toolCalls=1 nudgeMsg=no
[2026-08-03T05:00:53.207Z] LiveUpdateForge: AfterToolExec flush
[2026-08-03T05:00:53.228Z] InitialReadForge.onBeforeSend: SKIP (fr=true syn=false hasRead=true)
[2026-08-03T05:00:56.347Z] LiveUpdateForge: EndTurn fallback flush
[2026-08-03T05:00:56.347Z] onEndTurn: naturalStop=false toolCalls=2 nudgeMsg=no
[2026-08-03T05:00:56.357Z] LiveUpdateForge: AfterToolExec flush
[2026-08-03T05:00:56.375Z] InitialReadForge.onBeforeSend: SKIP (fr=true syn=false hasRead=true)
[2026-08-03T05:01:06.618Z] LiveUpdateForge: EndTurn fallback flush
[2026-08-03T05:01:06.618Z] onEndTurn: naturalStop=false toolCalls=3 nudgeMsg=no
[2026-08-03T05:01:06.912Z] LiveUpdateForge: AfterToolExec flush
[2026-08-03T05:01:06.929Z] InitialReadForge.onBeforeSend: SKIP (fr=true syn=false hasRead=true)
[2026-08-03T05:01:57.034Z] LiveUpdateForge: EndTurn fallback flush
[2026-08-03T05:01:57.035Z] onEndTurn: naturalStop=false toolCalls=4 nudgeMsg=no
[2026-08-03T05:01:57.044Z] LiveUpdateForge: AfterToolExec flush
[2026-08-03T05:01:57.063Z] InitialReadForge.onBeforeSend: SKIP (fr=true syn=false hasRead=true)
[2026-08-03T05:02:37.531Z] LiveUpdateForge: EndTurn fallback flush
[2026-08-03T05:02:37.531Z] onEndTurn: naturalStop=false toolCalls=5 nudgeMsg=no
[2026-08-03T05:02:37.562Z] LiveUpdateForge: AfterToolExec flush
[2026-08-03T05:02:37.563Z] LiveUpdateForge: AfterToolExec flush
[2026-08-03T05:02:37.564Z] LiveUpdateForge: AfterToolExec flush
[2026-08-03T05:02:37.565Z] LiveUpdateForge: AfterToolExec flush
[2026-08-03T05:02:37.566Z] LiveUpdateForge: AfterToolExec flush
[2026-08-03T05:02:37.588Z] InitialReadForge.onBeforeSend: SKIP (fr=true syn=false hasRead=true)
[2026-08-03T05:03:12.459Z] LiveUpdateForge: EndTurn fallback flush
[2026-08-03T05:03:12.460Z] onEndTurn: naturalStop=false toolCalls=10 nudgeMsg=no
[2026-08-03T05:03:12.471Z] LiveUpdateForge: AfterToolExec flush
[2026-08-03T05:03:12.492Z] InitialReadForge.onBeforeSend: SKIP (fr=true syn=false hasRead=true)
[2026-08-03T05:03:56.798Z] LiveUpdateForge: EndTurn fallback flush
[2026-08-03T05:03:56.798Z] onEndTurn: naturalStop=false toolCalls=11 nudgeMsg=no
[2026-08-03T05:03:57.121Z] LiveUpdateForge: AfterToolExec flush
[2026-08-03T05:03:57.141Z] InitialReadForge.onBeforeSend: SKIP (fr=true syn=false hasRead=true)
[2026-08-03T05:04:07.077Z] LiveUpdateForge: EndTurn fallback flush
[2026-08-03T05:04:07.078Z] onEndTurn: naturalStop=false toolCalls=12 nudgeMsg=no
[2026-08-03T05:04:07.089Z] LiveUpdateForge: AfterToolExec flush
[2026-08-03T05:04:07.090Z] LiveUpdateForge: AfterToolExec flush
[2026-08-03T05:04:07.091Z] LiveUpdateForge: AfterToolExec flush
[2026-08-03T05:04:07.112Z] InitialReadForge.onBeforeSend: SKIP (fr=true syn=false hasRead=true)
[2026-08-03T05:04:19.982Z] LiveUpdateForge: EndTurn fallback flush
[2026-08-03T05:04:19.983Z] onEndTurn: naturalStop=false toolCalls=15 nudgeMsg=no
[2026-08-03T05:04:21.004Z] LiveUpdateForge: AfterToolExec flush
[2026-08-03T05:04:21.024Z] InitialReadForge.onBeforeSend: SKIP (fr=true syn=false hasRead=true)
[2026-08-03T05:04:27.156Z] LiveUpdateForge: EndTurn fallback flush
[2026-08-03T05:04:27.156Z] onEndTurn: naturalStop=false toolCalls=16 nudgeMsg=no
[2026-08-03T05:04:28.341Z] LiveUpdateForge: AfterToolExec flush
[2026-08-03T05:04:28.363Z] InitialReadForge.onBeforeSend: SKIP (fr=true syn=false hasRead=true)
[2026-08-03T05:05:06.705Z] LiveUpdateForge: EndTurn fallback flush
[2026-08-03T05:05:06.705Z] onEndTurn: naturalStop=false toolCalls=17 nudgeMsg=no
[2026-08-03T05:05:34.955Z] LiveUpdateForge: AfterToolExec flush
[2026-08-03T05:05:34.978Z] InitialReadForge.onBeforeSend: SKIP (fr=true syn=false hasRead=true)
[2026-08-03T05:05:55.032Z] LiveUpdateForge: EndTurn fallback flush
[2026-08-03T05:05:55.032Z] onEndTurn: naturalStop=false toolCalls=18 nudgeMsg=no
[2026-08-03T05:06:08.350Z] LiveUpdateForge: AfterToolExec flush
[2026-08-03T05:06:08.370Z] InitialReadForge.onBeforeSend: SKIP (fr=true syn=false hasRead=true)
[2026-08-03T05:06:47.353Z] LiveUpdateForge: EndTurn fallback flush
[2026-08-03T05:06:47.353Z] onEndTurn: naturalStop=false toolCalls=19 nudgeMsg=no
[2026-08-03T05:06:50.081Z] LiveUpdateForge: AfterToolExec flush
[2026-08-03T05:06:50.105Z] InitialReadForge.onBeforeSend: SKIP (fr=true syn=false hasRead=true)
[2026-08-03T05:07:37.403Z] LiveUpdateForge: EndTurn fallback flush
[2026-08-03T05:07:37.404Z] onEndTurn: naturalStop=false toolCalls=20 nudgeMsg=no
[2026-08-03T05:08:19.454Z] LiveUpdateForge: AfterToolExec flush
[2026-08-03T05:08:19.477Z] InitialReadForge.onBeforeSend: SKIP (fr=true syn=false hasRead=true)
[2026-08-03T05:09:01.577Z] LiveUpdateForge: EndTurn fallback flush
[2026-08-03T05:09:01.577Z] onEndTurn: naturalStop=false toolCalls=21 nudgeMsg=no
[2026-08-03T05:09:06.586Z] LiveUpdateForge: AfterToolExec flush
[2026-08-03T05:09:06.608Z] InitialReadForge.onBeforeSend: SKIP (fr=true syn=false hasRead=true)
[2026-08-03T05:09:09.987Z] LiveUpdateForge: EndTurn fallback flush
[2026-08-03T05:09:09.988Z] onEndTurn: naturalStop=false toolCalls=22 nudgeMsg=no
[2026-08-03T05:09:41.657Z] LiveUpdateForge: AfterToolExec flush
[2026-08-03T05:09:41.678Z] InitialReadForge.onBeforeSend: SKIP (fr=true syn=false hasRead=true)
[2026-08-03T05:09:49.533Z] LiveUpdateForge: EndTurn fallback flush
[2026-08-03T05:09:49.533Z] onEndTurn: naturalStop=false toolCalls=23 nudgeMsg=no
[2026-08-03T05:10:29.865Z] LiveUpdateForge: AfterToolExec flush
[2026-08-03T05:10:29.886Z] InitialReadForge.onBeforeSend: SKIP (fr=true syn=false hasRead=true)
[2026-08-03T05:10:42.806Z] LiveUpdateForge: EndTurn fallback flush
[2026-08-03T05:10:42.806Z] onEndTurn: naturalStop=false toolCalls=24 nudgeMsg=no
[2026-08-03T05:11:28.332Z] LiveUpdateForge: AfterToolExec flush
[2026-08-03T05:11:28.355Z] InitialReadForge.onBeforeSend: SKIP (fr=true syn=false hasRead=true)
[2026-08-03T05:12:10.626Z] LiveUpdateForge: EndTurn fallback flush
[2026-08-03T05:12:10.626Z] onEndTurn: naturalStop=false toolCalls=25 nudgeMsg=no
[2026-08-03T05:12:10.797Z] LiveUpdateForge: AfterToolExec flush
[2026-08-03T05:12:10.821Z] InitialReadForge.onBeforeSend: SKIP (fr=true syn=false hasRead=true)
[2026-08-03T05:12:16.224Z] LiveUpdateForge: EndTurn fallback flush
[2026-08-03T05:12:16.224Z] onEndTurn: naturalStop=false toolCalls=26 nudgeMsg=no
[2026-08-03T05:12:18.660Z] LiveUpdateForge: AfterToolExec flush
[2026-08-03T05:12:18.686Z] InitialReadForge.onBeforeSend: SKIP (fr=true syn=false hasRead=true)
[2026-08-03T05:12:30.187Z] LiveUpdateForge: EndTurn fallback flush
[2026-08-03T05:12:30.188Z] onEndTurn: naturalStop=false toolCalls=27 nudgeMsg=no
[2026-08-03T05:12:30.231Z] LiveUpdateForge: AfterToolExec flush
[2026-08-03T05:12:30.251Z] InitialReadForge.onBeforeSend: SKIP (fr=true syn=false hasRead=true)
[2026-08-03T05:12:38.697Z] LiveUpdateForge: EndTurn fallback flush
[2026-08-03T05:12:38.698Z] onEndTurn: naturalStop=false toolCalls=28 nudgeMsg=no
[2026-08-03T05:12:38.708Z] LiveUpdateForge: AfterToolExec flush
[2026-08-03T05:12:38.732Z] InitialReadForge.onBeforeSend: SKIP (fr=true syn=false hasRead=true)
[2026-08-03T05:13:00.993Z] LiveUpdateForge: EndTurn fallback flush
[2026-08-03T05:13:00.993Z] onEndTurn: naturalStop=false toolCalls=29 nudgeMsg=no
[2026-08-03T05:13:01.279Z] LiveUpdateForge: AfterToolExec flush
[2026-08-03T05:13:01.298Z] InitialReadForge.onBeforeSend: SKIP (fr=true syn=false hasRead=true)
[2026-08-03T05:13:09.381Z] LiveUpdateForge: EndTurn fallback flush
[2026-08-03T05:13:09.381Z] onEndTurn: naturalStop=false toolCalls=30 nudgeMsg=no
[2026-08-03T05:13:09.392Z] LiveUpdateForge: AfterToolExec flush
[2026-08-03T05:13:09.418Z] InitialReadForge.onBeforeSend: SKIP (fr=true syn=false hasRead=true)
[2026-08-03T05:13:25.791Z] LiveUpdateForge: EndTurn fallback flush
[2026-08-03T05:13:25.791Z] onEndTurn: naturalStop=false toolCalls=31 nudgeMsg=no
[2026-08-03T05:13:54.428Z] LiveUpdateForge: AfterToolExec flush
[2026-08-03T05:13:54.452Z] InitialReadForge.onBeforeSend: SKIP (fr=true syn=false hasRead=true)
[2026-08-03T05:13:56.104Z] LiveUpdateForge: EndTurn fallback flush
[2026-08-03T05:13:56.105Z] onEndTurn: naturalStop=false toolCalls=32 nudgeMsg=no
[2026-08-03T05:14:11.631Z] LiveUpdateForge: AfterToolExec flush
[2026-08-03T05:14:11.656Z] InitialReadForge.onBeforeSend: SKIP (fr=true syn=false hasRead=true)
[2026-08-03T05:14:32.445Z] LiveUpdateForge: EndTurn fallback flush
[2026-08-03T05:14:32.445Z] onEndTurn: naturalStop=false toolCalls=33 nudgeMsg=no
[2026-08-03T05:14:32.496Z] LiveUpdateForge: AfterToolExec flush
[2026-08-03T05:14:32.518Z] InitialReadForge.onBeforeSend: SKIP (fr=true syn=false hasRead=true)
[2026-08-03T05:14:47.303Z] LiveUpdateForge: EndTurn fallback flush
[2026-08-03T05:14:47.304Z] onEndTurn: naturalStop=true toolCalls=34 nudgeMsg=no
[2026-08-03T05:16:48.864Z] ResumeDiffForge: running checkResumeConsistency
[2026-08-03T05:16:48.865Z] checkResumeConsistency: forgedTimestamps=[]
[2026-08-03T05:16:48.885Z] checkResumeConsistency: no changes detected
[2026-08-03T05:16:48.886Z] LiveUpdateForge: session reset, allowLiveUpdate = false
[2026-08-03T05:16:48.886Z] NudgeForge: ResumeComplete — restoring count from history
[2026-08-03T05:16:48.887Z] restoreNudgeCountFromHistory: no reset point found, count=34
[2026-08-03T05:16:48.899Z] LiveUpdateForge: allowLiveUpdate = true (first real BeforeSend)
[2026-08-03T05:16:48.900Z] InitialReadForge.onBeforeSend: SKIP (fr=false syn=false hasRead=true)
[2026-08-03T05:16:55.627Z] LiveUpdateForge: EndTurn fallback flush
[2026-08-03T05:16:55.628Z] onEndTurn: naturalStop=false toolCalls=34 nudgeMsg=no
[2026-08-03T05:17:05.583Z] LiveUpdateForge: AfterToolExec flush
[2026-08-03T05:17:05.606Z] InitialReadForge.onBeforeSend: SKIP (fr=true syn=false hasRead=true)
[2026-08-03T05:17:11.507Z] LiveUpdateForge: EndTurn fallback flush
[2026-08-03T05:17:11.507Z] onEndTurn: naturalStop=false toolCalls=35 nudgeMsg=no
[2026-08-03T05:17:11.521Z] LiveUpdateForge: AfterToolExec flush
[2026-08-03T05:17:11.523Z] LiveUpdateForge: AfterToolExec flush
[2026-08-03T05:17:11.547Z] InitialReadForge.onBeforeSend: SKIP (fr=true syn=false hasRead=true)
[2026-08-03T05:17:22.889Z] LiveUpdateForge: EndTurn fallback flush
[2026-08-03T05:17:22.890Z] onEndTurn: naturalStop=false toolCalls=37 nudgeMsg=no
[2026-08-03T05:17:38.469Z] LiveUpdateForge: AfterToolExec flush
[2026-08-03T05:17:38.495Z] InitialReadForge.onBeforeSend: SKIP (fr=true syn=false hasRead=true)
[2026-08-03T05:17:45.918Z] LiveUpdateForge: EndTurn fallback flush
[2026-08-03T05:17:45.918Z] onEndTurn: naturalStop=false toolCalls=38 nudgeMsg=no
[2026-08-03T05:17:45.973Z] LiveUpdateForge: AfterToolExec flush
[2026-08-03T05:17:46.001Z] InitialReadForge.onBeforeSend: SKIP (fr=true syn=false hasRead=true)
[2026-08-03T05:17:52.801Z] LiveUpdateForge: EndTurn fallback flush
[2026-08-03T05:17:52.802Z] onEndTurn: naturalStop=false toolCalls=39 nudgeMsg=no
[2026-08-03T05:17:52.808Z] LiveUpdateForge: AfterToolExec flush
[2026-08-03T05:17:52.834Z] InitialReadForge.onBeforeSend: SKIP (fr=true syn=false hasRead=true)
[2026-08-03T05:17:56.870Z] LiveUpdateForge: EndTurn fallback flush
[2026-08-03T05:17:56.871Z] onEndTurn: naturalStop=false toolCalls=40 nudgeMsg=no
[2026-08-03T05:18:36.759Z] LiveUpdateForge: AfterToolExec flush
[2026-08-03T05:18:36.791Z] InitialReadForge.onBeforeSend: SKIP (fr=true syn=false hasRead=true)
[2026-08-03T05:18:41.888Z] LiveUpdateForge: EndTurn fallback flush
[2026-08-03T05:18:41.889Z] onEndTurn: naturalStop=false toolCalls=41 nudgeMsg=no
[2026-08-03T05:19:09.266Z] LiveUpdateForge: AfterToolExec flush
[2026-08-03T05:19:09.294Z] InitialReadForge.onBeforeSend: SKIP (fr=true syn=false hasRead=true)
[2026-08-03T05:19:12.889Z] LiveUpdateForge: EndTurn fallback flush
[2026-08-03T05:19:12.890Z] onEndTurn: naturalStop=false toolCalls=42 nudgeMsg=no
[2026-08-03T05:19:12.903Z] LiveUpdateForge: AfterToolExec flush
[2026-08-03T05:19:12.930Z] InitialReadForge.onBeforeSend: SKIP (fr=true syn=false hasRead=true)
[2026-08-03T05:19:15.895Z] LiveUpdateForge: EndTurn fallback flush
[2026-08-03T05:19:15.895Z] onEndTurn: naturalStop=false toolCalls=43 nudgeMsg=no
[2026-08-03T05:20:10.548Z] LiveUpdateForge: AfterToolExec flush
[2026-08-03T05:20:10.582Z] InitialReadForge.onBeforeSend: SKIP (fr=true syn=false hasRead=true)
[2026-08-03T05:20:15.008Z] LiveUpdateForge: EndTurn fallback flush
[2026-08-03T05:20:15.009Z] onEndTurn: naturalStop=false toolCalls=44 nudgeMsg=no
[2026-08-03T05:20:41.245Z] LiveUpdateForge: AfterToolExec flush
[2026-08-03T05:20:41.270Z] InitialReadForge.onBeforeSend: SKIP (fr=true syn=false hasRead=true)
[2026-08-03T05:20:44.915Z] LiveUpdateForge: EndTurn fallback flush
[2026-08-03T05:20:44.916Z] onEndTurn: naturalStop=false toolCalls=45 nudgeMsg=no
[2026-08-03T05:21:25.649Z] LiveUpdateForge: AfterToolExec flush
[2026-08-03T05:21:25.677Z] InitialReadForge.onBeforeSend: SKIP (fr=true syn=false hasRead=true)
[2026-08-03T05:21:33.655Z] LiveUpdateForge: EndTurn fallback flush
[2026-08-03T05:21:33.655Z] onEndTurn: naturalStop=false toolCalls=46 nudgeMsg=no
[2026-08-03T05:22:06.689Z] LiveUpdateForge: AfterToolExec flush
[2026-08-03T05:22:06.713Z] InitialReadForge.onBeforeSend: SKIP (fr=true syn=false hasRead=true)
[2026-08-03T05:22:14.690Z] LiveUpdateForge: EndTurn fallback flush
[2026-08-03T05:22:14.691Z] onEndTurn: naturalStop=false toolCalls=47 nudgeMsg=no
[2026-08-03T05:23:34.486Z] LiveUpdateForge: AfterToolExec flush
[2026-08-03T05:23:34.511Z] InitialReadForge.onBeforeSend: SKIP (fr=true syn=false hasRead=true)
[2026-08-03T05:24:12.232Z] LiveUpdateForge: EndTurn fallback flush
[2026-08-03T05:24:12.233Z] onEndTurn: naturalStop=false toolCalls=48 nudgeMsg=no
[2026-08-03T05:24:12.244Z] LiveUpdateForge: AfterToolExec flush
[2026-08-03T05:24:12.269Z] InitialReadForge.onBeforeSend: SKIP (fr=true syn=false hasRead=true)
[2026-08-03T05:24:16.792Z] LiveUpdateForge: EndTurn fallback flush
[2026-08-03T05:24:16.792Z] onEndTurn: naturalStop=false toolCalls=49 nudgeMsg=no
[2026-08-03T05:24:18.597Z] LiveUpdateForge: AfterToolExec flush
[2026-08-03T05:24:18.622Z] InitialReadForge.onBeforeSend: SKIP (fr=true syn=false hasRead=true)
[2026-08-03T05:24:20.265Z] LiveUpdateForge: EndTurn fallback flush
[2026-08-03T05:24:20.266Z] onEndTurn: naturalStop=false toolCalls=50 nudgeMsg=no
[2026-08-03T05:24:20.293Z] LiveUpdateForge: AfterToolExec flush
[2026-08-03T05:24:20.322Z] InitialReadForge.onBeforeSend: SKIP (fr=true syn=false hasRead=true)
[2026-08-03T05:24:23.702Z] LiveUpdateForge: EndTurn fallback flush
[2026-08-03T05:24:23.703Z] onEndTurn: naturalStop=false toolCalls=51 nudgeMsg=no
[2026-08-03T05:24:23.717Z] LiveUpdateForge: AfterToolExec flush
[2026-08-03T05:24:23.749Z] InitialReadForge.onBeforeSend: SKIP (fr=true syn=false hasRead=true)
[2026-08-03T05:24:25.458Z] LiveUpdateForge: EndTurn fallback flush
[2026-08-03T05:24:25.459Z] onEndTurn: naturalStop=false toolCalls=52 nudgeMsg=no
[2026-08-03T05:24:25.633Z] LiveUpdateForge: AfterToolExec flush
[2026-08-03T05:24:25.658Z] InitialReadForge.onBeforeSend: SKIP (fr=true syn=false hasRead=true)
[2026-08-03T05:24:26.997Z] LiveUpdateForge: EndTurn fallback flush
[2026-08-03T05:24:26.997Z] onEndTurn: naturalStop=false toolCalls=53 nudgeMsg=no
[2026-08-03T05:24:27.680Z] LiveUpdateForge: AfterToolExec flush
[2026-08-03T05:24:27.703Z] InitialReadForge.onBeforeSend: SKIP (fr=true syn=false hasRead=true)
[2026-08-03T05:24:29.163Z] LiveUpdateForge: EndTurn fallback flush
[2026-08-03T05:24:29.163Z] onEndTurn: naturalStop=false toolCalls=54 nudgeMsg=no
[2026-08-03T05:24:39.366Z] LiveUpdateForge: AfterToolExec flush
[2026-08-03T05:24:39.390Z] InitialReadForge.onBeforeSend: SKIP (fr=true syn=false hasRead=true)
[2026-08-03T05:24:42.224Z] LiveUpdateForge: EndTurn fallback flush
[2026-08-03T05:24:42.225Z] onEndTurn: naturalStop=false toolCalls=55 nudgeMsg=no
[2026-08-03T05:24:42.270Z] LiveUpdateForge: AfterToolExec flush
[2026-08-03T05:24:42.291Z] InitialReadForge.onBeforeSend: SKIP (fr=true syn=false hasRead=true)
[2026-08-03T05:24:45.564Z] LiveUpdateForge: EndTurn fallback flush
[2026-08-03T05:24:45.565Z] onEndTurn: naturalStop=true toolCalls=0 nudgeMsg=YES
[2026-08-03T05:24:45.567Z] InitialReadForge.onBeforeSend: SKIP (fr=false syn=false hasRead=true)
[2026-08-03T05:24:51.449Z] LiveUpdateForge: EndTurn fallback flush
[2026-08-03T05:24:51.450Z] onEndTurn: naturalStop=false toolCalls=0 nudgeMsg=no
[2026-08-03T05:24:51.466Z] LiveUpdateForge: self-write on C:\Users\wjj\.codely-cli\CODELY.md, baseline aligned
[2026-08-03T05:24:51.467Z] LiveUpdateForge: AfterToolExec flush
[2026-08-03T05:24:51.493Z] InitialReadForge.onBeforeSend: SKIP (fr=true syn=false hasRead=true)
[2026-08-03T05:24:52.011Z] LiveUpdateForge: pending external change on C:\Users\wjj\.codely-cli\CODELY.md
[2026-08-03T05:24:52.956Z] LiveUpdateForge: EndTurn fallback flush
[2026-08-03T05:24:52.956Z] onEndTurn: naturalStop=true toolCalls=0 nudgeMsg=no
[2026-08-03T05:27:31.211Z] ResumeDiffForge: running checkResumeConsistency
[2026-08-03T05:27:31.213Z] checkResumeConsistency: forgedTimestamps=[]
[2026-08-03T05:27:31.237Z] checkResumeConsistency: no changes detected
[2026-08-03T05:27:31.238Z] LiveUpdateForge: session reset, allowLiveUpdate = false
[2026-08-03T05:27:31.239Z] NudgeForge: ResumeComplete — restoring count from history
[2026-08-03T05:27:31.240Z] restoreNudgeCountFromHistory: found last write at idx=111 count=0
[2026-08-03T05:27:31.290Z] LiveUpdateForge: allowLiveUpdate = true (first real BeforeSend)
[2026-08-03T05:27:31.291Z] InitialReadForge.onBeforeSend: SKIP (fr=false syn=false hasRead=true)
[2026-08-03T05:28:12.909Z] LiveUpdateForge: EndTurn fallback flush
[2026-08-03T05:28:12.910Z] onEndTurn: naturalStop=false toolCalls=0 nudgeMsg=no
[2026-08-03T05:29:04.106Z] LiveUpdateForge: AfterToolExec flush
[2026-08-03T05:29:04.130Z] InitialReadForge.onBeforeSend: SKIP (fr=true syn=false hasRead=true)
[2026-08-03T05:29:05.795Z] LiveUpdateForge: EndTurn fallback flush
[2026-08-03T05:29:05.795Z] onEndTurn: naturalStop=false toolCalls=1 nudgeMsg=no
[2026-08-03T05:29:05.810Z] LiveUpdateForge: AfterToolExec flush
[2026-08-03T05:29:05.838Z] InitialReadForge.onBeforeSend: SKIP (fr=true syn=false hasRead=true)
[2026-08-03T05:32:52.007Z] LiveUpdateForge: EndTurn fallback flush
[2026-08-03T05:32:52.008Z] onEndTurn: naturalStop=false toolCalls=2 nudgeMsg=no
[2026-08-03T05:33:51.442Z] LiveUpdateForge: AfterToolExec flush
[2026-08-03T05:33:51.481Z] InitialReadForge.onBeforeSend: SKIP (fr=true syn=false hasRead=true)
[2026-08-03T05:33:54.843Z] LiveUpdateForge: EndTurn fallback flush
[2026-08-03T05:33:54.844Z] onEndTurn: naturalStop=false toolCalls=3 nudgeMsg=no
[2026-08-03T05:33:54.856Z] LiveUpdateForge: AfterToolExec flush
[2026-08-03T05:33:54.893Z] InitialReadForge.onBeforeSend: SKIP (fr=true syn=false hasRead=true)
[2026-08-03T05:35:13.814Z] LiveUpdateForge: EndTurn fallback flush
[2026-08-03T05:35:13.815Z] onEndTurn: naturalStop=false toolCalls=4 nudgeMsg=no
[2026-08-03T05:35:13.866Z] LiveUpdateForge: AfterToolExec flush
[2026-08-03T05:35:13.911Z] InitialReadForge.onBeforeSend: SKIP (fr=true syn=false hasRead=true)
[2026-08-03T05:35:16.683Z] LiveUpdateForge: EndTurn fallback flush
[2026-08-03T05:35:16.684Z] onEndTurn: naturalStop=false toolCalls=5 nudgeMsg=no
[2026-08-03T05:35:16.691Z] LiveUpdateForge: AfterToolExec flush
[2026-08-03T05:35:16.746Z] InitialReadForge.onBeforeSend: SKIP (fr=true syn=false hasRead=true)
[2026-08-03T05:35:27.200Z] LiveUpdateForge: EndTurn fallback flush
[2026-08-03T05:35:27.201Z] onEndTurn: naturalStop=false toolCalls=6 nudgeMsg=no
[2026-08-03T05:35:27.338Z] LiveUpdateForge: AfterToolExec flush
[2026-08-03T05:35:27.385Z] InitialReadForge.onBeforeSend: SKIP (fr=true syn=false hasRead=true)
[2026-08-03T05:36:21.553Z] LiveUpdateForge: EndTurn fallback flush
[2026-08-03T05:36:21.554Z] onEndTurn: naturalStop=false toolCalls=7 nudgeMsg=no
[2026-08-03T05:36:21.715Z] LiveUpdateForge: AfterToolExec flush
[2026-08-03T05:36:21.775Z] InitialReadForge.onBeforeSend: SKIP (fr=true syn=false hasRead=true)
[2026-08-03T05:37:16.040Z] LiveUpdateForge: EndTurn fallback flush
[2026-08-03T05:37:16.041Z] onEndTurn: naturalStop=false toolCalls=8 nudgeMsg=no
[2026-08-03T05:37:16.169Z] LiveUpdateForge: AfterToolExec flush
[2026-08-03T05:37:16.221Z] InitialReadForge.onBeforeSend: SKIP (fr=true syn=false hasRead=true)
[2026-08-03T05:37:31.771Z] LiveUpdateForge: EndTurn fallback flush
[2026-08-03T05:37:31.772Z] onEndTurn: naturalStop=false toolCalls=9 nudgeMsg=no
[2026-08-03T05:37:31.863Z] LiveUpdateForge: AfterToolExec flush
[2026-08-03T05:37:31.920Z] InitialReadForge.onBeforeSend: SKIP (fr=true syn=false hasRead=true)
[2026-08-03T05:38:03.147Z] LiveUpdateForge: EndTurn fallback flush
[2026-08-03T05:38:03.148Z] onEndTurn: naturalStop=false toolCalls=10 nudgeMsg=no
[2026-08-03T05:38:03.238Z] LiveUpdateForge: AfterToolExec flush
[2026-08-03T05:38:03.292Z] InitialReadForge.onBeforeSend: SKIP (fr=true syn=false hasRead=true)
[2026-08-03T05:40:37.756Z] LiveUpdateForge: EndTurn fallback flush
[2026-08-03T05:40:37.757Z] onEndTurn: naturalStop=false toolCalls=11 nudgeMsg=no
[2026-08-03T05:40:37.769Z] LiveUpdateForge: AfterToolExec flush
[2026-08-03T05:40:37.894Z] InitialReadForge.onBeforeSend: SKIP (fr=true syn=false hasRead=true)
[2026-08-03T05:40:44.133Z] LiveUpdateForge: EndTurn fallback flush
[2026-08-03T05:40:44.134Z] onEndTurn: naturalStop=false toolCalls=12 nudgeMsg=no
[2026-08-03T05:40:44.150Z] LiveUpdateForge: AfterToolExec flush
[2026-08-03T05:40:44.197Z] InitialReadForge.onBeforeSend: SKIP (fr=true syn=false hasRead=true)
[2026-08-03T05:40:46.608Z] LiveUpdateForge: EndTurn fallback flush
[2026-08-03T05:40:46.608Z] onEndTurn: naturalStop=false toolCalls=13 nudgeMsg=no
[2026-08-03T05:40:46.620Z] LiveUpdateForge: AfterToolExec flush
[2026-08-03T05:40:46.667Z] InitialReadForge.onBeforeSend: SKIP (fr=true syn=false hasRead=true)
[2026-08-03T05:40:49.411Z] LiveUpdateForge: EndTurn fallback flush
[2026-08-03T05:40:49.412Z] onEndTurn: naturalStop=false toolCalls=14 nudgeMsg=no
[2026-08-03T05:40:49.417Z] LiveUpdateForge: AfterToolExec flush
[2026-08-03T05:40:49.459Z] InitialReadForge.onBeforeSend: SKIP (fr=true syn=false hasRead=true)
[2026-08-03T05:43:19.922Z] LiveUpdateForge: EndTurn fallback flush
[2026-08-03T05:43:19.923Z] onEndTurn: naturalStop=false toolCalls=15 nudgeMsg=no
[2026-08-03T05:43:20.068Z] LiveUpdateForge: AfterToolExec flush
[2026-08-03T05:43:20.120Z] InitialReadForge.onBeforeSend: SKIP (fr=true syn=false hasRead=true)
[2026-08-03T05:44:19.016Z] LiveUpdateForge: EndTurn fallback flush
[2026-08-03T05:44:19.017Z] onEndTurn: naturalStop=false toolCalls=16 nudgeMsg=no
[2026-08-03T05:44:19.103Z] LiveUpdateForge: AfterToolExec flush
[2026-08-03T05:44:19.157Z] InitialReadForge.onBeforeSend: SKIP (fr=true syn=false hasRead=true)
[2026-08-03T05:44:25.221Z] LiveUpdateForge: EndTurn fallback flush
[2026-08-03T05:44:25.222Z] onEndTurn: naturalStop=false toolCalls=17 nudgeMsg=no
[2026-08-03T05:44:25.312Z] LiveUpdateForge: AfterToolExec flush
[2026-08-03T05:44:25.367Z] InitialReadForge.onBeforeSend: SKIP (fr=true syn=false hasRead=true)
[2026-08-03T05:44:52.208Z] LiveUpdateForge: EndTurn fallback flush
[2026-08-03T05:44:52.209Z] onEndTurn: naturalStop=false toolCalls=18 nudgeMsg=no
[2026-08-03T05:44:52.291Z] LiveUpdateForge: AfterToolExec flush
[2026-08-03T05:44:52.339Z] InitialReadForge.onBeforeSend: SKIP (fr=true syn=false hasRead=true)
[2026-08-03T05:45:30.368Z] LiveUpdateForge: EndTurn fallback flush
[2026-08-03T05:45:30.368Z] onEndTurn: naturalStop=false toolCalls=19 nudgeMsg=no
[2026-08-03T05:45:30.475Z] LiveUpdateForge: AfterToolExec flush
[2026-08-03T05:45:30.522Z] InitialReadForge.onBeforeSend: SKIP (fr=true syn=false hasRead=true)
[2026-08-03T05:46:13.867Z] LiveUpdateForge: EndTurn fallback flush
[2026-08-03T05:46:13.868Z] onEndTurn: naturalStop=false toolCalls=20 nudgeMsg=no
[2026-08-03T05:46:13.970Z] LiveUpdateForge: AfterToolExec flush
[2026-08-03T05:46:14.018Z] InitialReadForge.onBeforeSend: SKIP (fr=true syn=false hasRead=true)
[2026-08-03T05:46:19.326Z] LiveUpdateForge: EndTurn fallback flush
[2026-08-03T05:46:19.327Z] onEndTurn: naturalStop=false toolCalls=21 nudgeMsg=no
[2026-08-03T05:46:19.556Z] LiveUpdateForge: AfterToolExec flush
[2026-08-03T05:46:19.605Z] InitialReadForge.onBeforeSend: SKIP (fr=true syn=false hasRead=true)
[2026-08-03T05:46:21.463Z] LiveUpdateForge: EndTurn fallback flush
[2026-08-03T05:46:21.463Z] onEndTurn: naturalStop=false toolCalls=22 nudgeMsg=no
[2026-08-03T05:46:22.226Z] LiveUpdateForge: AfterToolExec flush
[2026-08-03T05:46:22.279Z] InitialReadForge.onBeforeSend: SKIP (fr=true syn=false hasRead=true)
[2026-08-03T05:46:32.617Z] LiveUpdateForge: EndTurn fallback flush
[2026-08-03T05:46:32.618Z] onEndTurn: naturalStop=false toolCalls=23 nudgeMsg=no
[2026-08-03T05:46:43.329Z] LiveUpdateForge: AfterToolExec flush
[2026-08-03T05:46:43.372Z] InitialReadForge.onBeforeSend: SKIP (fr=true syn=false hasRead=true)
[2026-08-03T05:46:52.241Z] LiveUpdateForge: EndTurn fallback flush
[2026-08-03T05:46:52.241Z] onEndTurn: naturalStop=false toolCalls=24 nudgeMsg=no
[2026-08-03T05:46:52.285Z] LiveUpdateForge: AfterToolExec flush
[2026-08-03T05:46:52.324Z] InitialReadForge.onBeforeSend: SKIP (fr=true syn=false hasRead=true)
[2026-08-03T05:47:32.132Z] LiveUpdateForge: EndTurn fallback flush
[2026-08-03T05:47:32.132Z] onEndTurn: naturalStop=false toolCalls=25 nudgeMsg=no
[2026-08-03T05:47:38.726Z] LiveUpdateForge: AfterToolExec flush
[2026-08-03T05:47:38.765Z] InitialReadForge.onBeforeSend: SKIP (fr=true syn=false hasRead=true)
[2026-08-03T05:48:38.353Z] LiveUpdateForge: EndTurn fallback flush
[2026-08-03T05:48:38.354Z] onEndTurn: naturalStop=false toolCalls=26 nudgeMsg=no
[2026-08-03T05:48:38.918Z] LiveUpdateForge: AfterToolExec flush
[2026-08-03T05:48:38.970Z] InitialReadForge.onBeforeSend: SKIP (fr=true syn=false hasRead=true)
[2026-08-03T05:49:21.530Z] LiveUpdateForge: EndTurn fallback flush
[2026-08-03T05:49:21.531Z] onEndTurn: naturalStop=false toolCalls=27 nudgeMsg=no
[2026-08-03T05:49:39.775Z] LiveUpdateForge: AfterToolExec flush
[2026-08-03T05:49:39.825Z] InitialReadForge.onBeforeSend: SKIP (fr=true syn=false hasRead=true)
[2026-08-03T05:50:10.982Z] LiveUpdateForge: EndTurn fallback flush
[2026-08-03T05:50:10.982Z] onEndTurn: naturalStop=false toolCalls=28 nudgeMsg=no
[2026-08-03T05:50:11.015Z] LiveUpdateForge: AfterToolExec flush
[2026-08-03T05:50:11.061Z] InitialReadForge.onBeforeSend: SKIP (fr=true syn=false hasRead=true)
[2026-08-03T05:50:19.716Z] LiveUpdateForge: EndTurn fallback flush
[2026-08-03T05:50:19.717Z] onEndTurn: naturalStop=false toolCalls=29 nudgeMsg=no
[2026-08-03T05:50:19.769Z] LiveUpdateForge: AfterToolExec flush
[2026-08-03T05:50:19.815Z] InitialReadForge.onBeforeSend: SKIP (fr=true syn=false hasRead=true)
[2026-08-03T05:50:24.058Z] LiveUpdateForge: EndTurn fallback flush
[2026-08-03T05:50:24.058Z] onEndTurn: naturalStop=false toolCalls=30 nudgeMsg=no
[2026-08-03T05:50:24.571Z] LiveUpdateForge: AfterToolExec flush
[2026-08-03T05:50:24.622Z] InitialReadForge.onBeforeSend: SKIP (fr=true syn=false hasRead=true)
[2026-08-03T05:50:38.516Z] LiveUpdateForge: EndTurn fallback flush
[2026-08-03T05:50:38.517Z] onEndTurn: naturalStop=false toolCalls=31 nudgeMsg=no
[2026-08-03T05:51:01.186Z] LiveUpdateForge: AfterToolExec flush
[2026-08-03T05:51:01.235Z] InitialReadForge.onBeforeSend: SKIP (fr=true syn=false hasRead=true)
[2026-08-03T05:51:23.104Z] LiveUpdateForge: EndTurn fallback flush
[2026-08-03T05:51:23.105Z] onEndTurn: naturalStop=false toolCalls=32 nudgeMsg=no
[2026-08-03T05:51:23.135Z] LiveUpdateForge: AfterToolExec flush
[2026-08-03T05:51:23.211Z] InitialReadForge.onBeforeSend: SKIP (fr=true syn=false hasRead=true)
[2026-08-03T05:51:34.285Z] LiveUpdateForge: EndTurn fallback flush
[2026-08-03T05:51:34.285Z] onEndTurn: naturalStop=false toolCalls=33 nudgeMsg=no
[2026-08-03T05:51:34.304Z] LiveUpdateForge: AfterToolExec flush
[2026-08-03T05:51:34.359Z] InitialReadForge.onBeforeSend: SKIP (fr=true syn=false hasRead=true)
[2026-08-03T05:52:19.256Z] LiveUpdateForge: EndTurn fallback flush
[2026-08-03T05:52:19.258Z] onEndTurn: naturalStop=false toolCalls=34 nudgeMsg=no
[2026-08-03T05:52:19.730Z] LiveUpdateForge: AfterToolExec flush
[2026-08-03T05:52:19.784Z] InitialReadForge.onBeforeSend: SKIP (fr=true syn=false hasRead=true)
[2026-08-03T05:52:33.619Z] LiveUpdateForge: EndTurn fallback flush
[2026-08-03T05:52:33.620Z] onEndTurn: naturalStop=false toolCalls=35 nudgeMsg=no
[2026-08-03T05:52:56.889Z] LiveUpdateForge: AfterToolExec flush
[2026-08-03T05:52:56.948Z] InitialReadForge.onBeforeSend: SKIP (fr=true syn=false hasRead=true)
[2026-08-03T05:53:35.327Z] LiveUpdateForge: EndTurn fallback flush
[2026-08-03T05:53:35.327Z] onEndTurn: naturalStop=false toolCalls=36 nudgeMsg=no
[2026-08-03T05:53:35.404Z] LiveUpdateForge: AfterToolExec flush
[2026-08-03T05:53:35.453Z] InitialReadForge.onBeforeSend: SKIP (fr=true syn=false hasRead=true)
[2026-08-03T05:53:42.612Z] LiveUpdateForge: EndTurn fallback flush
[2026-08-03T05:53:42.613Z] onEndTurn: naturalStop=false toolCalls=37 nudgeMsg=no
[2026-08-03T05:53:43.146Z] LiveUpdateForge: AfterToolExec flush
[2026-08-03T05:53:43.199Z] InitialReadForge.onBeforeSend: SKIP (fr=true syn=false hasRead=true)
[2026-08-03T05:53:50.345Z] LiveUpdateForge: EndTurn fallback flush
[2026-08-03T05:53:50.345Z] onEndTurn: naturalStop=false toolCalls=38 nudgeMsg=no
[2026-08-03T05:54:09.290Z] LiveUpdateForge: AfterToolExec flush
[2026-08-03T05:54:09.339Z] InitialReadForge.onBeforeSend: SKIP (fr=true syn=false hasRead=true)
[2026-08-03T05:54:54.609Z] LiveUpdateForge: EndTurn fallback flush
[2026-08-03T05:54:54.610Z] onEndTurn: naturalStop=false toolCalls=39 nudgeMsg=no
[2026-08-03T05:54:54.656Z] LiveUpdateForge: AfterToolExec flush
[2026-08-03T05:54:54.705Z] InitialReadForge.onBeforeSend: SKIP (fr=true syn=false hasRead=true)
[2026-08-03T05:55:00.973Z] LiveUpdateForge: EndTurn fallback flush
[2026-08-03T05:55:00.974Z] onEndTurn: naturalStop=false toolCalls=40 nudgeMsg=no
[2026-08-03T05:55:01.460Z] LiveUpdateForge: AfterToolExec flush
[2026-08-03T05:55:01.505Z] InitialReadForge.onBeforeSend: SKIP (fr=true syn=false hasRead=true)
[2026-08-03T05:55:09.912Z] LiveUpdateForge: EndTurn fallback flush
[2026-08-03T05:55:09.913Z] onEndTurn: naturalStop=false toolCalls=41 nudgeMsg=no
[2026-08-03T05:55:54.300Z] LiveUpdateForge: AfterToolExec flush
[2026-08-03T05:55:54.357Z] InitialReadForge.onBeforeSend: SKIP (fr=true syn=false hasRead=true)
[2026-08-03T05:56:10.603Z] LiveUpdateForge: EndTurn fallback flush
[2026-08-03T05:56:10.604Z] onEndTurn: naturalStop=false toolCalls=42 nudgeMsg=no
[2026-08-03T05:56:10.633Z] LiveUpdateForge: AfterToolExec flush
[2026-08-03T05:56:10.682Z] InitialReadForge.onBeforeSend: SKIP (fr=true syn=false hasRead=true)
[2026-08-03T05:56:48.470Z] LiveUpdateForge: EndTurn fallback flush
[2026-08-03T05:56:48.470Z] onEndTurn: naturalStop=false toolCalls=43 nudgeMsg=no
[2026-08-03T05:56:48.943Z] LiveUpdateForge: AfterToolExec flush
[2026-08-03T05:56:48.992Z] InitialReadForge.onBeforeSend: SKIP (fr=true syn=false hasRead=true)
[2026-08-03T05:57:30.535Z] LiveUpdateForge: EndTurn fallback flush
[2026-08-03T05:57:30.536Z] onEndTurn: naturalStop=false toolCalls=44 nudgeMsg=no
[2026-08-03T05:58:16.312Z] LiveUpdateForge: AfterToolExec flush
[2026-08-03T05:58:16.366Z] InitialReadForge.onBeforeSend: SKIP (fr=true syn=false hasRead=true)
[2026-08-03T05:58:28.748Z] LiveUpdateForge: EndTurn fallback flush
[2026-08-03T05:58:28.748Z] onEndTurn: naturalStop=false toolCalls=45 nudgeMsg=no
[2026-08-03T05:58:44.151Z] LiveUpdateForge: AfterToolExec flush
[2026-08-03T05:58:44.201Z] InitialReadForge.onBeforeSend: SKIP (fr=true syn=false hasRead=true)
[2026-08-03T05:58:48.284Z] LiveUpdateForge: EndTurn fallback flush
[2026-08-03T05:58:48.285Z] onEndTurn: naturalStop=false toolCalls=46 nudgeMsg=no
[2026-08-03T05:58:48.321Z] LiveUpdateForge: AfterToolExec flush
[2026-08-03T05:58:48.366Z] InitialReadForge.onBeforeSend: SKIP (fr=true syn=false hasRead=true)
[2026-08-03T05:59:01.535Z] LiveUpdateForge: EndTurn fallback flush
[2026-08-03T05:59:01.535Z] onEndTurn: naturalStop=false toolCalls=47 nudgeMsg=no
[2026-08-03T05:59:01.569Z] LiveUpdateForge: AfterToolExec flush
[2026-08-03T05:59:01.615Z] InitialReadForge.onBeforeSend: SKIP (fr=true syn=false hasRead=true)
[2026-08-03T05:59:10.878Z] LiveUpdateForge: EndTurn fallback flush
[2026-08-03T05:59:10.878Z] onEndTurn: naturalStop=false toolCalls=48 nudgeMsg=no
[2026-08-03T05:59:10.918Z] LiveUpdateForge: AfterToolExec flush
[2026-08-03T05:59:10.968Z] InitialReadForge.onBeforeSend: SKIP (fr=true syn=false hasRead=true)
[2026-08-03T05:59:14.812Z] LiveUpdateForge: EndTurn fallback flush
[2026-08-03T05:59:14.813Z] onEndTurn: naturalStop=false toolCalls=49 nudgeMsg=no
[2026-08-03T05:59:15.171Z] LiveUpdateForge: AfterToolExec flush
[2026-08-03T05:59:15.242Z] InitialReadForge.onBeforeSend: SKIP (fr=true syn=false hasRead=true)
[2026-08-03T05:59:17.606Z] LiveUpdateForge: EndTurn fallback flush
[2026-08-03T05:59:17.607Z] onEndTurn: naturalStop=false toolCalls=50 nudgeMsg=no
[2026-08-03T05:59:17.625Z] LiveUpdateForge: AfterToolExec flush
[2026-08-03T05:59:17.682Z] InitialReadForge.onBeforeSend: SKIP (fr=true syn=false hasRead=true)
[2026-08-03T05:59:25.246Z] LiveUpdateForge: EndTurn fallback flush
[2026-08-03T05:59:25.247Z] onEndTurn: naturalStop=false toolCalls=51 nudgeMsg=no
[2026-08-03T05:59:29.294Z] LiveUpdateForge: AfterToolExec flush
[2026-08-03T05:59:29.345Z] InitialReadForge.onBeforeSend: SKIP (fr=true syn=false hasRead=true)
[2026-08-03T05:59:32.064Z] LiveUpdateForge: EndTurn fallback flush
[2026-08-03T05:59:32.064Z] onEndTurn: naturalStop=false toolCalls=52 nudgeMsg=no
[2026-08-03T05:59:32.556Z] LiveUpdateForge: AfterToolExec flush
[2026-08-03T05:59:32.610Z] InitialReadForge.onBeforeSend: SKIP (fr=true syn=false hasRead=true)
[2026-08-03T06:00:14.314Z] LiveUpdateForge: EndTurn fallback flush
[2026-08-03T06:00:14.314Z] onEndTurn: naturalStop=false toolCalls=53 nudgeMsg=no
[2026-08-03T06:00:35.336Z] LiveUpdateForge: AfterToolExec flush
[2026-08-03T06:00:35.395Z] InitialReadForge.onBeforeSend: SKIP (fr=true syn=false hasRead=true)
[2026-08-03T06:01:19.166Z] LiveUpdateForge: EndTurn fallback flush
[2026-08-03T06:01:19.166Z] onEndTurn: naturalStop=false toolCalls=54 nudgeMsg=no
[2026-08-03T06:01:19.888Z] LiveUpdateForge: AfterToolExec flush
[2026-08-03T06:01:19.937Z] InitialReadForge.onBeforeSend: SKIP (fr=true syn=false hasRead=true)
[2026-08-03T06:01:59.570Z] LiveUpdateForge: EndTurn fallback flush
[2026-08-03T06:01:59.570Z] onEndTurn: naturalStop=false toolCalls=55 nudgeMsg=no
[2026-08-03T06:01:59.576Z] LiveUpdateForge: AfterToolExec flush
[2026-08-03T06:01:59.630Z] InitialReadForge.onBeforeSend: SKIP (fr=true syn=false hasRead=true)
[2026-08-03T06:02:09.483Z] LiveUpdateForge: EndTurn fallback flush
[2026-08-03T06:02:09.483Z] onEndTurn: naturalStop=true toolCalls=0 nudgeMsg=YES
[2026-08-03T06:02:09.490Z] InitialReadForge.onBeforeSend: SKIP (fr=false syn=false hasRead=true)
[2026-08-03T06:02:17.632Z] LiveUpdateForge: EndTurn fallback flush
[2026-08-03T06:02:17.632Z] onEndTurn: naturalStop=true toolCalls=0 nudgeMsg=no
[2026-08-03T06:03:30.860Z] ResumeDiffForge: running checkResumeConsistency
[2026-08-03T06:03:30.860Z] checkResumeConsistency: forgedTimestamps=[]
[2026-08-03T06:03:30.890Z] checkResumeConsistency: no changes detected
[2026-08-03T06:03:30.891Z] LiveUpdateForge: session reset, allowLiveUpdate = false
[2026-08-03T06:03:30.891Z] NudgeForge: ResumeComplete — restoring count from history
[2026-08-03T06:03:30.892Z] restoreNudgeCountFromHistory: found nudge message at idx=227 count=0
[2026-08-03T06:03:30.920Z] LiveUpdateForge: allowLiveUpdate = true (first real BeforeSend)
[2026-08-03T06:03:30.920Z] InitialReadForge.onBeforeSend: SKIP (fr=false syn=false hasRead=true)
[2026-08-03T06:04:18.014Z] ResumeDiffForge: running checkResumeConsistency
[2026-08-03T06:04:18.015Z] checkResumeConsistency: forgedTimestamps=[]
[2026-08-03T06:04:18.030Z] checkResumeConsistency: no changes detected
[2026-08-03T06:04:18.031Z] LiveUpdateForge: session reset, allowLiveUpdate = false
[2026-08-03T06:04:18.032Z] NudgeForge: ResumeComplete — restoring count from history
[2026-08-03T06:04:18.032Z] restoreNudgeCountFromHistory: found nudge message at idx=227 count=0
[2026-08-03T06:04:18.064Z] LiveUpdateForge: allowLiveUpdate = true (first real BeforeSend)
[2026-08-03T06:04:18.065Z] InitialReadForge.onBeforeSend: SKIP (fr=false syn=false hasRead=true)
[2026-08-03T06:04:31.603Z] LiveUpdateForge: EndTurn fallback flush
[2026-08-03T06:04:31.604Z] onEndTurn: naturalStop=false toolCalls=0 nudgeMsg=no
[2026-08-03T06:04:44.710Z] LiveUpdateForge: AfterToolExec flush
[2026-08-03T06:04:44.738Z] InitialReadForge.onBeforeSend: SKIP (fr=true syn=false hasRead=true)
[2026-08-03T06:04:54.958Z] LiveUpdateForge: EndTurn fallback flush
[2026-08-03T06:04:54.959Z] onEndTurn: naturalStop=false toolCalls=1 nudgeMsg=no
[2026-08-03T06:04:55.395Z] LiveUpdateForge: AfterToolExec flush
[2026-08-03T06:04:55.421Z] InitialReadForge.onBeforeSend: SKIP (fr=true syn=false hasRead=true)
[2026-08-03T06:05:12.925Z] LiveUpdateForge: EndTurn fallback flush
[2026-08-03T06:05:12.925Z] onEndTurn: naturalStop=false toolCalls=2 nudgeMsg=no
[2026-08-03T06:05:12.939Z] LiveUpdateForge: AfterToolExec flush
[2026-08-03T06:05:12.969Z] InitialReadForge.onBeforeSend: SKIP (fr=true syn=false hasRead=true)
[2026-08-03T06:05:22.296Z] LiveUpdateForge: EndTurn fallback flush
[2026-08-03T06:05:22.297Z] onEndTurn: naturalStop=false toolCalls=3 nudgeMsg=no
[2026-08-03T06:05:22.311Z] LiveUpdateForge: AfterToolExec flush
[2026-08-03T06:05:22.342Z] InitialReadForge.onBeforeSend: SKIP (fr=true syn=false hasRead=true)
[2026-08-03T06:05:28.078Z] LiveUpdateForge: EndTurn fallback flush
[2026-08-03T06:05:28.078Z] onEndTurn: naturalStop=false toolCalls=4 nudgeMsg=no
[2026-08-03T06:05:28.093Z] LiveUpdateForge: AfterToolExec flush
[2026-08-03T06:05:28.124Z] InitialReadForge.onBeforeSend: SKIP (fr=true syn=false hasRead=true)
[2026-08-03T06:05:59.130Z] LiveUpdateForge: EndTurn fallback flush
[2026-08-03T06:05:59.131Z] onEndTurn: naturalStop=false toolCalls=5 nudgeMsg=no
[2026-08-03T06:05:59.480Z] LiveUpdateForge: AfterToolExec flush
[2026-08-03T06:05:59.507Z] InitialReadForge.onBeforeSend: SKIP (fr=true syn=false hasRead=true)
[2026-08-03T06:06:03.721Z] LiveUpdateForge: EndTurn fallback flush
[2026-08-03T06:06:03.722Z] onEndTurn: naturalStop=false toolCalls=6 nudgeMsg=no
[2026-08-03T06:06:03.734Z] LiveUpdateForge: AfterToolExec flush
[2026-08-03T06:06:03.763Z] InitialReadForge.onBeforeSend: SKIP (fr=true syn=false hasRead=true)
[2026-08-03T06:07:16.915Z] LiveUpdateForge: EndTurn fallback flush
[2026-08-03T06:07:16.916Z] onEndTurn: naturalStop=false toolCalls=7 nudgeMsg=no
[2026-08-03T06:07:16.925Z] LiveUpdateForge: AfterToolExec flush
[2026-08-03T06:07:16.962Z] InitialReadForge.onBeforeSend: SKIP (fr=true syn=false hasRead=true)
[2026-08-03T06:07:41.435Z] LiveUpdateForge: EndTurn fallback flush
[2026-08-03T06:07:41.436Z] onEndTurn: naturalStop=false toolCalls=8 nudgeMsg=no
[2026-08-03T06:07:41.442Z] LiveUpdateForge: AfterToolExec flush
[2026-08-03T06:07:41.478Z] InitialReadForge.onBeforeSend: SKIP (fr=true syn=false hasRead=true)
[2026-08-03T06:08:16.777Z] LiveUpdateForge: EndTurn fallback flush
[2026-08-03T06:08:16.779Z] onEndTurn: naturalStop=false toolCalls=9 nudgeMsg=no
[2026-08-03T06:08:16.921Z] LiveUpdateForge: AfterToolExec flush
[2026-08-03T06:08:16.957Z] InitialReadForge.onBeforeSend: SKIP (fr=true syn=false hasRead=true)
[2026-08-03T06:08:22.840Z] LiveUpdateForge: EndTurn fallback flush
[2026-08-03T06:08:22.841Z] onEndTurn: naturalStop=false toolCalls=10 nudgeMsg=no
[2026-08-03T06:08:22.855Z] LiveUpdateForge: AfterToolExec flush
[2026-08-03T06:08:22.893Z] InitialReadForge.onBeforeSend: SKIP (fr=true syn=false hasRead=true)
[2026-08-03T06:09:12.542Z] LiveUpdateForge: EndTurn fallback flush
[2026-08-03T06:09:12.543Z] onEndTurn: naturalStop=false toolCalls=11 nudgeMsg=no
[2026-08-03T06:09:12.763Z] LiveUpdateForge: AfterToolExec flush
[2026-08-03T06:09:12.798Z] InitialReadForge.onBeforeSend: SKIP (fr=true syn=false hasRead=true)
[2026-08-03T06:09:57.692Z] LiveUpdateForge: EndTurn fallback flush
[2026-08-03T06:09:57.693Z] onEndTurn: naturalStop=false toolCalls=12 nudgeMsg=no
[2026-08-03T06:09:57.895Z] LiveUpdateForge: AfterToolExec flush
[2026-08-03T06:09:57.932Z] InitialReadForge.onBeforeSend: SKIP (fr=true syn=false hasRead=true)
[2026-08-03T06:10:45.928Z] LiveUpdateForge: EndTurn fallback flush
[2026-08-03T06:10:45.929Z] onEndTurn: naturalStop=false toolCalls=13 nudgeMsg=no
[2026-08-03T06:10:46.249Z] LiveUpdateForge: AfterToolExec flush
[2026-08-03T06:10:46.280Z] InitialReadForge.onBeforeSend: SKIP (fr=true syn=false hasRead=true)
[2026-08-03T06:10:51.964Z] LiveUpdateForge: EndTurn fallback flush
[2026-08-03T06:10:51.965Z] onEndTurn: naturalStop=false toolCalls=14 nudgeMsg=no
[2026-08-03T06:10:51.979Z] LiveUpdateForge: AfterToolExec flush
[2026-08-03T06:10:52.017Z] InitialReadForge.onBeforeSend: SKIP (fr=true syn=false hasRead=true)
[2026-08-03T06:11:00.145Z] LiveUpdateForge: EndTurn fallback flush
[2026-08-03T06:11:00.145Z] onEndTurn: naturalStop=false toolCalls=15 nudgeMsg=no
[2026-08-03T06:11:00.222Z] LiveUpdateForge: AfterToolExec flush
[2026-08-03T06:11:00.259Z] InitialReadForge.onBeforeSend: SKIP (fr=true syn=false hasRead=true)
[2026-08-03T06:11:11.030Z] LiveUpdateForge: EndTurn fallback flush
[2026-08-03T06:11:11.031Z] onEndTurn: naturalStop=false toolCalls=16 nudgeMsg=no
[2026-08-03T06:11:11.138Z] LiveUpdateForge: AfterToolExec flush
[2026-08-03T06:11:11.176Z] InitialReadForge.onBeforeSend: SKIP (fr=true syn=false hasRead=true)
[2026-08-03T06:11:19.933Z] LiveUpdateForge: EndTurn fallback flush
[2026-08-03T06:11:19.934Z] onEndTurn: naturalStop=false toolCalls=17 nudgeMsg=no
[2026-08-03T06:11:19.942Z] LiveUpdateForge: AfterToolExec flush
[2026-08-03T06:11:19.982Z] InitialReadForge.onBeforeSend: SKIP (fr=true syn=false hasRead=true)
[2026-08-03T06:11:25.823Z] LiveUpdateForge: EndTurn fallback flush
[2026-08-03T06:11:25.824Z] onEndTurn: naturalStop=false toolCalls=18 nudgeMsg=no
[2026-08-03T06:11:25.837Z] LiveUpdateForge: AfterToolExec flush
[2026-08-03T06:11:25.872Z] InitialReadForge.onBeforeSend: SKIP (fr=true syn=false hasRead=true)
[2026-08-03T06:11:32.588Z] LiveUpdateForge: EndTurn fallback flush
[2026-08-03T06:11:32.589Z] onEndTurn: naturalStop=false toolCalls=19 nudgeMsg=no
[2026-08-03T06:11:32.602Z] LiveUpdateForge: AfterToolExec flush
[2026-08-03T06:11:32.640Z] InitialReadForge.onBeforeSend: SKIP (fr=true syn=false hasRead=true)
[2026-08-03T06:11:36.659Z] LiveUpdateForge: EndTurn fallback flush
[2026-08-03T06:11:36.660Z] onEndTurn: naturalStop=false toolCalls=20 nudgeMsg=no
[2026-08-03T06:11:36.844Z] LiveUpdateForge: AfterToolExec flush
[2026-08-03T06:11:36.879Z] InitialReadForge.onBeforeSend: SKIP (fr=true syn=false hasRead=true)
[2026-08-03T06:11:41.940Z] LiveUpdateForge: EndTurn fallback flush
[2026-08-03T06:11:41.941Z] onEndTurn: naturalStop=false toolCalls=21 nudgeMsg=no
[2026-08-03T06:11:42.103Z] LiveUpdateForge: AfterToolExec flush
[2026-08-03T06:11:42.141Z] InitialReadForge.onBeforeSend: SKIP (fr=true syn=false hasRead=true)
[2026-08-03T06:11:47.075Z] LiveUpdateForge: EndTurn fallback flush
[2026-08-03T06:11:47.075Z] onEndTurn: naturalStop=false toolCalls=22 nudgeMsg=no
[2026-08-03T06:11:47.087Z] LiveUpdateForge: AfterToolExec flush
[2026-08-03T06:11:47.119Z] InitialReadForge.onBeforeSend: SKIP (fr=true syn=false hasRead=true)
[2026-08-03T06:11:55.085Z] LiveUpdateForge: EndTurn fallback flush
[2026-08-03T06:11:55.085Z] onEndTurn: naturalStop=false toolCalls=23 nudgeMsg=no
[2026-08-03T06:11:55.166Z] LiveUpdateForge: AfterToolExec flush
[2026-08-03T06:11:55.201Z] InitialReadForge.onBeforeSend: SKIP (fr=true syn=false hasRead=true)
[2026-08-03T06:12:24.291Z] LiveUpdateForge: EndTurn fallback flush
[2026-08-03T06:12:24.292Z] onEndTurn: naturalStop=false toolCalls=24 nudgeMsg=no
[2026-08-03T06:16:36.125Z] LiveUpdateForge: AfterToolExec flush
[2026-08-03T06:16:36.263Z] InitialReadForge.onBeforeSend: SKIP (fr=true syn=false hasRead=true)
[2026-08-03T06:16:54.466Z] LiveUpdateForge: EndTurn fallback flush
[2026-08-03T06:16:54.467Z] onEndTurn: naturalStop=false toolCalls=25 nudgeMsg=no
[2026-08-03T06:21:04.094Z] LiveUpdateForge: AfterToolExec flush
[2026-08-03T06:21:04.366Z] InitialReadForge.onBeforeSend: SKIP (fr=true syn=false hasRead=true)
[2026-08-03T06:21:28.397Z] LiveUpdateForge: EndTurn fallback flush
[2026-08-03T06:21:28.397Z] onEndTurn: naturalStop=false toolCalls=26 nudgeMsg=no
[2026-08-03T06:27:38.720Z] LiveUpdateForge: AfterToolExec flush
[2026-08-03T06:27:38.778Z] InitialReadForge.onBeforeSend: SKIP (fr=true syn=false hasRead=true)
[2026-08-03T06:27:53.705Z] LiveUpdateForge: EndTurn fallback flush
[2026-08-03T06:27:53.705Z] onEndTurn: naturalStop=false toolCalls=27 nudgeMsg=no
[2026-08-03T06:27:53.716Z] LiveUpdateForge: AfterToolExec flush
[2026-08-03T06:27:53.751Z] InitialReadForge.onBeforeSend: SKIP (fr=true syn=false hasRead=true)
[2026-08-03T06:28:01.266Z] LiveUpdateForge: EndTurn fallback flush
[2026-08-03T06:28:01.266Z] onEndTurn: naturalStop=false toolCalls=28 nudgeMsg=no
[2026-08-03T06:28:01.380Z] LiveUpdateForge: AfterToolExec flush
[2026-08-03T06:28:01.408Z] InitialReadForge.onBeforeSend: SKIP (fr=true syn=false hasRead=true)
[2026-08-03T06:28:12.121Z] LiveUpdateForge: EndTurn fallback flush
[2026-08-03T06:28:12.122Z] onEndTurn: naturalStop=false toolCalls=29 nudgeMsg=no
[2026-08-03T06:28:12.211Z] LiveUpdateForge: AfterToolExec flush
[2026-08-03T06:28:12.243Z] InitialReadForge.onBeforeSend: SKIP (fr=true syn=false hasRead=true)
[2026-08-03T06:28:31.444Z] LiveUpdateForge: EndTurn fallback flush
[2026-08-03T06:28:31.445Z] onEndTurn: naturalStop=false toolCalls=30 nudgeMsg=no
[2026-08-03T06:29:07.275Z] LiveUpdateForge: AfterToolExec flush
[2026-08-03T06:29:07.308Z] InitialReadForge.onBeforeSend: SKIP (fr=true syn=false hasRead=true)
[2026-08-03T06:29:31.132Z] LiveUpdateForge: EndTurn fallback flush
[2026-08-03T06:29:31.132Z] onEndTurn: naturalStop=false toolCalls=31 nudgeMsg=no
[2026-08-03T06:29:31.207Z] LiveUpdateForge: AfterToolExec flush
[2026-08-03T06:29:31.241Z] InitialReadForge.onBeforeSend: SKIP (fr=true syn=false hasRead=true)
[2026-08-03T06:30:16.960Z] LiveUpdateForge: EndTurn fallback flush
[2026-08-03T06:30:16.960Z] onEndTurn: naturalStop=false toolCalls=32 nudgeMsg=no
[2026-08-03T06:30:23.432Z] LiveUpdateForge: AfterToolExec flush
[2026-08-03T06:30:23.471Z] InitialReadForge.onBeforeSend: SKIP (fr=true syn=false hasRead=true)
[2026-08-03T06:30:41.547Z] LiveUpdateForge: EndTurn fallback flush
[2026-08-03T06:30:41.547Z] onEndTurn: naturalStop=false toolCalls=33 nudgeMsg=no
[2026-08-03T06:30:43.861Z] LiveUpdateForge: AfterToolExec flush
[2026-08-03T06:30:43.902Z] InitialReadForge.onBeforeSend: SKIP (fr=true syn=false hasRead=true)
[2026-08-03T06:30:47.844Z] LiveUpdateForge: EndTurn fallback flush
[2026-08-03T06:30:47.844Z] onEndTurn: naturalStop=false toolCalls=34 nudgeMsg=no
[2026-08-03T06:30:48.446Z] LiveUpdateForge: AfterToolExec flush
[2026-08-03T06:30:48.484Z] InitialReadForge.onBeforeSend: SKIP (fr=true syn=false hasRead=true)
[2026-08-03T06:30:59.916Z] LiveUpdateForge: EndTurn fallback flush
[2026-08-03T06:30:59.916Z] onEndTurn: naturalStop=false toolCalls=35 nudgeMsg=no
[2026-08-03T06:31:28.866Z] LiveUpdateForge: AfterToolExec flush
[2026-08-03T06:31:28.921Z] InitialReadForge.onBeforeSend: SKIP (fr=true syn=false hasRead=true)
[2026-08-03T06:31:38.860Z] LiveUpdateForge: EndTurn fallback flush
[2026-08-03T06:31:38.861Z] onEndTurn: naturalStop=false toolCalls=36 nudgeMsg=no
[2026-08-03T06:31:39.444Z] LiveUpdateForge: AfterToolExec flush
[2026-08-03T06:31:39.487Z] InitialReadForge.onBeforeSend: SKIP (fr=true syn=false hasRead=true)
[2026-08-03T06:31:44.422Z] LiveUpdateForge: EndTurn fallback flush
[2026-08-03T06:31:44.422Z] onEndTurn: naturalStop=false toolCalls=37 nudgeMsg=no
[2026-08-03T06:31:44.973Z] LiveUpdateForge: AfterToolExec flush
[2026-08-03T06:31:45.015Z] InitialReadForge.onBeforeSend: SKIP (fr=true syn=false hasRead=true)
[2026-08-03T06:31:49.361Z] LiveUpdateForge: EndTurn fallback flush
[2026-08-03T06:31:49.362Z] onEndTurn: naturalStop=false toolCalls=38 nudgeMsg=no
[2026-08-03T06:31:57.814Z] LiveUpdateForge: AfterToolExec flush
[2026-08-03T06:31:57.856Z] InitialReadForge.onBeforeSend: SKIP (fr=true syn=false hasRead=true)
[2026-08-03T06:32:04.861Z] LiveUpdateForge: EndTurn fallback flush
[2026-08-03T06:32:04.861Z] onEndTurn: naturalStop=false toolCalls=39 nudgeMsg=no
[2026-08-03T06:32:05.556Z] LiveUpdateForge: AfterToolExec flush
[2026-08-03T06:32:05.596Z] InitialReadForge.onBeforeSend: SKIP (fr=true syn=false hasRead=true)
[2026-08-03T06:32:11.721Z] LiveUpdateForge: EndTurn fallback flush
[2026-08-03T06:32:11.722Z] onEndTurn: naturalStop=false toolCalls=40 nudgeMsg=no
[2026-08-03T06:32:11.726Z] LiveUpdateForge: AfterToolExec flush
[2026-08-03T06:32:11.765Z] InitialReadForge.onBeforeSend: SKIP (fr=true syn=false hasRead=true)
[2026-08-03T06:32:29.612Z] LiveUpdateForge: EndTurn fallback flush
[2026-08-03T06:32:29.612Z] onEndTurn: naturalStop=true toolCalls=41 nudgeMsg=no
[2026-08-03T06:33:45.478Z] ResumeDiffForge: running checkResumeConsistency
[2026-08-03T06:33:45.479Z] checkResumeConsistency: forgedTimestamps=[]
[2026-08-03T06:33:45.503Z] checkResumeConsistency: no changes detected
[2026-08-03T06:33:45.615Z] LiveUpdateForge: session reset, allowLiveUpdate = false
[2026-08-03T06:33:45.615Z] NudgeForge: ResumeComplete — restoring count from history
[2026-08-03T06:33:45.616Z] restoreNudgeCountFromHistory: found nudge message at idx=227 count=41
[2026-08-03T06:33:45.723Z] LiveUpdateForge: allowLiveUpdate = true (first real BeforeSend)
[2026-08-03T06:33:45.724Z] InitialReadForge.onBeforeSend: SKIP (fr=false syn=false hasRead=true)
[2026-08-03T06:34:57.424Z] LiveUpdateForge: EndTurn fallback flush
[2026-08-03T06:34:57.424Z] onEndTurn: naturalStop=false toolCalls=41 nudgeMsg=no
[2026-08-03T06:34:57.854Z] LiveUpdateForge: AfterToolExec flush
[2026-08-03T06:34:57.903Z] InitialReadForge.onBeforeSend: SKIP (fr=true syn=false hasRead=true)
[2026-08-03T06:35:16.094Z] LiveUpdateForge: EndTurn fallback flush
[2026-08-03T06:35:16.095Z] onEndTurn: naturalStop=false toolCalls=42 nudgeMsg=no
[2026-08-03T06:35:16.113Z] LiveUpdateForge: AfterToolExec flush
[2026-08-03T06:35:16.193Z] LiveUpdateForge: AfterToolExec flush
[2026-08-03T06:35:16.195Z] LiveUpdateForge: AfterToolExec flush
[2026-08-03T06:35:16.246Z] InitialReadForge.onBeforeSend: SKIP (fr=true syn=false hasRead=true)
[2026-08-03T06:35:31.930Z] LiveUpdateForge: EndTurn fallback flush
[2026-08-03T06:35:31.931Z] onEndTurn: naturalStop=false toolCalls=45 nudgeMsg=no
[2026-08-03T06:35:32.366Z] LiveUpdateForge: AfterToolExec flush
[2026-08-03T06:35:32.418Z] InitialReadForge.onBeforeSend: SKIP (fr=true syn=false hasRead=true)
[2026-08-03T06:35:57.220Z] LiveUpdateForge: EndTurn fallback flush
[2026-08-03T06:35:57.221Z] onEndTurn: naturalStop=false toolCalls=46 nudgeMsg=no
[2026-08-03T06:38:14.175Z] LiveUpdateForge: AfterToolExec flush
[2026-08-03T06:38:14.267Z] InitialReadForge.onBeforeSend: SKIP (fr=true syn=false hasRead=true)
[2026-08-03T06:38:20.332Z] LiveUpdateForge: EndTurn fallback flush
[2026-08-03T06:38:20.333Z] onEndTurn: naturalStop=false toolCalls=47 nudgeMsg=no
[2026-08-03T06:38:20.522Z] LiveUpdateForge: AfterToolExec flush
[2026-08-03T06:38:20.568Z] InitialReadForge.onBeforeSend: SKIP (fr=true syn=false hasRead=true)
[2026-08-03T06:38:24.047Z] LiveUpdateForge: EndTurn fallback flush
[2026-08-03T06:38:24.172Z] onEndTurn: naturalStop=false toolCalls=48 nudgeMsg=no
[2026-08-03T06:38:24.849Z] LiveUpdateForge: AfterToolExec flush
[2026-08-03T06:38:24.890Z] InitialReadForge.onBeforeSend: SKIP (fr=true syn=false hasRead=true)
[2026-08-03T06:38:33.614Z] LiveUpdateForge: EndTurn fallback flush
[2026-08-03T06:38:33.615Z] onEndTurn: naturalStop=false toolCalls=49 nudgeMsg=no
[2026-08-03T06:38:45.688Z] LiveUpdateForge: AfterToolExec flush
[2026-08-03T06:38:45.733Z] InitialReadForge.onBeforeSend: SKIP (fr=true syn=false hasRead=true)
[2026-08-03T06:38:58.663Z] LiveUpdateForge: EndTurn fallback flush
[2026-08-03T06:38:58.663Z] onEndTurn: naturalStop=false toolCalls=50 nudgeMsg=no
[2026-08-03T06:38:58.709Z] LiveUpdateForge: AfterToolExec flush
[2026-08-03T06:38:58.748Z] InitialReadForge.onBeforeSend: SKIP (fr=true syn=false hasRead=true)
[2026-08-03T06:39:04.276Z] LiveUpdateForge: EndTurn fallback flush
[2026-08-03T06:39:04.276Z] onEndTurn: naturalStop=false toolCalls=51 nudgeMsg=no
[2026-08-03T06:39:04.585Z] LiveUpdateForge: AfterToolExec flush
[2026-08-03T06:39:04.626Z] InitialReadForge.onBeforeSend: SKIP (fr=true syn=false hasRead=true)
[2026-08-03T06:39:09.252Z] LiveUpdateForge: EndTurn fallback flush
[2026-08-03T06:39:09.253Z] onEndTurn: naturalStop=false toolCalls=52 nudgeMsg=no
[2026-08-03T06:39:09.626Z] LiveUpdateForge: AfterToolExec flush
[2026-08-03T06:39:09.648Z] LiveUpdateForge: AfterToolExec flush
[2026-08-03T06:39:09.663Z] LiveUpdateForge: AfterToolExec flush
[2026-08-03T06:39:09.673Z] LiveUpdateForge: AfterToolExec flush
[2026-08-03T06:39:09.720Z] InitialReadForge.onBeforeSend: SKIP (fr=true syn=false hasRead=true)
[2026-08-03T06:39:16.705Z] LiveUpdateForge: EndTurn fallback flush
[2026-08-03T06:39:16.706Z] onEndTurn: naturalStop=false toolCalls=56 nudgeMsg=no
[2026-08-03T06:39:17.024Z] LiveUpdateForge: AfterToolExec flush
[2026-08-03T06:39:17.064Z] InitialReadForge.onBeforeSend: SKIP (fr=true syn=false hasRead=true)
[2026-08-03T06:40:04.537Z] LiveUpdateForge: EndTurn fallback flush
[2026-08-03T06:40:04.538Z] onEndTurn: naturalStop=false toolCalls=57 nudgeMsg=no
[2026-08-03T06:43:22.164Z] LiveUpdateForge: AfterToolExec flush
[2026-08-03T06:43:22.231Z] InitialReadForge.onBeforeSend: SKIP (fr=true syn=false hasRead=true)
[2026-08-03T06:43:27.086Z] LiveUpdateForge: EndTurn fallback flush
[2026-08-03T06:43:27.086Z] onEndTurn: naturalStop=false toolCalls=58 nudgeMsg=no
[2026-08-03T06:43:37.924Z] LiveUpdateForge: AfterToolExec flush
[2026-08-03T06:43:37.970Z] InitialReadForge.onBeforeSend: SKIP (fr=true syn=false hasRead=true)
[2026-08-03T06:43:42.961Z] LiveUpdateForge: EndTurn fallback flush
[2026-08-03T06:43:42.962Z] onEndTurn: naturalStop=false toolCalls=59 nudgeMsg=no
[2026-08-03T06:43:43.025Z] LiveUpdateForge: AfterToolExec flush
[2026-08-03T06:43:43.069Z] InitialReadForge.onBeforeSend: SKIP (fr=true syn=false hasRead=true)
[2026-08-03T06:43:47.123Z] LiveUpdateForge: EndTurn fallback flush
[2026-08-03T06:43:47.124Z] onEndTurn: naturalStop=false toolCalls=60 nudgeMsg=no
[2026-08-03T06:43:53.461Z] LiveUpdateForge: AfterToolExec flush
[2026-08-03T06:43:53.534Z] InitialReadForge.onBeforeSend: SKIP (fr=true syn=false hasRead=true)
[2026-08-03T06:44:03.089Z] LiveUpdateForge: EndTurn fallback flush
[2026-08-03T06:44:03.090Z] onEndTurn: naturalStop=false toolCalls=61 nudgeMsg=no
[2026-08-03T06:44:05.168Z] LiveUpdateForge: AfterToolExec flush
[2026-08-03T06:44:05.220Z] InitialReadForge.onBeforeSend: SKIP (fr=true syn=false hasRead=true)
[2026-08-03T06:44:09.898Z] LiveUpdateForge: EndTurn fallback flush
[2026-08-03T06:44:09.899Z] onEndTurn: naturalStop=false toolCalls=62 nudgeMsg=no
[2026-08-03T06:44:10.959Z] LiveUpdateForge: AfterToolExec flush
[2026-08-03T06:44:11.016Z] InitialReadForge.onBeforeSend: SKIP (fr=true syn=false hasRead=true)
[2026-08-03T06:44:15.955Z] LiveUpdateForge: EndTurn fallback flush
[2026-08-03T06:44:15.956Z] onEndTurn: naturalStop=false toolCalls=63 nudgeMsg=no
[2026-08-03T06:44:16.403Z] LiveUpdateForge: AfterToolExec flush
[2026-08-03T06:44:16.455Z] InitialReadForge.onBeforeSend: SKIP (fr=true syn=false hasRead=true)
[2026-08-03T06:44:20.459Z] LiveUpdateForge: EndTurn fallback flush
[2026-08-03T06:44:20.459Z] onEndTurn: naturalStop=false toolCalls=64 nudgeMsg=no
[2026-08-03T06:44:20.917Z] LiveUpdateForge: AfterToolExec flush
[2026-08-03T06:44:20.973Z] InitialReadForge.onBeforeSend: SKIP (fr=true syn=false hasRead=true)
[2026-08-03T06:44:23.369Z] LiveUpdateForge: EndTurn fallback flush
[2026-08-03T06:44:23.370Z] onEndTurn: naturalStop=false toolCalls=65 nudgeMsg=no
[2026-08-03T06:44:23.954Z] LiveUpdateForge: AfterToolExec flush
[2026-08-03T06:44:24.141Z] InitialReadForge.onBeforeSend: SKIP (fr=true syn=false hasRead=true)
[2026-08-03T06:44:28.575Z] LiveUpdateForge: EndTurn fallback flush
[2026-08-03T06:44:28.575Z] onEndTurn: naturalStop=false toolCalls=66 nudgeMsg=no
[2026-08-03T06:44:35.312Z] LiveUpdateForge: AfterToolExec flush
[2026-08-03T06:44:35.369Z] InitialReadForge.onBeforeSend: SKIP (fr=true syn=false hasRead=true)
[2026-08-03T06:44:38.312Z] LiveUpdateForge: EndTurn fallback flush
[2026-08-03T06:44:38.313Z] onEndTurn: naturalStop=false toolCalls=67 nudgeMsg=no
[2026-08-03T06:44:38.722Z] LiveUpdateForge: AfterToolExec flush
[2026-08-03T06:44:38.791Z] InitialReadForge.onBeforeSend: SKIP (fr=true syn=false hasRead=true)
[2026-08-03T06:44:43.487Z] LiveUpdateForge: EndTurn fallback flush
[2026-08-03T06:44:43.488Z] onEndTurn: naturalStop=false toolCalls=68 nudgeMsg=no
[2026-08-03T06:44:43.877Z] LiveUpdateForge: AfterToolExec flush
[2026-08-03T06:44:43.943Z] InitialReadForge.onBeforeSend: SKIP (fr=true syn=false hasRead=true)
[2026-08-03T06:44:46.793Z] LiveUpdateForge: EndTurn fallback flush
[2026-08-03T06:44:46.794Z] onEndTurn: naturalStop=false toolCalls=69 nudgeMsg=no
[2026-08-03T06:44:47.328Z] LiveUpdateForge: AfterToolExec flush
[2026-08-03T06:44:47.382Z] InitialReadForge.onBeforeSend: SKIP (fr=true syn=false hasRead=true)
[2026-08-03T06:44:52.281Z] LiveUpdateForge: EndTurn fallback flush
[2026-08-03T06:44:52.282Z] onEndTurn: naturalStop=false toolCalls=70 nudgeMsg=no
[2026-08-03T06:44:55.535Z] LiveUpdateForge: AfterToolExec flush
[2026-08-03T06:44:55.584Z] InitialReadForge.onBeforeSend: SKIP (fr=true syn=false hasRead=true)
[2026-08-03T06:45:00.090Z] LiveUpdateForge: EndTurn fallback flush
[2026-08-03T06:45:00.091Z] onEndTurn: naturalStop=false toolCalls=71 nudgeMsg=no
[2026-08-03T06:45:00.810Z] LiveUpdateForge: AfterToolExec flush
[2026-08-03T06:45:00.859Z] InitialReadForge.onBeforeSend: SKIP (fr=true syn=false hasRead=true)
[2026-08-03T06:45:05.754Z] LiveUpdateForge: EndTurn fallback flush
[2026-08-03T06:45:05.754Z] onEndTurn: naturalStop=true toolCalls=0 nudgeMsg=YES
[2026-08-03T06:45:05.760Z] InitialReadForge.onBeforeSend: SKIP (fr=false syn=false hasRead=true)
[2026-08-03T06:45:09.999Z] LiveUpdateForge: EndTurn fallback flush
[2026-08-03T06:45:09.999Z] onEndTurn: naturalStop=false toolCalls=0 nudgeMsg=no
[2026-08-03T06:45:10.019Z] LiveUpdateForge: self-write on D:\unity\demo\CODELY.md, baseline aligned
[2026-08-03T06:45:10.020Z] LiveUpdateForge: AfterToolExec flush
[2026-08-03T06:45:10.063Z] InitialReadForge.onBeforeSend: SKIP (fr=true syn=false hasRead=true)
[2026-08-03T06:45:10.586Z] LiveUpdateForge: pending external change on D:\unity\demo\CODELY.md
[2026-08-03T06:45:11.783Z] LiveUpdateForge: EndTurn fallback flush
[2026-08-03T06:45:11.783Z] onEndTurn: naturalStop=true toolCalls=0 nudgeMsg=no
[2026-08-03T06:47:20.790Z] ResumeDiffForge: running checkResumeConsistency
[2026-08-03T06:47:20.791Z] checkResumeConsistency: forgedTimestamps=[]
[2026-08-03T06:47:20.806Z] checkResumeConsistency: no changes detected
[2026-08-03T06:47:20.903Z] LiveUpdateForge: session reset, allowLiveUpdate = false
[2026-08-03T06:47:20.904Z] NudgeForge: ResumeComplete — restoring count from history
[2026-08-03T06:47:20.904Z] restoreNudgeCountFromHistory: found last write at idx=369 count=0
[2026-08-03T06:47:21.038Z] LiveUpdateForge: allowLiveUpdate = true (first real BeforeSend)
[2026-08-03T06:47:21.072Z] InitialReadForge.onBeforeSend: SKIP (fr=false syn=false hasRead=true)
[2026-08-03T06:47:36.981Z] LiveUpdateForge: EndTurn fallback flush
[2026-08-03T06:47:36.981Z] onEndTurn: naturalStop=false toolCalls=0 nudgeMsg=no
[2026-08-03T06:48:04.917Z] LiveUpdateForge: AfterToolExec flush
[2026-08-03T06:48:04.965Z] InitialReadForge.onBeforeSend: SKIP (fr=true syn=false hasRead=true)
[2026-08-03T06:48:10.214Z] LiveUpdateForge: EndTurn fallback flush
[2026-08-03T06:48:10.215Z] onEndTurn: naturalStop=false toolCalls=1 nudgeMsg=no
[2026-08-03T06:48:10.230Z] LiveUpdateForge: AfterToolExec flush
[2026-08-03T06:48:10.273Z] InitialReadForge.onBeforeSend: SKIP (fr=true syn=false hasRead=true)
[2026-08-03T06:48:14.595Z] LiveUpdateForge: EndTurn fallback flush
[2026-08-03T06:48:14.596Z] onEndTurn: naturalStop=false toolCalls=2 nudgeMsg=no
[2026-08-03T06:48:14.608Z] LiveUpdateForge: AfterToolExec flush
[2026-08-03T06:48:14.646Z] InitialReadForge.onBeforeSend: SKIP (fr=true syn=false hasRead=true)
[2026-08-03T06:48:25.009Z] LiveUpdateForge: EndTurn fallback flush
[2026-08-03T06:48:25.009Z] onEndTurn: naturalStop=false toolCalls=3 nudgeMsg=no
[2026-08-03T06:48:25.022Z] LiveUpdateForge: AfterToolExec flush
[2026-08-03T06:48:25.064Z] InitialReadForge.onBeforeSend: SKIP (fr=true syn=false hasRead=true)
[2026-08-03T06:48:41.799Z] LiveUpdateForge: EndTurn fallback flush
[2026-08-03T06:48:41.800Z] onEndTurn: naturalStop=false toolCalls=4 nudgeMsg=no
[2026-08-03T06:48:42.127Z] LiveUpdateForge: AfterToolExec flush
[2026-08-03T06:48:42.175Z] InitialReadForge.onBeforeSend: SKIP (fr=true syn=false hasRead=true)
[2026-08-03T06:48:44.738Z] LiveUpdateForge: EndTurn fallback flush
[2026-08-03T06:48:44.738Z] onEndTurn: naturalStop=false toolCalls=5 nudgeMsg=no
[2026-08-03T06:48:45.209Z] LiveUpdateForge: AfterToolExec flush
[2026-08-03T06:48:45.256Z] InitialReadForge.onBeforeSend: SKIP (fr=true syn=false hasRead=true)
[2026-08-03T06:48:48.996Z] LiveUpdateForge: EndTurn fallback flush
[2026-08-03T06:48:48.997Z] onEndTurn: naturalStop=false toolCalls=6 nudgeMsg=no
[2026-08-03T06:48:49.196Z] LiveUpdateForge: AfterToolExec flush
[2026-08-03T06:48:49.242Z] InitialReadForge.onBeforeSend: SKIP (fr=true syn=false hasRead=true)
[2026-08-03T06:48:52.211Z] LiveUpdateForge: EndTurn fallback flush
[2026-08-03T06:48:52.212Z] onEndTurn: naturalStop=false toolCalls=7 nudgeMsg=no
[2026-08-03T06:48:52.937Z] LiveUpdateForge: AfterToolExec flush
[2026-08-03T06:48:52.974Z] InitialReadForge.onBeforeSend: SKIP (fr=true syn=false hasRead=true)
[2026-08-03T06:48:58.884Z] LiveUpdateForge: EndTurn fallback flush
[2026-08-03T06:48:58.884Z] onEndTurn: naturalStop=false toolCalls=8 nudgeMsg=no
[2026-08-03T06:49:09.448Z] LiveUpdateForge: AfterToolExec flush
[2026-08-03T06:49:09.491Z] InitialReadForge.onBeforeSend: SKIP (fr=true syn=false hasRead=true)
[2026-08-03T06:49:20.724Z] LiveUpdateForge: EndTurn fallback flush
[2026-08-03T06:49:20.724Z] onEndTurn: naturalStop=false toolCalls=9 nudgeMsg=no
[2026-08-03T06:49:26.940Z] LiveUpdateForge: AfterToolExec flush
[2026-08-03T06:49:26.977Z] InitialReadForge.onBeforeSend: SKIP (fr=true syn=false hasRead=true)
[2026-08-03T06:49:34.491Z] LiveUpdateForge: EndTurn fallback flush
[2026-08-03T06:49:34.492Z] onEndTurn: naturalStop=false toolCalls=10 nudgeMsg=no
[2026-08-03T06:49:36.717Z] LiveUpdateForge: AfterToolExec flush
[2026-08-03T06:49:36.758Z] InitialReadForge.onBeforeSend: SKIP (fr=true syn=false hasRead=true)
[2026-08-03T06:49:39.781Z] LiveUpdateForge: EndTurn fallback flush
[2026-08-03T06:49:39.782Z] onEndTurn: naturalStop=false toolCalls=11 nudgeMsg=no
[2026-08-03T06:49:40.267Z] LiveUpdateForge: AfterToolExec flush
[2026-08-03T06:49:40.310Z] InitialReadForge.onBeforeSend: SKIP (fr=true syn=false hasRead=true)
[2026-08-03T06:49:45.172Z] LiveUpdateForge: EndTurn fallback flush
[2026-08-03T06:49:45.173Z] onEndTurn: naturalStop=false toolCalls=12 nudgeMsg=no
[2026-08-03T06:50:00.816Z] LiveUpdateForge: AfterToolExec flush
[2026-08-03T06:50:00.858Z] InitialReadForge.onBeforeSend: SKIP (fr=true syn=false hasRead=true)
[2026-08-03T06:50:08.656Z] LiveUpdateForge: EndTurn fallback flush
[2026-08-03T06:50:08.657Z] onEndTurn: naturalStop=false toolCalls=13 nudgeMsg=no
[2026-08-03T06:50:09.320Z] LiveUpdateForge: AfterToolExec flush
[2026-08-03T06:50:09.361Z] InitialReadForge.onBeforeSend: SKIP (fr=true syn=false hasRead=true)
[2026-08-03T06:50:19.132Z] LiveUpdateForge: EndTurn fallback flush
[2026-08-03T06:50:19.133Z] onEndTurn: naturalStop=true toolCalls=14 nudgeMsg=no
[2026-08-03T06:51:51.371Z] ResumeDiffForge: running checkResumeConsistency
[2026-08-03T06:51:51.372Z] checkResumeConsistency: forgedTimestamps=[]
[2026-08-03T06:51:51.387Z] checkResumeConsistency: no changes detected
[2026-08-03T06:51:51.388Z] LiveUpdateForge: session reset, allowLiveUpdate = false
[2026-08-03T06:51:51.389Z] NudgeForge: ResumeComplete — restoring count from history
[2026-08-03T06:51:51.389Z] restoreNudgeCountFromHistory: found last write at idx=369 count=14
[2026-08-03T06:51:51.511Z] LiveUpdateForge: allowLiveUpdate = true (first real BeforeSend)
[2026-08-03T06:51:51.512Z] InitialReadForge.onBeforeSend: SKIP (fr=false syn=false hasRead=true)
[2026-08-03T06:52:00.382Z] LiveUpdateForge: EndTurn fallback flush
[2026-08-03T06:52:00.383Z] onEndTurn: naturalStop=false toolCalls=14 nudgeMsg=no
[2026-08-03T06:52:00.395Z] LiveUpdateForge: AfterToolExec flush
[2026-08-03T06:52:00.441Z] InitialReadForge.onBeforeSend: SKIP (fr=true syn=false hasRead=true)
[2026-08-03T06:52:03.410Z] LiveUpdateForge: EndTurn fallback flush
[2026-08-03T06:52:03.411Z] onEndTurn: naturalStop=false toolCalls=15 nudgeMsg=no
[2026-08-03T06:52:03.802Z] LiveUpdateForge: AfterToolExec flush
[2026-08-03T06:52:03.851Z] InitialReadForge.onBeforeSend: SKIP (fr=true syn=false hasRead=true)
[2026-08-03T06:52:06.897Z] LiveUpdateForge: EndTurn fallback flush
[2026-08-03T06:52:06.897Z] onEndTurn: naturalStop=false toolCalls=16 nudgeMsg=no
[2026-08-03T06:52:07.301Z] LiveUpdateForge: AfterToolExec flush
[2026-08-03T06:52:07.342Z] InitialReadForge.onBeforeSend: SKIP (fr=true syn=false hasRead=true)
[2026-08-03T06:52:14.439Z] LiveUpdateForge: EndTurn fallback flush
[2026-08-03T06:52:14.440Z] onEndTurn: naturalStop=false toolCalls=17 nudgeMsg=no
[2026-08-03T06:52:14.585Z] LiveUpdateForge: AfterToolExec flush
[2026-08-03T06:52:14.632Z] InitialReadForge.onBeforeSend: SKIP (fr=true syn=false hasRead=true)
[2026-08-03T06:52:22.707Z] LiveUpdateForge: EndTurn fallback flush
[2026-08-03T06:52:22.707Z] onEndTurn: naturalStop=false toolCalls=18 nudgeMsg=no
[2026-08-03T06:52:22.902Z] LiveUpdateForge: AfterToolExec flush
[2026-08-03T06:52:22.945Z] InitialReadForge.onBeforeSend: SKIP (fr=true syn=false hasRead=true)
[2026-08-03T06:52:28.481Z] LiveUpdateForge: EndTurn fallback flush
[2026-08-03T06:52:28.482Z] onEndTurn: naturalStop=false toolCalls=19 nudgeMsg=no
[2026-08-03T06:52:29.212Z] LiveUpdateForge: AfterToolExec flush
[2026-08-03T06:52:29.252Z] InitialReadForge.onBeforeSend: SKIP (fr=true syn=false hasRead=true)
[2026-08-03T06:52:31.842Z] LiveUpdateForge: EndTurn fallback flush
[2026-08-03T06:52:31.843Z] onEndTurn: naturalStop=false toolCalls=20 nudgeMsg=no
[2026-08-03T06:52:41.207Z] LiveUpdateForge: AfterToolExec flush
[2026-08-03T06:52:41.250Z] InitialReadForge.onBeforeSend: SKIP (fr=true syn=false hasRead=true)
[2026-08-03T06:52:48.265Z] LiveUpdateForge: EndTurn fallback flush
[2026-08-03T06:52:48.266Z] onEndTurn: naturalStop=true toolCalls=21 nudgeMsg=no
[2026-08-03T06:55:32.573Z] ResumeDiffForge: running checkResumeConsistency
[2026-08-03T06:55:32.574Z] checkResumeConsistency: forgedTimestamps=[]
[2026-08-03T06:55:32.589Z] checkResumeConsistency: no changes detected
[2026-08-03T06:55:32.590Z] LiveUpdateForge: session reset, allowLiveUpdate = false
[2026-08-03T06:55:32.591Z] NudgeForge: ResumeComplete — restoring count from history
[2026-08-03T06:55:32.591Z] restoreNudgeCountFromHistory: found last write at idx=369 count=21
[2026-08-03T06:55:32.709Z] LiveUpdateForge: allowLiveUpdate = true (first real BeforeSend)
[2026-08-03T06:55:32.709Z] InitialReadForge.onBeforeSend: SKIP (fr=false syn=false hasRead=true)
[2026-08-03T06:55:42.798Z] LiveUpdateForge: EndTurn fallback flush
[2026-08-03T06:55:42.798Z] onEndTurn: naturalStop=false toolCalls=21 nudgeMsg=no
[2026-08-03T06:55:43.145Z] LiveUpdateForge: AfterToolExec flush
[2026-08-03T06:55:43.194Z] InitialReadForge.onBeforeSend: SKIP (fr=true syn=false hasRead=true)
[2026-08-03T06:55:48.752Z] LiveUpdateForge: EndTurn fallback flush
[2026-08-03T06:55:48.752Z] onEndTurn: naturalStop=false toolCalls=22 nudgeMsg=no
[2026-08-03T06:55:48.766Z] LiveUpdateForge: AfterToolExec flush
[2026-08-03T06:55:48.812Z] InitialReadForge.onBeforeSend: SKIP (fr=true syn=false hasRead=true)
[2026-08-03T06:55:56.859Z] LiveUpdateForge: EndTurn fallback flush
[2026-08-03T06:55:56.860Z] onEndTurn: naturalStop=false toolCalls=23 nudgeMsg=no
[2026-08-03T06:55:56.873Z] LiveUpdateForge: AfterToolExec flush
[2026-08-03T06:55:56.920Z] InitialReadForge.onBeforeSend: SKIP (fr=true syn=false hasRead=true)
[2026-08-03T06:56:01.882Z] LiveUpdateForge: EndTurn fallback flush
[2026-08-03T06:56:01.883Z] onEndTurn: naturalStop=false toolCalls=24 nudgeMsg=no
[2026-08-03T06:56:01.893Z] LiveUpdateForge: AfterToolExec flush
[2026-08-03T06:56:01.935Z] InitialReadForge.onBeforeSend: SKIP (fr=true syn=false hasRead=true)
[2026-08-03T06:56:06.674Z] LiveUpdateForge: EndTurn fallback flush
[2026-08-03T06:56:06.675Z] onEndTurn: naturalStop=false toolCalls=25 nudgeMsg=no
[2026-08-03T06:56:07.005Z] LiveUpdateForge: AfterToolExec flush
[2026-08-03T06:56:07.047Z] InitialReadForge.onBeforeSend: SKIP (fr=true syn=false hasRead=true)
[2026-08-03T06:56:11.604Z] LiveUpdateForge: EndTurn fallback flush
[2026-08-03T06:56:11.605Z] onEndTurn: naturalStop=false toolCalls=26 nudgeMsg=no
[2026-08-03T06:56:11.619Z] LiveUpdateForge: AfterToolExec flush
[2026-08-03T06:56:11.663Z] InitialReadForge.onBeforeSend: SKIP (fr=true syn=false hasRead=true)
[2026-08-03T06:56:20.215Z] LiveUpdateForge: EndTurn fallback flush
[2026-08-03T06:56:20.216Z] onEndTurn: naturalStop=false toolCalls=27 nudgeMsg=no
[2026-08-03T06:56:20.558Z] LiveUpdateForge: AfterToolExec flush
[2026-08-03T06:56:20.601Z] InitialReadForge.onBeforeSend: SKIP (fr=true syn=false hasRead=true)
[2026-08-03T06:56:27.153Z] LiveUpdateForge: EndTurn fallback flush
[2026-08-03T06:56:27.153Z] onEndTurn: naturalStop=false toolCalls=28 nudgeMsg=no
[2026-08-03T06:56:27.168Z] LiveUpdateForge: AfterToolExec flush
[2026-08-03T06:56:27.216Z] InitialReadForge.onBeforeSend: SKIP (fr=true syn=false hasRead=true)
[2026-08-03T06:56:35.678Z] LiveUpdateForge: EndTurn fallback flush
[2026-08-03T06:56:35.679Z] onEndTurn: naturalStop=false toolCalls=29 nudgeMsg=no
[2026-08-03T06:56:36.026Z] LiveUpdateForge: AfterToolExec flush
[2026-08-03T06:56:36.070Z] InitialReadForge.onBeforeSend: SKIP (fr=true syn=false hasRead=true)
[2026-08-03T06:56:39.833Z] LiveUpdateForge: EndTurn fallback flush
[2026-08-03T06:56:39.833Z] onEndTurn: naturalStop=false toolCalls=30 nudgeMsg=no
[2026-08-03T06:56:39.850Z] LiveUpdateForge: AfterToolExec flush
[2026-08-03T06:56:39.897Z] InitialReadForge.onBeforeSend: SKIP (fr=true syn=false hasRead=true)
[2026-08-03T06:57:06.481Z] LiveUpdateForge: EndTurn fallback flush
[2026-08-03T06:57:06.482Z] onEndTurn: naturalStop=false toolCalls=31 nudgeMsg=no
[2026-08-03T06:57:06.630Z] LiveUpdateForge: AfterToolExec flush
[2026-08-03T06:57:06.677Z] InitialReadForge.onBeforeSend: SKIP (fr=true syn=false hasRead=true)
[2026-08-03T06:57:14.466Z] LiveUpdateForge: EndTurn fallback flush
[2026-08-03T06:57:14.467Z] onEndTurn: naturalStop=false toolCalls=32 nudgeMsg=no
[2026-08-03T06:57:14.600Z] LiveUpdateForge: AfterToolExec flush
[2026-08-03T06:57:14.648Z] InitialReadForge.onBeforeSend: SKIP (fr=true syn=false hasRead=true)
[2026-08-03T06:57:28.682Z] LiveUpdateForge: EndTurn fallback flush
[2026-08-03T06:57:28.683Z] onEndTurn: naturalStop=false toolCalls=33 nudgeMsg=no
[2026-08-03T06:57:28.793Z] LiveUpdateForge: AfterToolExec flush
[2026-08-03T06:57:28.849Z] InitialReadForge.onBeforeSend: SKIP (fr=true syn=false hasRead=true)
[2026-08-03T06:57:35.995Z] LiveUpdateForge: EndTurn fallback flush
[2026-08-03T06:57:35.996Z] onEndTurn: naturalStop=false toolCalls=34 nudgeMsg=no
[2026-08-03T06:57:36.394Z] LiveUpdateForge: AfterToolExec flush
[2026-08-03T06:57:36.448Z] InitialReadForge.onBeforeSend: SKIP (fr=true syn=false hasRead=true)
[2026-08-03T06:57:41.520Z] LiveUpdateForge: EndTurn fallback flush
[2026-08-03T06:57:41.520Z] onEndTurn: naturalStop=false toolCalls=35 nudgeMsg=no
[2026-08-03T06:57:41.533Z] LiveUpdateForge: AfterToolExec flush
[2026-08-03T06:57:41.576Z] InitialReadForge.onBeforeSend: SKIP (fr=true syn=false hasRead=true)
[2026-08-03T06:58:33.344Z] LiveUpdateForge: EndTurn fallback flush
[2026-08-03T06:58:33.345Z] onEndTurn: naturalStop=false toolCalls=36 nudgeMsg=no
[2026-08-03T06:58:33.594Z] LiveUpdateForge: AfterToolExec flush
[2026-08-03T06:58:33.649Z] InitialReadForge.onBeforeSend: SKIP (fr=true syn=false hasRead=true)
[2026-08-03T06:58:43.422Z] LiveUpdateForge: EndTurn fallback flush
[2026-08-03T06:58:43.422Z] onEndTurn: naturalStop=false toolCalls=37 nudgeMsg=no
[2026-08-03T06:58:43.773Z] LiveUpdateForge: AfterToolExec flush
[2026-08-03T06:58:43.818Z] InitialReadForge.onBeforeSend: SKIP (fr=true syn=false hasRead=true)
[2026-08-03T06:58:56.764Z] LiveUpdateForge: EndTurn fallback flush
[2026-08-03T06:58:56.765Z] onEndTurn: naturalStop=false toolCalls=38 nudgeMsg=no
[2026-08-03T06:58:57.086Z] LiveUpdateForge: AfterToolExec flush
[2026-08-03T06:58:57.129Z] InitialReadForge.onBeforeSend: SKIP (fr=true syn=false hasRead=true)
[2026-08-03T06:59:02.726Z] LiveUpdateForge: EndTurn fallback flush
[2026-08-03T06:59:02.726Z] onEndTurn: naturalStop=false toolCalls=39 nudgeMsg=no
[2026-08-03T06:59:02.740Z] LiveUpdateForge: AfterToolExec flush
[2026-08-03T06:59:02.788Z] InitialReadForge.onBeforeSend: SKIP (fr=true syn=false hasRead=true)
[2026-08-03T06:59:15.393Z] LiveUpdateForge: EndTurn fallback flush
[2026-08-03T06:59:15.393Z] onEndTurn: naturalStop=false toolCalls=40 nudgeMsg=no
[2026-08-03T06:59:15.563Z] LiveUpdateForge: AfterToolExec flush
[2026-08-03T06:59:15.608Z] InitialReadForge.onBeforeSend: SKIP (fr=true syn=false hasRead=true)
[2026-08-03T06:59:23.809Z] LiveUpdateForge: EndTurn fallback flush
[2026-08-03T06:59:23.809Z] onEndTurn: naturalStop=false toolCalls=41 nudgeMsg=no
[2026-08-03T06:59:24.155Z] LiveUpdateForge: AfterToolExec flush
[2026-08-03T06:59:24.199Z] InitialReadForge.onBeforeSend: SKIP (fr=true syn=false hasRead=true)
[2026-08-03T06:59:30.927Z] LiveUpdateForge: EndTurn fallback flush
[2026-08-03T06:59:30.928Z] onEndTurn: naturalStop=false toolCalls=42 nudgeMsg=no
[2026-08-03T06:59:31.082Z] LiveUpdateForge: AfterToolExec flush
[2026-08-03T06:59:31.135Z] InitialReadForge.onBeforeSend: SKIP (fr=true syn=false hasRead=true)
[2026-08-03T06:59:37.096Z] LiveUpdateForge: EndTurn fallback flush
[2026-08-03T06:59:37.097Z] onEndTurn: naturalStop=false toolCalls=43 nudgeMsg=no
[2026-08-03T06:59:37.275Z] LiveUpdateForge: AfterToolExec flush
[2026-08-03T06:59:37.323Z] InitialReadForge.onBeforeSend: SKIP (fr=true syn=false hasRead=true)
[2026-08-03T06:59:43.481Z] LiveUpdateForge: EndTurn fallback flush
[2026-08-03T06:59:43.482Z] onEndTurn: naturalStop=false toolCalls=44 nudgeMsg=no
[2026-08-03T06:59:44.237Z] LiveUpdateForge: AfterToolExec flush
[2026-08-03T06:59:44.285Z] InitialReadForge.onBeforeSend: SKIP (fr=true syn=false hasRead=true)
[2026-08-03T06:59:46.485Z] LiveUpdateForge: EndTurn fallback flush
[2026-08-03T06:59:46.485Z] onEndTurn: naturalStop=false toolCalls=45 nudgeMsg=no
[2026-08-03T06:59:56.407Z] LiveUpdateForge: AfterToolExec flush
[2026-08-03T06:59:56.451Z] InitialReadForge.onBeforeSend: SKIP (fr=true syn=false hasRead=true)
[2026-08-03T07:00:02.596Z] LiveUpdateForge: EndTurn fallback flush
[2026-08-03T07:00:02.597Z] onEndTurn: naturalStop=false toolCalls=46 nudgeMsg=no
[2026-08-03T07:00:02.653Z] LiveUpdateForge: AfterToolExec flush
[2026-08-03T07:00:02.690Z] InitialReadForge.onBeforeSend: SKIP (fr=true syn=false hasRead=true)
[2026-08-03T07:00:05.857Z] LiveUpdateForge: EndTurn fallback flush
[2026-08-03T07:00:05.858Z] onEndTurn: naturalStop=false toolCalls=47 nudgeMsg=no
[2026-08-03T07:00:12.359Z] LiveUpdateForge: AfterToolExec flush
[2026-08-03T07:00:12.405Z] InitialReadForge.onBeforeSend: SKIP (fr=true syn=false hasRead=true)
[2026-08-03T07:00:15.391Z] LiveUpdateForge: EndTurn fallback flush
[2026-08-03T07:00:15.391Z] onEndTurn: naturalStop=false toolCalls=48 nudgeMsg=no
[2026-08-03T07:00:18.193Z] LiveUpdateForge: AfterToolExec flush
[2026-08-03T07:00:18.239Z] InitialReadForge.onBeforeSend: SKIP (fr=true syn=false hasRead=true)
[2026-08-03T07:00:20.760Z] LiveUpdateForge: EndTurn fallback flush
[2026-08-03T07:00:20.761Z] onEndTurn: naturalStop=false toolCalls=49 nudgeMsg=no
[2026-08-03T07:00:21.277Z] LiveUpdateForge: AfterToolExec flush
[2026-08-03T07:00:21.327Z] InitialReadForge.onBeforeSend: SKIP (fr=true syn=false hasRead=true)
[2026-08-03T07:00:26.316Z] LiveUpdateForge: EndTurn fallback flush
[2026-08-03T07:00:26.317Z] onEndTurn: naturalStop=false toolCalls=50 nudgeMsg=no
[2026-08-03T07:01:09.419Z] LiveUpdateForge: AfterToolExec flush
[2026-08-03T07:01:09.593Z] InitialReadForge.onBeforeSend: SKIP (fr=true syn=false hasRead=true)
[2026-08-03T07:01:13.871Z] LiveUpdateForge: EndTurn fallback flush
[2026-08-03T07:01:13.871Z] onEndTurn: naturalStop=false toolCalls=51 nudgeMsg=no
[2026-08-03T07:03:31.355Z] LiveUpdateForge: AfterToolExec flush
[2026-08-03T07:03:31.409Z] InitialReadForge.onBeforeSend: SKIP (fr=true syn=false hasRead=true)
[2026-08-03T07:03:56.397Z] LiveUpdateForge: EndTurn fallback flush
[2026-08-03T07:03:56.397Z] onEndTurn: naturalStop=false toolCalls=52 nudgeMsg=no
[2026-08-03T07:03:57.079Z] LiveUpdateForge: AfterToolExec flush
[2026-08-03T07:03:57.123Z] InitialReadForge.onBeforeSend: SKIP (fr=true syn=false hasRead=true)
[2026-08-03T07:04:02.876Z] LiveUpdateForge: EndTurn fallback flush
[2026-08-03T07:04:02.877Z] onEndTurn: naturalStop=false toolCalls=53 nudgeMsg=no
[2026-08-03T07:04:03.383Z] LiveUpdateForge: AfterToolExec flush
[2026-08-03T07:04:03.426Z] InitialReadForge.onBeforeSend: SKIP (fr=true syn=false hasRead=true)
[2026-08-03T07:04:05.593Z] LiveUpdateForge: EndTurn fallback flush
[2026-08-03T07:04:05.594Z] onEndTurn: naturalStop=false toolCalls=54 nudgeMsg=no
[2026-08-03T07:04:06.076Z] LiveUpdateForge: AfterToolExec flush
[2026-08-03T07:04:06.121Z] InitialReadForge.onBeforeSend: SKIP (fr=true syn=false hasRead=true)
[2026-08-03T07:04:21.884Z] LiveUpdateForge: EndTurn fallback flush
[2026-08-03T07:04:21.885Z] onEndTurn: naturalStop=false toolCalls=55 nudgeMsg=no
[2026-08-03T07:04:39.012Z] LiveUpdateForge: AfterToolExec flush
[2026-08-03T07:04:39.065Z] InitialReadForge.onBeforeSend: SKIP (fr=true syn=false hasRead=true)
[2026-08-03T07:04:46.386Z] LiveUpdateForge: EndTurn fallback flush
[2026-08-03T07:04:46.387Z] onEndTurn: naturalStop=false toolCalls=56 nudgeMsg=no
[2026-08-03T07:04:47.148Z] LiveUpdateForge: AfterToolExec flush
[2026-08-03T07:04:47.190Z] InitialReadForge.onBeforeSend: SKIP (fr=true syn=false hasRead=true)
[2026-08-03T07:04:56.271Z] LiveUpdateForge: EndTurn fallback flush
[2026-08-03T07:04:56.272Z] onEndTurn: naturalStop=true toolCalls=0 nudgeMsg=YES
[2026-08-03T07:04:56.276Z] InitialReadForge.onBeforeSend: SKIP (fr=false syn=false hasRead=true)
[2026-08-03T07:05:24.234Z] LiveUpdateForge: EndTurn fallback flush
[2026-08-03T07:05:24.235Z] onEndTurn: naturalStop=true toolCalls=0 nudgeMsg=no
[2026-08-03T07:08:50.858Z] ResumeDiffForge: running checkResumeConsistency
[2026-08-03T07:08:50.859Z] checkResumeConsistency: forgedTimestamps=[]
[2026-08-03T07:08:50.884Z] checkResumeConsistency: no changes detected
[2026-08-03T07:08:50.885Z] LiveUpdateForge: session reset, allowLiveUpdate = false
[2026-08-03T07:08:50.885Z] NudgeForge: ResumeComplete — restoring count from history
[2026-08-03T07:08:50.886Z] restoreNudgeCountFromHistory: found nudge message at idx=491 count=0
[2026-08-03T07:08:51.018Z] LiveUpdateForge: allowLiveUpdate = true (first real BeforeSend)
[2026-08-03T07:08:51.019Z] InitialReadForge.onBeforeSend: SKIP (fr=false syn=false hasRead=true)
[2026-08-03T07:09:00.307Z] LiveUpdateForge: EndTurn fallback flush
[2026-08-03T07:09:00.308Z] onEndTurn: naturalStop=false toolCalls=0 nudgeMsg=no
[2026-08-03T07:09:00.661Z] LiveUpdateForge: AfterToolExec flush
[2026-08-03T07:09:00.710Z] InitialReadForge.onBeforeSend: SKIP (fr=true syn=false hasRead=true)
[2026-08-03T07:09:03.685Z] LiveUpdateForge: EndTurn fallback flush
[2026-08-03T07:09:03.686Z] onEndTurn: naturalStop=false toolCalls=1 nudgeMsg=no
[2026-08-03T07:09:03.703Z] LiveUpdateForge: AfterToolExec flush
[2026-08-03T07:09:03.706Z] LiveUpdateForge: AfterToolExec flush
[2026-08-03T07:09:03.708Z] LiveUpdateForge: AfterToolExec flush
[2026-08-03T07:09:03.755Z] InitialReadForge.onBeforeSend: SKIP (fr=true syn=false hasRead=true)
[2026-08-03T07:09:05.742Z] LiveUpdateForge: EndTurn fallback flush
[2026-08-03T07:09:05.742Z] onEndTurn: naturalStop=false toolCalls=4 nudgeMsg=no
[2026-08-03T07:09:05.755Z] LiveUpdateForge: AfterToolExec flush
[2026-08-03T07:09:05.801Z] InitialReadForge.onBeforeSend: SKIP (fr=true syn=false hasRead=true)
[2026-08-03T07:09:09.081Z] LiveUpdateForge: EndTurn fallback flush
[2026-08-03T07:09:09.082Z] onEndTurn: naturalStop=false toolCalls=5 nudgeMsg=no
[2026-08-03T07:09:09.093Z] LiveUpdateForge: AfterToolExec flush
[2026-08-03T07:09:09.137Z] InitialReadForge.onBeforeSend: SKIP (fr=true syn=false hasRead=true)
[2026-08-03T07:09:12.174Z] LiveUpdateForge: EndTurn fallback flush
[2026-08-03T07:09:12.174Z] onEndTurn: naturalStop=false toolCalls=6 nudgeMsg=no
[2026-08-03T07:09:12.185Z] LiveUpdateForge: AfterToolExec flush
[2026-08-03T07:09:12.229Z] InitialReadForge.onBeforeSend: SKIP (fr=true syn=false hasRead=true)
[2026-08-03T07:09:14.745Z] LiveUpdateForge: EndTurn fallback flush
[2026-08-03T07:09:14.745Z] onEndTurn: naturalStop=false toolCalls=7 nudgeMsg=no
[2026-08-03T07:09:14.757Z] LiveUpdateForge: AfterToolExec flush
[2026-08-03T07:09:14.801Z] InitialReadForge.onBeforeSend: SKIP (fr=true syn=false hasRead=true)
[2026-08-03T07:09:19.150Z] LiveUpdateForge: EndTurn fallback flush
[2026-08-03T07:09:19.151Z] onEndTurn: naturalStop=false toolCalls=8 nudgeMsg=no
[2026-08-03T07:09:19.501Z] LiveUpdateForge: AfterToolExec flush
[2026-08-03T07:09:19.548Z] InitialReadForge.onBeforeSend: SKIP (fr=true syn=false hasRead=true)
[2026-08-03T07:09:22.611Z] LiveUpdateForge: EndTurn fallback flush
[2026-08-03T07:09:22.612Z] onEndTurn: naturalStop=false toolCalls=9 nudgeMsg=no
[2026-08-03T07:09:22.623Z] LiveUpdateForge: AfterToolExec flush
[2026-08-03T07:09:22.667Z] InitialReadForge.onBeforeSend: SKIP (fr=true syn=false hasRead=true)
[2026-08-03T07:09:25.212Z] LiveUpdateForge: EndTurn fallback flush
[2026-08-03T07:09:25.213Z] onEndTurn: naturalStop=false toolCalls=10 nudgeMsg=no
[2026-08-03T07:09:25.224Z] LiveUpdateForge: AfterToolExec flush
[2026-08-03T07:09:25.271Z] InitialReadForge.onBeforeSend: SKIP (fr=true syn=false hasRead=true)
[2026-08-03T07:09:27.743Z] LiveUpdateForge: EndTurn fallback flush
[2026-08-03T07:09:27.744Z] onEndTurn: naturalStop=false toolCalls=11 nudgeMsg=no
[2026-08-03T07:09:27.750Z] LiveUpdateForge: AfterToolExec flush
[2026-08-03T07:09:27.796Z] InitialReadForge.onBeforeSend: SKIP (fr=true syn=false hasRead=true)
[2026-08-03T07:09:29.884Z] LiveUpdateForge: EndTurn fallback flush
[2026-08-03T07:09:29.885Z] onEndTurn: naturalStop=false toolCalls=12 nudgeMsg=no
[2026-08-03T07:09:32.340Z] LiveUpdateForge: AfterToolExec flush
[2026-08-03T07:09:32.386Z] InitialReadForge.onBeforeSend: SKIP (fr=true syn=false hasRead=true)
[2026-08-03T07:09:37.186Z] LiveUpdateForge: EndTurn fallback flush
[2026-08-03T07:09:37.187Z] onEndTurn: naturalStop=false toolCalls=13 nudgeMsg=no
[2026-08-03T07:09:37.731Z] LiveUpdateForge: AfterToolExec flush
[2026-08-03T07:09:37.775Z] InitialReadForge.onBeforeSend: SKIP (fr=true syn=false hasRead=true)
[2026-08-03T07:09:40.817Z] LiveUpdateForge: EndTurn fallback flush
[2026-08-03T07:09:40.818Z] onEndTurn: naturalStop=false toolCalls=14 nudgeMsg=no
[2026-08-03T07:09:42.255Z] LiveUpdateForge: AfterToolExec flush
[2026-08-03T07:09:42.303Z] InitialReadForge.onBeforeSend: SKIP (fr=true syn=false hasRead=true)
[2026-08-03T07:09:45.693Z] LiveUpdateForge: EndTurn fallback flush
[2026-08-03T07:09:45.694Z] onEndTurn: naturalStop=false toolCalls=15 nudgeMsg=no
[2026-08-03T07:09:45.729Z] LiveUpdateForge: AfterToolExec flush
[2026-08-03T07:09:45.779Z] InitialReadForge.onBeforeSend: SKIP (fr=true syn=false hasRead=true)
[2026-08-03T07:09:51.312Z] LiveUpdateForge: EndTurn fallback flush
[2026-08-03T07:09:51.312Z] onEndTurn: naturalStop=false toolCalls=16 nudgeMsg=no
[2026-08-03T07:09:51.326Z] LiveUpdateForge: AfterToolExec flush
[2026-08-03T07:09:51.371Z] InitialReadForge.onBeforeSend: SKIP (fr=true syn=false hasRead=true)
[2026-08-03T07:09:53.397Z] LiveUpdateForge: EndTurn fallback flush
[2026-08-03T07:09:53.398Z] onEndTurn: naturalStop=false toolCalls=17 nudgeMsg=no
[2026-08-03T07:09:53.410Z] LiveUpdateForge: AfterToolExec flush
[2026-08-03T07:09:53.456Z] InitialReadForge.onBeforeSend: SKIP (fr=true syn=false hasRead=true)
[2026-08-03T07:09:56.551Z] LiveUpdateForge: EndTurn fallback flush
[2026-08-03T07:09:56.551Z] onEndTurn: naturalStop=false toolCalls=18 nudgeMsg=no
[2026-08-03T07:09:56.960Z] LiveUpdateForge: AfterToolExec flush
[2026-08-03T07:09:57.009Z] InitialReadForge.onBeforeSend: SKIP (fr=true syn=false hasRead=true)
[2026-08-03T07:10:00.365Z] LiveUpdateForge: EndTurn fallback flush
[2026-08-03T07:10:00.366Z] onEndTurn: naturalStop=false toolCalls=19 nudgeMsg=no
[2026-08-03T07:10:00.379Z] LiveUpdateForge: AfterToolExec flush
[2026-08-03T07:10:00.430Z] InitialReadForge.onBeforeSend: SKIP (fr=true syn=false hasRead=true)
[2026-08-03T07:10:03.348Z] LiveUpdateForge: EndTurn fallback flush
[2026-08-03T07:10:03.349Z] onEndTurn: naturalStop=false toolCalls=20 nudgeMsg=no
[2026-08-03T07:10:03.363Z] LiveUpdateForge: AfterToolExec flush
[2026-08-03T07:10:03.412Z] InitialReadForge.onBeforeSend: SKIP (fr=true syn=false hasRead=true)
[2026-08-03T07:10:09.512Z] LiveUpdateForge: EndTurn fallback flush
[2026-08-03T07:10:09.513Z] onEndTurn: naturalStop=false toolCalls=21 nudgeMsg=no
[2026-08-03T07:10:09.525Z] LiveUpdateForge: AfterToolExec flush
[2026-08-03T07:10:09.572Z] InitialReadForge.onBeforeSend: SKIP (fr=true syn=false hasRead=true)
[2026-08-03T07:10:15.786Z] LiveUpdateForge: EndTurn fallback flush
[2026-08-03T07:10:15.786Z] onEndTurn: naturalStop=false toolCalls=22 nudgeMsg=no
[2026-08-03T07:10:15.792Z] LiveUpdateForge: AfterToolExec flush
[2026-08-03T07:10:15.843Z] InitialReadForge.onBeforeSend: SKIP (fr=true syn=false hasRead=true)
[2026-08-03T07:10:18.006Z] LiveUpdateForge: EndTurn fallback flush
[2026-08-03T07:10:18.007Z] onEndTurn: naturalStop=false toolCalls=23 nudgeMsg=no
[2026-08-03T07:10:18.014Z] LiveUpdateForge: AfterToolExec flush
[2026-08-03T07:10:18.063Z] InitialReadForge.onBeforeSend: SKIP (fr=true syn=false hasRead=true)
[2026-08-03T07:10:23.311Z] LiveUpdateForge: EndTurn fallback flush
[2026-08-03T07:10:23.312Z] onEndTurn: naturalStop=false toolCalls=24 nudgeMsg=no
[2026-08-03T07:10:23.467Z] LiveUpdateForge: AfterToolExec flush
[2026-08-03T07:10:23.516Z] InitialReadForge.onBeforeSend: SKIP (fr=true syn=false hasRead=true)
[2026-08-03T07:10:33.816Z] LiveUpdateForge: EndTurn fallback flush
[2026-08-03T07:10:33.817Z] onEndTurn: naturalStop=false toolCalls=25 nudgeMsg=no
[2026-08-03T07:10:33.918Z] LiveUpdateForge: AfterToolExec flush
[2026-08-03T07:10:33.968Z] InitialReadForge.onBeforeSend: SKIP (fr=true syn=false hasRead=true)
[2026-08-03T07:10:38.185Z] LiveUpdateForge: EndTurn fallback flush
[2026-08-03T07:10:38.185Z] onEndTurn: naturalStop=false toolCalls=26 nudgeMsg=no
[2026-08-03T07:10:38.202Z] LiveUpdateForge: AfterToolExec flush
[2026-08-03T07:10:38.249Z] InitialReadForge.onBeforeSend: SKIP (fr=true syn=false hasRead=true)
[2026-08-03T07:10:40.213Z] LiveUpdateForge: EndTurn fallback flush
[2026-08-03T07:10:40.214Z] onEndTurn: naturalStop=false toolCalls=27 nudgeMsg=no
[2026-08-03T07:10:40.234Z] LiveUpdateForge: AfterToolExec flush
[2026-08-03T07:10:40.285Z] InitialReadForge.onBeforeSend: SKIP (fr=true syn=false hasRead=true)
[2026-08-03T07:10:49.813Z] LiveUpdateForge: EndTurn fallback flush
[2026-08-03T07:10:49.814Z] onEndTurn: naturalStop=false toolCalls=28 nudgeMsg=no
[2026-08-03T07:10:49.915Z] LiveUpdateForge: AfterToolExec flush
[2026-08-03T07:10:49.972Z] InitialReadForge.onBeforeSend: SKIP (fr=true syn=false hasRead=true)
[2026-08-03T07:10:53.822Z] LiveUpdateForge: EndTurn fallback flush
[2026-08-03T07:10:53.823Z] onEndTurn: naturalStop=false toolCalls=29 nudgeMsg=no
[2026-08-03T07:10:53.836Z] LiveUpdateForge: AfterToolExec flush
[2026-08-03T07:10:53.892Z] InitialReadForge.onBeforeSend: SKIP (fr=true syn=false hasRead=true)
[2026-08-03T07:10:56.694Z] LiveUpdateForge: EndTurn fallback flush
[2026-08-03T07:10:56.695Z] onEndTurn: naturalStop=false toolCalls=30 nudgeMsg=no
[2026-08-03T07:10:56.712Z] LiveUpdateForge: AfterToolExec flush
[2026-08-03T07:10:56.763Z] InitialReadForge.onBeforeSend: SKIP (fr=true syn=false hasRead=true)
[2026-08-03T07:11:01.519Z] LiveUpdateForge: EndTurn fallback flush
[2026-08-03T07:11:01.520Z] onEndTurn: naturalStop=false toolCalls=31 nudgeMsg=no
[2026-08-03T07:11:01.652Z] LiveUpdateForge: AfterToolExec flush
[2026-08-03T07:11:01.711Z] InitialReadForge.onBeforeSend: SKIP (fr=true syn=false hasRead=true)
[2026-08-03T07:11:04.735Z] LiveUpdateForge: EndTurn fallback flush
[2026-08-03T07:11:04.736Z] onEndTurn: naturalStop=false toolCalls=32 nudgeMsg=no
[2026-08-03T07:11:04.824Z] LiveUpdateForge: AfterToolExec flush
[2026-08-03T07:11:04.873Z] InitialReadForge.onBeforeSend: SKIP (fr=true syn=false hasRead=true)
[2026-08-03T07:11:07.221Z] LiveUpdateForge: EndTurn fallback flush
[2026-08-03T07:11:07.222Z] onEndTurn: naturalStop=false toolCalls=33 nudgeMsg=no
[2026-08-03T07:11:07.237Z] LiveUpdateForge: AfterToolExec flush
[2026-08-03T07:11:07.292Z] InitialReadForge.onBeforeSend: SKIP (fr=true syn=false hasRead=true)
[2026-08-03T07:11:27.993Z] LiveUpdateForge: EndTurn fallback flush
[2026-08-03T07:11:27.994Z] onEndTurn: naturalStop=false toolCalls=34 nudgeMsg=no
[2026-08-03T07:11:28.358Z] LiveUpdateForge: AfterToolExec flush
[2026-08-03T07:11:28.411Z] InitialReadForge.onBeforeSend: SKIP (fr=true syn=false hasRead=true)
[2026-08-03T07:11:37.811Z] LiveUpdateForge: EndTurn fallback flush
[2026-08-03T07:11:37.811Z] onEndTurn: naturalStop=false toolCalls=35 nudgeMsg=no
[2026-08-03T07:11:37.825Z] LiveUpdateForge: AfterToolExec flush
[2026-08-03T07:11:37.879Z] InitialReadForge.onBeforeSend: SKIP (fr=true syn=false hasRead=true)
[2026-08-03T07:11:49.539Z] LiveUpdateForge: EndTurn fallback flush
[2026-08-03T07:11:49.540Z] onEndTurn: naturalStop=false toolCalls=36 nudgeMsg=no
[2026-08-03T07:11:49.697Z] LiveUpdateForge: AfterToolExec flush
[2026-08-03T07:11:49.747Z] InitialReadForge.onBeforeSend: SKIP (fr=true syn=false hasRead=true)
[2026-08-03T07:12:05.866Z] LiveUpdateForge: EndTurn fallback flush
[2026-08-03T07:12:05.867Z] onEndTurn: naturalStop=false toolCalls=37 nudgeMsg=no
[2026-08-03T07:12:06.013Z] LiveUpdateForge: AfterToolExec flush
[2026-08-03T07:12:06.072Z] InitialReadForge.onBeforeSend: SKIP (fr=true syn=false hasRead=true)
[2026-08-03T07:12:13.229Z] LiveUpdateForge: EndTurn fallback flush
[2026-08-03T07:12:13.230Z] onEndTurn: naturalStop=false toolCalls=38 nudgeMsg=no
[2026-08-03T07:12:13.248Z] LiveUpdateForge: AfterToolExec flush
[2026-08-03T07:12:13.308Z] InitialReadForge.onBeforeSend: SKIP (fr=true syn=false hasRead=true)
[2026-08-03T07:12:17.917Z] LiveUpdateForge: EndTurn fallback flush
[2026-08-03T07:12:17.918Z] onEndTurn: naturalStop=false toolCalls=39 nudgeMsg=no
[2026-08-03T07:12:18.006Z] LiveUpdateForge: AfterToolExec flush
[2026-08-03T07:12:18.061Z] InitialReadForge.onBeforeSend: SKIP (fr=true syn=false hasRead=true)
[2026-08-03T07:12:21.821Z] LiveUpdateForge: EndTurn fallback flush
[2026-08-03T07:12:21.822Z] onEndTurn: naturalStop=false toolCalls=40 nudgeMsg=no
[2026-08-03T07:12:21.836Z] LiveUpdateForge: AfterToolExec flush
[2026-08-03T07:12:21.887Z] InitialReadForge.onBeforeSend: SKIP (fr=true syn=false hasRead=true)
[2026-08-03T07:12:30.508Z] LiveUpdateForge: EndTurn fallback flush
[2026-08-03T07:12:30.509Z] onEndTurn: naturalStop=false toolCalls=41 nudgeMsg=no
[2026-08-03T07:12:30.638Z] LiveUpdateForge: AfterToolExec flush
[2026-08-03T07:12:30.702Z] InitialReadForge.onBeforeSend: SKIP (fr=true syn=false hasRead=true)
[2026-08-03T07:12:37.133Z] LiveUpdateForge: EndTurn fallback flush
[2026-08-03T07:12:37.133Z] onEndTurn: naturalStop=false toolCalls=42 nudgeMsg=no
[2026-08-03T07:12:37.324Z] LiveUpdateForge: AfterToolExec flush
[2026-08-03T07:12:37.377Z] InitialReadForge.onBeforeSend: SKIP (fr=true syn=false hasRead=true)
[2026-08-03T07:12:48.379Z] LiveUpdateForge: EndTurn fallback flush
[2026-08-03T07:12:48.380Z] onEndTurn: naturalStop=false toolCalls=43 nudgeMsg=no
[2026-08-03T07:12:49.083Z] LiveUpdateForge: AfterToolExec flush
[2026-08-03T07:12:49.122Z] InitialReadForge.onBeforeSend: SKIP (fr=true syn=false hasRead=true)
[2026-08-03T07:12:54.552Z] LiveUpdateForge: EndTurn fallback flush
[2026-08-03T07:12:54.552Z] onEndTurn: naturalStop=false toolCalls=44 nudgeMsg=no
[2026-08-03T07:13:06.017Z] LiveUpdateForge: AfterToolExec flush
[2026-08-03T07:13:06.063Z] InitialReadForge.onBeforeSend: SKIP (fr=true syn=false hasRead=true)
[2026-08-03T07:13:12.608Z] LiveUpdateForge: EndTurn fallback flush
[2026-08-03T07:13:12.608Z] onEndTurn: naturalStop=false toolCalls=45 nudgeMsg=no
[2026-08-03T07:13:15.235Z] LiveUpdateForge: AfterToolExec flush
[2026-08-03T07:13:15.278Z] InitialReadForge.onBeforeSend: SKIP (fr=true syn=false hasRead=true)
[2026-08-03T07:13:42.471Z] LiveUpdateForge: EndTurn fallback flush
[2026-08-03T07:13:42.472Z] onEndTurn: naturalStop=false toolCalls=46 nudgeMsg=no
[2026-08-03T07:13:53.172Z] LiveUpdateForge: AfterToolExec flush
[2026-08-03T07:13:53.224Z] InitialReadForge.onBeforeSend: SKIP (fr=true syn=false hasRead=true)
[2026-08-03T07:13:58.102Z] LiveUpdateForge: EndTurn fallback flush
[2026-08-03T07:13:58.103Z] onEndTurn: naturalStop=false toolCalls=47 nudgeMsg=no
[2026-08-03T07:14:31.110Z] LiveUpdateForge: AfterToolExec flush
[2026-08-03T07:14:31.166Z] InitialReadForge.onBeforeSend: SKIP (fr=true syn=false hasRead=true)
[2026-08-03T07:14:53.143Z] LiveUpdateForge: EndTurn fallback flush
[2026-08-03T07:14:53.143Z] onEndTurn: naturalStop=false toolCalls=48 nudgeMsg=no
[2026-08-03T07:14:53.450Z] LiveUpdateForge: AfterToolExec flush
[2026-08-03T07:14:53.495Z] InitialReadForge.onBeforeSend: SKIP (fr=true syn=false hasRead=true)
[2026-08-03T07:15:03.770Z] LiveUpdateForge: EndTurn fallback flush
[2026-08-03T07:15:03.770Z] onEndTurn: naturalStop=false toolCalls=49 nudgeMsg=no
[2026-08-03T07:15:36.279Z] LiveUpdateForge: AfterToolExec flush
[2026-08-03T07:15:36.336Z] InitialReadForge.onBeforeSend: SKIP (fr=true syn=false hasRead=true)
[2026-08-03T07:15:42.553Z] LiveUpdateForge: EndTurn fallback flush
[2026-08-03T07:15:42.554Z] onEndTurn: naturalStop=false toolCalls=50 nudgeMsg=no
[2026-08-03T07:16:05.344Z] LiveUpdateForge: AfterToolExec flush
[2026-08-03T07:16:05.397Z] InitialReadForge.onBeforeSend: SKIP (fr=true syn=false hasRead=true)
[2026-08-03T07:16:15.828Z] LiveUpdateForge: EndTurn fallback flush
[2026-08-03T07:16:15.828Z] onEndTurn: naturalStop=false toolCalls=51 nudgeMsg=no
[2026-08-03T07:17:17.757Z] LiveUpdateForge: AfterToolExec flush
[2026-08-03T07:17:17.805Z] InitialReadForge.onBeforeSend: SKIP (fr=true syn=false hasRead=true)
[2026-08-03T07:17:34.987Z] LiveUpdateForge: EndTurn fallback flush
[2026-08-03T07:17:34.988Z] onEndTurn: naturalStop=false toolCalls=52 nudgeMsg=no
[2026-08-03T07:18:40.965Z] LiveUpdateForge: AfterToolExec flush
[2026-08-03T07:18:41.018Z] InitialReadForge.onBeforeSend: SKIP (fr=true syn=false hasRead=true)
[2026-08-03T07:18:52.213Z] LiveUpdateForge: EndTurn fallback flush
[2026-08-03T07:18:52.214Z] onEndTurn: naturalStop=false toolCalls=53 nudgeMsg=no
[2026-08-03T07:19:03.514Z] LiveUpdateForge: AfterToolExec flush
[2026-08-03T07:19:03.560Z] InitialReadForge.onBeforeSend: SKIP (fr=true syn=false hasRead=true)
[2026-08-03T07:19:09.219Z] LiveUpdateForge: EndTurn fallback flush
[2026-08-03T07:19:09.219Z] onEndTurn: naturalStop=false toolCalls=54 nudgeMsg=no
[2026-08-03T07:19:09.234Z] LiveUpdateForge: AfterToolExec flush
[2026-08-03T07:19:09.296Z] InitialReadForge.onBeforeSend: SKIP (fr=true syn=false hasRead=true)
[2026-08-03T07:19:20.021Z] LiveUpdateForge: EndTurn fallback flush
[2026-08-03T07:19:20.022Z] onEndTurn: naturalStop=false toolCalls=55 nudgeMsg=no
[2026-08-03T07:19:20.311Z] LiveUpdateForge: AfterToolExec flush
[2026-08-03T07:19:20.355Z] InitialReadForge.onBeforeSend: SKIP (fr=true syn=false hasRead=true)
[2026-08-03T07:19:22.949Z] LiveUpdateForge: EndTurn fallback flush
[2026-08-03T07:19:22.949Z] onEndTurn: naturalStop=false toolCalls=56 nudgeMsg=no
[2026-08-03T07:19:22.961Z] LiveUpdateForge: AfterToolExec flush
[2026-08-03T07:19:22.999Z] InitialReadForge.onBeforeSend: SKIP (fr=true syn=false hasRead=true)
[2026-08-03T07:19:42.669Z] LiveUpdateForge: EndTurn fallback flush
[2026-08-03T07:19:42.670Z] onEndTurn: naturalStop=false toolCalls=57 nudgeMsg=no
[2026-08-03T07:20:06.369Z] LiveUpdateForge: AfterToolExec flush
[2026-08-03T07:20:06.439Z] InitialReadForge.onBeforeSend: SKIP (fr=true syn=false hasRead=true)
[2026-08-03T07:20:19.759Z] LiveUpdateForge: EndTurn fallback flush
[2026-08-03T07:20:19.760Z] onEndTurn: naturalStop=false toolCalls=58 nudgeMsg=no
[2026-08-03T07:21:50.619Z] LiveUpdateForge: AfterToolExec flush
[2026-08-03T07:21:50.666Z] InitialReadForge.onBeforeSend: SKIP (fr=true syn=false hasRead=true)
[2026-08-03T07:22:04.049Z] LiveUpdateForge: EndTurn fallback flush
[2026-08-03T07:22:04.050Z] onEndTurn: naturalStop=false toolCalls=59 nudgeMsg=no
[2026-08-03T07:22:49.417Z] LiveUpdateForge: AfterToolExec flush
[2026-08-03T07:22:49.480Z] InitialReadForge.onBeforeSend: SKIP (fr=true syn=false hasRead=true)
[2026-08-03T07:23:01.881Z] LiveUpdateForge: EndTurn fallback flush
[2026-08-03T07:23:01.881Z] onEndTurn: naturalStop=false toolCalls=60 nudgeMsg=no
[2026-08-03T07:23:41.576Z] LiveUpdateForge: AfterToolExec flush
[2026-08-03T07:23:41.626Z] InitialReadForge.onBeforeSend: SKIP (fr=true syn=false hasRead=true)
[2026-08-03T07:23:58.149Z] LiveUpdateForge: EndTurn fallback flush
[2026-08-03T07:23:58.150Z] onEndTurn: naturalStop=false toolCalls=61 nudgeMsg=no
[2026-08-03T07:23:58.155Z] LiveUpdateForge: AfterToolExec flush
[2026-08-03T07:23:58.202Z] InitialReadForge.onBeforeSend: SKIP (fr=true syn=false hasRead=true)
[2026-08-03T07:24:17.343Z] LiveUpdateForge: EndTurn fallback flush
[2026-08-03T07:24:17.343Z] onEndTurn: naturalStop=true toolCalls=0 nudgeMsg=YES
[2026-08-03T07:24:17.347Z] InitialReadForge.onBeforeSend: SKIP (fr=false syn=false hasRead=true)
[2026-08-03T07:24:34.591Z] LiveUpdateForge: EndTurn fallback flush
[2026-08-03T07:24:34.592Z] onEndTurn: naturalStop=false toolCalls=0 nudgeMsg=no
[2026-08-03T07:24:34.615Z] LiveUpdateForge: self-write on D:\unity\demo\CODELY.md, baseline aligned
[2026-08-03T07:24:34.616Z] LiveUpdateForge: AfterToolExec flush
[2026-08-03T07:24:34.664Z] InitialReadForge.onBeforeSend: SKIP (fr=true syn=false hasRead=true)
[2026-08-03T07:24:35.198Z] LiveUpdateForge: pending external change on D:\unity\demo\CODELY.md
[2026-08-03T07:24:40.815Z] LiveUpdateForge: EndTurn fallback flush
[2026-08-03T07:24:40.816Z] onEndTurn: naturalStop=true toolCalls=0 nudgeMsg=no
[2026-08-03T07:25:39.474Z] ResumeDiffForge: running checkResumeConsistency
[2026-08-03T07:25:39.475Z] checkResumeConsistency: forgedTimestamps=[]
[2026-08-03T07:25:39.491Z] checkResumeConsistency: no changes detected
[2026-08-03T07:25:39.491Z] LiveUpdateForge: session reset, allowLiveUpdate = false
[2026-08-03T07:25:39.492Z] NudgeForge: ResumeComplete — restoring count from history
[2026-08-03T07:25:39.493Z] restoreNudgeCountFromHistory: found last write at idx=617 count=0
[2026-08-03T07:25:39.620Z] LiveUpdateForge: allowLiveUpdate = true (first real BeforeSend)
[2026-08-03T07:25:39.621Z] InitialReadForge.onBeforeSend: SKIP (fr=false syn=false hasRead=true)
[2026-08-03T07:25:55.949Z] LiveUpdateForge: EndTurn fallback flush
[2026-08-03T07:25:55.950Z] onEndTurn: naturalStop=false toolCalls=0 nudgeMsg=no
[2026-08-03T07:25:56.276Z] LiveUpdateForge: AfterToolExec flush
[2026-08-03T07:25:56.326Z] InitialReadForge.onBeforeSend: SKIP (fr=true syn=false hasRead=true)
[2026-08-03T07:26:03.412Z] LiveUpdateForge: EndTurn fallback flush
[2026-08-03T07:26:03.413Z] onEndTurn: naturalStop=false toolCalls=1 nudgeMsg=no
[2026-08-03T07:26:03.426Z] LiveUpdateForge: AfterToolExec flush
[2026-08-03T07:26:03.477Z] InitialReadForge.onBeforeSend: SKIP (fr=true syn=false hasRead=true)
[2026-08-03T07:26:11.732Z] LiveUpdateForge: EndTurn fallback flush
[2026-08-03T07:26:11.732Z] onEndTurn: naturalStop=false toolCalls=2 nudgeMsg=no
[2026-08-03T07:26:12.064Z] LiveUpdateForge: AfterToolExec flush
[2026-08-03T07:26:12.113Z] InitialReadForge.onBeforeSend: SKIP (fr=true syn=false hasRead=true)
[2026-08-03T07:26:26.315Z] LiveUpdateForge: EndTurn fallback flush
[2026-08-03T07:26:26.316Z] onEndTurn: naturalStop=false toolCalls=3 nudgeMsg=no
[2026-08-03T07:26:26.333Z] LiveUpdateForge: AfterToolExec flush
[2026-08-03T07:26:26.409Z] InitialReadForge.onBeforeSend: SKIP (fr=true syn=false hasRead=true)
[2026-08-03T07:26:28.680Z] LiveUpdateForge: EndTurn fallback flush
[2026-08-03T07:26:28.680Z] onEndTurn: naturalStop=false toolCalls=4 nudgeMsg=no
[2026-08-03T07:26:28.695Z] LiveUpdateForge: AfterToolExec flush
[2026-08-03T07:26:28.760Z] InitialReadForge.onBeforeSend: SKIP (fr=true syn=false hasRead=true)
[2026-08-03T07:26:37.116Z] LiveUpdateForge: EndTurn fallback flush
[2026-08-03T07:26:37.117Z] onEndTurn: naturalStop=false toolCalls=5 nudgeMsg=no
[2026-08-03T07:26:37.480Z] LiveUpdateForge: AfterToolExec flush
[2026-08-03T07:26:37.581Z] InitialReadForge.onBeforeSend: SKIP (fr=true syn=false hasRead=true)
[2026-08-03T07:26:40.041Z] LiveUpdateForge: EndTurn fallback flush
[2026-08-03T07:26:40.042Z] onEndTurn: naturalStop=false toolCalls=6 nudgeMsg=no
[2026-08-03T07:26:40.048Z] LiveUpdateForge: AfterToolExec flush
[2026-08-03T07:26:40.114Z] InitialReadForge.onBeforeSend: SKIP (fr=true syn=false hasRead=true)
[2026-08-03T07:26:45.022Z] LiveUpdateForge: EndTurn fallback flush
[2026-08-03T07:26:45.160Z] onEndTurn: naturalStop=false toolCalls=7 nudgeMsg=no
[2026-08-03T07:26:45.171Z] LiveUpdateForge: AfterToolExec flush
[2026-08-03T07:26:45.300Z] InitialReadForge.onBeforeSend: SKIP (fr=true syn=false hasRead=true)
[2026-08-03T07:26:56.584Z] LiveUpdateForge: EndTurn fallback flush
[2026-08-03T07:26:56.585Z] onEndTurn: naturalStop=false toolCalls=8 nudgeMsg=no
[2026-08-03T07:26:57.012Z] LiveUpdateForge: AfterToolExec flush
[2026-08-03T07:26:57.130Z] InitialReadForge.onBeforeSend: SKIP (fr=true syn=false hasRead=true)
[2026-08-03T07:27:02.300Z] LiveUpdateForge: EndTurn fallback flush
[2026-08-03T07:27:02.300Z] onEndTurn: naturalStop=false toolCalls=9 nudgeMsg=no
[2026-08-03T07:27:02.316Z] LiveUpdateForge: AfterToolExec flush
[2026-08-03T07:27:02.378Z] InitialReadForge.onBeforeSend: SKIP (fr=true syn=false hasRead=true)
[2026-08-03T07:27:42.937Z] LiveUpdateForge: EndTurn fallback flush
[2026-08-03T07:27:42.938Z] onEndTurn: naturalStop=false toolCalls=10 nudgeMsg=no
[2026-08-03T07:27:43.049Z] LiveUpdateForge: AfterToolExec flush
[2026-08-03T07:27:43.108Z] InitialReadForge.onBeforeSend: SKIP (fr=true syn=false hasRead=true)
[2026-08-03T07:27:48.412Z] LiveUpdateForge: EndTurn fallback flush
[2026-08-03T07:27:48.413Z] onEndTurn: naturalStop=false toolCalls=11 nudgeMsg=no
[2026-08-03T07:27:48.428Z] LiveUpdateForge: AfterToolExec flush
[2026-08-03T07:27:48.487Z] InitialReadForge.onBeforeSend: SKIP (fr=true syn=false hasRead=true)
[2026-08-03T07:27:54.254Z] LiveUpdateForge: EndTurn fallback flush
[2026-08-03T07:27:54.255Z] onEndTurn: naturalStop=false toolCalls=12 nudgeMsg=no
[2026-08-03T07:27:54.451Z] LiveUpdateForge: AfterToolExec flush
[2026-08-03T07:27:54.509Z] InitialReadForge.onBeforeSend: SKIP (fr=true syn=false hasRead=true)
[2026-08-03T07:28:03.251Z] LiveUpdateForge: EndTurn fallback flush
[2026-08-03T07:28:03.251Z] onEndTurn: naturalStop=false toolCalls=13 nudgeMsg=no
[2026-08-03T07:28:03.269Z] LiveUpdateForge: AfterToolExec flush
[2026-08-03T07:28:03.326Z] InitialReadForge.onBeforeSend: SKIP (fr=true syn=false hasRead=true)
[2026-08-03T07:28:51.319Z] LiveUpdateForge: EndTurn fallback flush
[2026-08-03T07:28:51.319Z] onEndTurn: naturalStop=false toolCalls=14 nudgeMsg=no
[2026-08-03T07:28:51.512Z] LiveUpdateForge: AfterToolExec flush
[2026-08-03T07:28:51.567Z] InitialReadForge.onBeforeSend: SKIP (fr=true syn=false hasRead=true)
[2026-08-03T07:29:28.058Z] LiveUpdateForge: EndTurn fallback flush
[2026-08-03T07:29:28.059Z] onEndTurn: naturalStop=false toolCalls=15 nudgeMsg=no
[2026-08-03T07:29:28.434Z] LiveUpdateForge: AfterToolExec flush
[2026-08-03T07:29:28.514Z] InitialReadForge.onBeforeSend: SKIP (fr=true syn=false hasRead=true)
[2026-08-03T07:29:41.083Z] LiveUpdateForge: EndTurn fallback flush
[2026-08-03T07:29:41.084Z] onEndTurn: naturalStop=false toolCalls=16 nudgeMsg=no
[2026-08-03T07:29:41.101Z] LiveUpdateForge: AfterToolExec flush
[2026-08-03T07:29:41.160Z] InitialReadForge.onBeforeSend: SKIP (fr=true syn=false hasRead=true)
[2026-08-03T07:29:46.878Z] LiveUpdateForge: EndTurn fallback flush
[2026-08-03T07:29:46.879Z] onEndTurn: naturalStop=false toolCalls=17 nudgeMsg=no
[2026-08-03T07:29:47.137Z] LiveUpdateForge: AfterToolExec flush
[2026-08-03T07:29:47.192Z] InitialReadForge.onBeforeSend: SKIP (fr=true syn=false hasRead=true)
[2026-08-03T07:29:57.703Z] LiveUpdateForge: EndTurn fallback flush
[2026-08-03T07:29:57.703Z] onEndTurn: naturalStop=false toolCalls=18 nudgeMsg=no
[2026-08-03T07:29:57.823Z] LiveUpdateForge: AfterToolExec flush
[2026-08-03T07:29:57.874Z] InitialReadForge.onBeforeSend: SKIP (fr=true syn=false hasRead=true)
[2026-08-03T07:30:04.508Z] LiveUpdateForge: EndTurn fallback flush
[2026-08-03T07:30:04.509Z] onEndTurn: naturalStop=false toolCalls=19 nudgeMsg=no
[2026-08-03T07:30:04.700Z] LiveUpdateForge: AfterToolExec flush
[2026-08-03T07:30:04.752Z] InitialReadForge.onBeforeSend: SKIP (fr=true syn=false hasRead=true)
[2026-08-03T07:30:10.624Z] LiveUpdateForge: EndTurn fallback flush
[2026-08-03T07:30:10.625Z] onEndTurn: naturalStop=false toolCalls=20 nudgeMsg=no
[2026-08-03T07:30:11.305Z] LiveUpdateForge: AfterToolExec flush
[2026-08-03T07:30:11.350Z] InitialReadForge.onBeforeSend: SKIP (fr=true syn=false hasRead=true)
[2026-08-03T07:30:17.457Z] LiveUpdateForge: EndTurn fallback flush
[2026-08-03T07:30:17.458Z] onEndTurn: naturalStop=false toolCalls=21 nudgeMsg=no
[2026-08-03T07:30:28.408Z] LiveUpdateForge: AfterToolExec flush
[2026-08-03T07:30:28.458Z] InitialReadForge.onBeforeSend: SKIP (fr=true syn=false hasRead=true)
[2026-08-03T07:30:35.339Z] LiveUpdateForge: EndTurn fallback flush
[2026-08-03T07:30:35.340Z] onEndTurn: naturalStop=false toolCalls=22 nudgeMsg=no
[2026-08-03T07:31:25.076Z] LiveUpdateForge: AfterToolExec flush
[2026-08-03T07:31:25.130Z] InitialReadForge.onBeforeSend: SKIP (fr=true syn=false hasRead=true)
[2026-08-03T07:31:32.363Z] LiveUpdateForge: EndTurn fallback flush
[2026-08-03T07:31:32.364Z] onEndTurn: naturalStop=false toolCalls=23 nudgeMsg=no
[2026-08-03T07:36:19.937Z] LiveUpdateForge: AfterToolExec flush
[2026-08-03T07:36:19.992Z] InitialReadForge.onBeforeSend: SKIP (fr=true syn=false hasRead=true)
[2026-08-03T07:36:28.256Z] LiveUpdateForge: EndTurn fallback flush
[2026-08-03T07:36:28.257Z] onEndTurn: naturalStop=false toolCalls=24 nudgeMsg=no
[2026-08-03T07:42:03.179Z] LiveUpdateForge: AfterToolExec flush
[2026-08-03T07:42:03.231Z] InitialReadForge.onBeforeSend: SKIP (fr=true syn=false hasRead=true)
[2026-08-03T07:42:13.845Z] LiveUpdateForge: EndTurn fallback flush
[2026-08-03T07:42:13.846Z] onEndTurn: naturalStop=false toolCalls=25 nudgeMsg=no
[2026-08-03T07:42:56.636Z] LiveUpdateForge: AfterToolExec flush
[2026-08-03T07:42:56.686Z] InitialReadForge.onBeforeSend: SKIP (fr=true syn=false hasRead=true)
[2026-08-03T07:43:22.501Z] LiveUpdateForge: EndTurn fallback flush
[2026-08-03T07:43:22.501Z] onEndTurn: naturalStop=true toolCalls=26 nudgeMsg=no
[2026-08-03T07:43:26.778Z] ResumeDiffForge: running checkResumeConsistency
[2026-08-03T07:43:26.779Z] checkResumeConsistency: forgedTimestamps=[]
[2026-08-03T07:43:26.802Z] checkResumeConsistency: no changes detected
[2026-08-03T07:43:26.803Z] LiveUpdateForge: session reset, allowLiveUpdate = false
[2026-08-03T07:43:26.803Z] NudgeForge: ResumeComplete — restoring count from history
[2026-08-03T07:43:26.804Z] restoreNudgeCountFromHistory: found last write at idx=617 count=26
[2026-08-03T07:43:26.933Z] LiveUpdateForge: allowLiveUpdate = true (first real BeforeSend)
[2026-08-03T07:43:26.935Z] InitialReadForge.onBeforeSend: SKIP (fr=false syn=false hasRead=true)
[2026-08-03T07:43:58.069Z] LiveUpdateForge: EndTurn fallback flush
[2026-08-03T07:43:58.070Z] onEndTurn: naturalStop=false toolCalls=26 nudgeMsg=no
[2026-08-03T07:43:58.088Z] LiveUpdateForge: AfterToolExec flush
[2026-08-03T07:43:58.140Z] InitialReadForge.onBeforeSend: SKIP (fr=true syn=false hasRead=true)
[2026-08-03T07:44:52.807Z] LiveUpdateForge: EndTurn fallback flush
[2026-08-03T07:44:52.807Z] onEndTurn: naturalStop=false toolCalls=27 nudgeMsg=no
[2026-08-03T07:48:56.649Z] LiveUpdateForge: AfterToolExec flush
[2026-08-03T07:48:56.703Z] InitialReadForge.onBeforeSend: SKIP (fr=true syn=false hasRead=true)
[2026-08-03T07:50:01.382Z] LiveUpdateForge: EndTurn fallback flush
[2026-08-03T07:50:01.383Z] onEndTurn: naturalStop=false toolCalls=28 nudgeMsg=no
[2026-08-03T07:50:10.867Z] LiveUpdateForge: AfterToolExec flush
[2026-08-03T07:50:10.934Z] InitialReadForge.onBeforeSend: SKIP (fr=true syn=false hasRead=true)
[2026-08-03T07:50:54.424Z] LiveUpdateForge: EndTurn fallback flush
[2026-08-03T07:50:54.424Z] onEndTurn: naturalStop=false toolCalls=29 nudgeMsg=no
[2026-08-03T07:58:25.187Z] LiveUpdateForge: AfterToolExec flush
[2026-08-03T07:58:25.239Z] InitialReadForge.onBeforeSend: SKIP (fr=true syn=false hasRead=true)
[2026-08-03T07:58:49.703Z] LiveUpdateForge: EndTurn fallback flush
[2026-08-03T07:58:49.704Z] onEndTurn: naturalStop=false toolCalls=30 nudgeMsg=no
[2026-08-03T07:58:49.718Z] LiveUpdateForge: AfterToolExec flush
[2026-08-03T07:58:49.774Z] InitialReadForge.onBeforeSend: SKIP (fr=true syn=false hasRead=true)
[2026-08-03T07:59:11.538Z] LiveUpdateForge: EndTurn fallback flush
[2026-08-03T07:59:11.539Z] onEndTurn: naturalStop=false toolCalls=31 nudgeMsg=no
[2026-08-03T07:59:11.551Z] LiveUpdateForge: AfterToolExec flush
[2026-08-03T07:59:11.595Z] InitialReadForge.onBeforeSend: SKIP (fr=true syn=false hasRead=true)
[2026-08-03T07:59:55.043Z] LiveUpdateForge: EndTurn fallback flush
[2026-08-03T07:59:55.044Z] onEndTurn: naturalStop=false toolCalls=32 nudgeMsg=no
[2026-08-03T07:59:55.057Z] LiveUpdateForge: AfterToolExec flush
[2026-08-03T07:59:55.112Z] InitialReadForge.onBeforeSend: SKIP (fr=true syn=false hasRead=true)
[2026-08-03T08:00:11.518Z] LiveUpdateForge: EndTurn fallback flush
[2026-08-03T08:00:11.518Z] onEndTurn: naturalStop=false toolCalls=33 nudgeMsg=no
[2026-08-03T08:00:11.738Z] LiveUpdateForge: AfterToolExec flush
[2026-08-03T08:00:11.797Z] InitialReadForge.onBeforeSend: SKIP (fr=true syn=false hasRead=true)
[2026-08-03T08:00:16.623Z] LiveUpdateForge: EndTurn fallback flush
[2026-08-03T08:00:16.623Z] onEndTurn: naturalStop=false toolCalls=34 nudgeMsg=no
[2026-08-03T08:00:16.734Z] LiveUpdateForge: AfterToolExec flush
[2026-08-03T08:00:16.781Z] InitialReadForge.onBeforeSend: SKIP (fr=true syn=false hasRead=true)
[2026-08-03T08:00:21.333Z] LiveUpdateForge: EndTurn fallback flush
[2026-08-03T08:00:21.334Z] onEndTurn: naturalStop=false toolCalls=35 nudgeMsg=no
[2026-08-03T08:00:21.385Z] InitialReadForge.onBeforeSend: SKIP (fr=true syn=false hasRead=true)
[2026-08-03T08:00:28.184Z] LiveUpdateForge: EndTurn fallback flush
[2026-08-03T08:00:28.184Z] onEndTurn: naturalStop=false toolCalls=35 nudgeMsg=no
[2026-08-03T08:00:28.499Z] LiveUpdateForge: AfterToolExec flush
[2026-08-03T08:00:28.549Z] InitialReadForge.onBeforeSend: SKIP (fr=true syn=false hasRead=true)
[2026-08-03T08:00:38.207Z] LiveUpdateForge: EndTurn fallback flush
[2026-08-03T08:00:38.208Z] onEndTurn: naturalStop=false toolCalls=36 nudgeMsg=no
[2026-08-03T08:00:38.219Z] LiveUpdateForge: AfterToolExec flush
[2026-08-03T08:00:38.265Z] InitialReadForge.onBeforeSend: SKIP (fr=true syn=false hasRead=true)
[2026-08-03T08:01:09.885Z] LiveUpdateForge: EndTurn fallback flush
[2026-08-03T08:01:09.886Z] onEndTurn: naturalStop=false toolCalls=37 nudgeMsg=no
[2026-08-03T08:01:09.898Z] LiveUpdateForge: AfterToolExec flush
[2026-08-03T08:01:09.947Z] InitialReadForge.onBeforeSend: SKIP (fr=true syn=false hasRead=true)
[2026-08-03T08:01:26.279Z] LiveUpdateForge: EndTurn fallback flush
[2026-08-03T08:01:26.279Z] onEndTurn: naturalStop=false toolCalls=38 nudgeMsg=no
[2026-08-03T08:01:26.290Z] LiveUpdateForge: AfterToolExec flush
[2026-08-03T08:01:26.336Z] InitialReadForge.onBeforeSend: SKIP (fr=true syn=false hasRead=true)
[2026-08-03T08:01:45.472Z] LiveUpdateForge: EndTurn fallback flush
[2026-08-03T08:01:45.472Z] onEndTurn: naturalStop=false toolCalls=39 nudgeMsg=no
[2026-08-03T08:01:45.486Z] LiveUpdateForge: AfterToolExec flush
[2026-08-03T08:01:45.540Z] InitialReadForge.onBeforeSend: SKIP (fr=true syn=false hasRead=true)
[2026-08-03T08:04:17.064Z] LiveUpdateForge: EndTurn fallback flush
[2026-08-03T08:04:17.064Z] onEndTurn: naturalStop=false toolCalls=40 nudgeMsg=no
[2026-08-03T08:04:17.233Z] LiveUpdateForge: AfterToolExec flush
[2026-08-03T08:04:17.281Z] InitialReadForge.onBeforeSend: SKIP (fr=true syn=false hasRead=true)
[2026-08-03T08:04:25.445Z] LiveUpdateForge: EndTurn fallback flush
[2026-08-03T08:04:25.446Z] onEndTurn: naturalStop=false toolCalls=41 nudgeMsg=no
[2026-08-03T08:04:25.749Z] LiveUpdateForge: AfterToolExec flush
[2026-08-03T08:04:25.799Z] InitialReadForge.onBeforeSend: SKIP (fr=true syn=false hasRead=true)
[2026-08-03T08:04:44.203Z] LiveUpdateForge: EndTurn fallback flush
[2026-08-03T08:04:44.203Z] onEndTurn: naturalStop=false toolCalls=42 nudgeMsg=no
[2026-08-03T08:04:44.214Z] LiveUpdateForge: AfterToolExec flush
[2026-08-03T08:04:44.258Z] InitialReadForge.onBeforeSend: SKIP (fr=true syn=false hasRead=true)
[2026-08-03T08:05:39.569Z] LiveUpdateForge: EndTurn fallback flush
[2026-08-03T08:05:39.570Z] onEndTurn: naturalStop=false toolCalls=43 nudgeMsg=no
[2026-08-03T08:05:39.739Z] LiveUpdateForge: AfterToolExec flush
[2026-08-03T08:05:39.786Z] InitialReadForge.onBeforeSend: SKIP (fr=true syn=false hasRead=true)
[2026-08-03T08:05:54.011Z] LiveUpdateForge: EndTurn fallback flush
[2026-08-03T08:05:54.012Z] onEndTurn: naturalStop=false toolCalls=44 nudgeMsg=no
[2026-08-03T08:05:54.320Z] LiveUpdateForge: AfterToolExec flush
[2026-08-03T08:05:54.366Z] InitialReadForge.onBeforeSend: SKIP (fr=true syn=false hasRead=true)
[2026-08-03T08:06:13.312Z] LiveUpdateForge: EndTurn fallback flush
[2026-08-03T08:06:13.312Z] onEndTurn: naturalStop=false toolCalls=45 nudgeMsg=no
[2026-08-03T08:06:13.549Z] LiveUpdateForge: AfterToolExec flush
[2026-08-03T08:06:13.600Z] InitialReadForge.onBeforeSend: SKIP (fr=true syn=false hasRead=true)
[2026-08-03T08:06:27.336Z] LiveUpdateForge: EndTurn fallback flush
[2026-08-03T08:06:27.337Z] onEndTurn: naturalStop=false toolCalls=46 nudgeMsg=no
[2026-08-03T08:06:28.713Z] LiveUpdateForge: AfterToolExec flush
[2026-08-03T08:06:28.768Z] InitialReadForge.onBeforeSend: SKIP (fr=true syn=false hasRead=true)
[2026-08-03T08:06:50.875Z] LiveUpdateForge: EndTurn fallback flush
[2026-08-03T08:06:50.875Z] onEndTurn: naturalStop=false toolCalls=47 nudgeMsg=no
[2026-08-03T08:06:50.912Z] LiveUpdateForge: AfterToolExec flush
[2026-08-03T08:06:50.957Z] InitialReadForge.onBeforeSend: SKIP (fr=true syn=false hasRead=true)
[2026-08-03T08:07:06.666Z] LiveUpdateForge: EndTurn fallback flush
[2026-08-03T08:07:06.667Z] onEndTurn: naturalStop=false toolCalls=48 nudgeMsg=no
[2026-08-03T08:07:06.726Z] LiveUpdateForge: AfterToolExec flush
[2026-08-03T08:07:06.786Z] InitialReadForge.onBeforeSend: SKIP (fr=true syn=false hasRead=true)
[2026-08-03T08:07:20.783Z] LiveUpdateForge: EndTurn fallback flush
[2026-08-03T08:07:20.783Z] onEndTurn: naturalStop=false toolCalls=49 nudgeMsg=no
[2026-08-03T08:07:20.930Z] LiveUpdateForge: AfterToolExec flush
[2026-08-03T08:07:20.979Z] InitialReadForge.onBeforeSend: SKIP (fr=true syn=false hasRead=true)
[2026-08-03T08:07:39.246Z] LiveUpdateForge: EndTurn fallback flush
[2026-08-03T08:07:39.246Z] onEndTurn: naturalStop=false toolCalls=50 nudgeMsg=no
[2026-08-03T08:07:48.928Z] LiveUpdateForge: AfterToolExec flush
[2026-08-03T08:07:48.987Z] InitialReadForge.onBeforeSend: SKIP (fr=true syn=false hasRead=true)
[2026-08-03T08:07:57.447Z] LiveUpdateForge: EndTurn fallback flush
[2026-08-03T08:07:57.447Z] onEndTurn: naturalStop=false toolCalls=51 nudgeMsg=no
[2026-08-03T08:08:47.128Z] LiveUpdateForge: AfterToolExec flush
[2026-08-03T08:08:47.186Z] InitialReadForge.onBeforeSend: SKIP (fr=true syn=false hasRead=true)
[2026-08-03T08:09:11.226Z] LiveUpdateForge: EndTurn fallback flush
[2026-08-03T08:09:11.226Z] onEndTurn: naturalStop=true toolCalls=0 nudgeMsg=YES
[2026-08-03T08:09:11.232Z] InitialReadForge.onBeforeSend: SKIP (fr=false syn=false hasRead=true)
[2026-08-03T08:09:27.163Z] LiveUpdateForge: EndTurn fallback flush
[2026-08-03T08:09:27.164Z] onEndTurn: naturalStop=false toolCalls=0 nudgeMsg=no
[2026-08-03T08:09:27.183Z] LiveUpdateForge: self-write on D:\unity\demo\CODELY.md, baseline aligned
[2026-08-03T08:09:27.184Z] LiveUpdateForge: AfterToolExec flush
[2026-08-03T08:09:27.231Z] InitialReadForge.onBeforeSend: SKIP (fr=true syn=false hasRead=true)
[2026-08-03T08:09:27.772Z] LiveUpdateForge: pending external change on D:\unity\demo\CODELY.md
[2026-08-03T08:09:39.714Z] LiveUpdateForge: EndTurn fallback flush
[2026-08-03T08:09:39.715Z] onEndTurn: naturalStop=true toolCalls=0 nudgeMsg=no
[2026-08-03T08:09:43.759Z] ResumeDiffForge: running checkResumeConsistency
[2026-08-03T08:09:43.760Z] checkResumeConsistency: forgedTimestamps=[]
[2026-08-03T08:09:43.785Z] checkResumeConsistency: no changes detected
[2026-08-03T08:09:43.785Z] LiveUpdateForge: session reset, allowLiveUpdate = false
[2026-08-03T08:09:43.785Z] NudgeForge: ResumeComplete — restoring count from history
[2026-08-03T08:09:43.786Z] restoreNudgeCountFromHistory: found last write at idx=731 count=0
[2026-08-03T08:09:43.909Z] LiveUpdateForge: allowLiveUpdate = true (first real BeforeSend)
[2026-08-03T08:09:43.910Z] InitialReadForge.onBeforeSend: SKIP (fr=false syn=false hasRead=true)
[2026-08-03T08:10:09.715Z] LiveUpdateForge: EndTurn fallback flush
[2026-08-03T08:10:09.715Z] onEndTurn: naturalStop=false toolCalls=0 nudgeMsg=no
[2026-08-03T08:10:09.733Z] LiveUpdateForge: AfterToolExec flush
[2026-08-03T08:10:09.779Z] InitialReadForge.onBeforeSend: SKIP (fr=true syn=false hasRead=true)
[2026-08-03T08:10:29.674Z] LiveUpdateForge: EndTurn fallback flush
[2026-08-03T08:10:29.675Z] onEndTurn: naturalStop=false toolCalls=1 nudgeMsg=no
[2026-08-03T08:10:29.682Z] LiveUpdateForge: AfterToolExec flush
[2026-08-03T08:10:29.731Z] InitialReadForge.onBeforeSend: SKIP (fr=true syn=false hasRead=true)
[2026-08-03T08:10:38.560Z] LiveUpdateForge: EndTurn fallback flush
[2026-08-03T08:10:38.561Z] onEndTurn: naturalStop=false toolCalls=2 nudgeMsg=no
[2026-08-03T08:10:38.565Z] LiveUpdateForge: AfterToolExec flush
[2026-08-03T08:10:38.612Z] InitialReadForge.onBeforeSend: SKIP (fr=true syn=false hasRead=true)
[2026-08-03T08:11:01.485Z] LiveUpdateForge: EndTurn fallback flush
[2026-08-03T08:11:01.485Z] onEndTurn: naturalStop=false toolCalls=3 nudgeMsg=no
[2026-08-03T08:11:01.618Z] LiveUpdateForge: AfterToolExec flush
[2026-08-03T08:11:01.661Z] InitialReadForge.onBeforeSend: SKIP (fr=true syn=false hasRead=true)
[2026-08-03T08:11:18.701Z] LiveUpdateForge: EndTurn fallback flush
[2026-08-03T08:11:18.702Z] onEndTurn: naturalStop=false toolCalls=4 nudgeMsg=no
[2026-08-03T08:11:18.870Z] LiveUpdateForge: AfterToolExec flush
[2026-08-03T08:11:18.914Z] InitialReadForge.onBeforeSend: SKIP (fr=true syn=false hasRead=true)
[2026-08-03T08:11:23.540Z] LiveUpdateForge: EndTurn fallback flush
[2026-08-03T08:11:23.540Z] onEndTurn: naturalStop=false toolCalls=5 nudgeMsg=no
[2026-08-03T08:11:23.647Z] LiveUpdateForge: AfterToolExec flush
[2026-08-03T08:11:23.688Z] InitialReadForge.onBeforeSend: SKIP (fr=true syn=false hasRead=true)
[2026-08-03T08:11:33.663Z] LiveUpdateForge: EndTurn fallback flush
[2026-08-03T08:11:33.664Z] onEndTurn: naturalStop=false toolCalls=6 nudgeMsg=no
[2026-08-03T08:11:33.797Z] LiveUpdateForge: AfterToolExec flush
[2026-08-03T08:11:33.840Z] InitialReadForge.onBeforeSend: SKIP (fr=true syn=false hasRead=true)
[2026-08-03T08:11:45.826Z] LiveUpdateForge: EndTurn fallback flush
[2026-08-03T08:11:45.827Z] onEndTurn: naturalStop=false toolCalls=7 nudgeMsg=no
[2026-08-03T08:11:45.903Z] LiveUpdateForge: AfterToolExec flush
[2026-08-03T08:11:45.950Z] InitialReadForge.onBeforeSend: SKIP (fr=true syn=false hasRead=true)
[2026-08-03T08:12:02.499Z] LiveUpdateForge: EndTurn fallback flush
[2026-08-03T08:12:02.500Z] onEndTurn: naturalStop=false toolCalls=8 nudgeMsg=no
[2026-08-03T08:12:02.582Z] LiveUpdateForge: AfterToolExec flush
[2026-08-03T08:12:02.624Z] InitialReadForge.onBeforeSend: SKIP (fr=true syn=false hasRead=true)
[2026-08-03T08:12:30.703Z] LiveUpdateForge: EndTurn fallback flush
[2026-08-03T08:12:30.703Z] onEndTurn: naturalStop=false toolCalls=9 nudgeMsg=no
[2026-08-03T08:12:30.874Z] LiveUpdateForge: AfterToolExec flush
[2026-08-03T08:12:30.923Z] InitialReadForge.onBeforeSend: SKIP (fr=true syn=false hasRead=true)
[2026-08-03T08:12:48.544Z] LiveUpdateForge: EndTurn fallback flush
[2026-08-03T08:12:48.544Z] onEndTurn: naturalStop=false toolCalls=10 nudgeMsg=no
[2026-08-03T08:12:48.834Z] LiveUpdateForge: AfterToolExec flush
[2026-08-03T08:12:48.880Z] InitialReadForge.onBeforeSend: SKIP (fr=true syn=false hasRead=true)
[2026-08-03T08:12:57.525Z] LiveUpdateForge: EndTurn fallback flush
[2026-08-03T08:12:57.525Z] onEndTurn: naturalStop=false toolCalls=11 nudgeMsg=no
[2026-08-03T08:12:57.536Z] LiveUpdateForge: AfterToolExec flush
[2026-08-03T08:12:57.577Z] InitialReadForge.onBeforeSend: SKIP (fr=true syn=false hasRead=true)
[2026-08-03T08:13:08.510Z] LiveUpdateForge: EndTurn fallback flush
[2026-08-03T08:13:08.511Z] onEndTurn: naturalStop=false toolCalls=12 nudgeMsg=no
[2026-08-03T08:13:08.522Z] LiveUpdateForge: AfterToolExec flush
[2026-08-03T08:13:08.649Z] InitialReadForge.onBeforeSend: SKIP (fr=true syn=false hasRead=true)
[2026-08-03T08:13:21.728Z] LiveUpdateForge: EndTurn fallback flush
[2026-08-03T08:13:21.729Z] onEndTurn: naturalStop=false toolCalls=13 nudgeMsg=no
[2026-08-03T08:13:21.913Z] LiveUpdateForge: AfterToolExec flush
[2026-08-03T08:13:21.956Z] InitialReadForge.onBeforeSend: SKIP (fr=true syn=false hasRead=true)
[2026-08-03T08:13:25.555Z] LiveUpdateForge: EndTurn fallback flush
[2026-08-03T08:13:25.556Z] onEndTurn: naturalStop=false toolCalls=14 nudgeMsg=no
[2026-08-03T08:13:25.572Z] LiveUpdateForge: AfterToolExec flush
[2026-08-03T08:13:25.630Z] InitialReadForge.onBeforeSend: SKIP (fr=true syn=false hasRead=true)
[2026-08-03T08:13:29.354Z] LiveUpdateForge: EndTurn fallback flush
[2026-08-03T08:13:29.355Z] onEndTurn: naturalStop=false toolCalls=15 nudgeMsg=no
[2026-08-03T08:13:29.452Z] LiveUpdateForge: AfterToolExec flush
[2026-08-03T08:13:29.505Z] InitialReadForge.onBeforeSend: SKIP (fr=true syn=false hasRead=true)
[2026-08-03T08:13:41.693Z] LiveUpdateForge: EndTurn fallback flush
[2026-08-03T08:13:41.693Z] onEndTurn: naturalStop=false toolCalls=16 nudgeMsg=no
[2026-08-03T08:13:42.001Z] LiveUpdateForge: AfterToolExec flush
[2026-08-03T08:13:42.045Z] InitialReadForge.onBeforeSend: SKIP (fr=true syn=false hasRead=true)
[2026-08-03T08:13:52.871Z] LiveUpdateForge: EndTurn fallback flush
[2026-08-03T08:13:52.871Z] onEndTurn: naturalStop=false toolCalls=17 nudgeMsg=no
[2026-08-03T08:13:53.158Z] LiveUpdateForge: AfterToolExec flush
[2026-08-03T08:13:53.205Z] InitialReadForge.onBeforeSend: SKIP (fr=true syn=false hasRead=true)
[2026-08-03T08:13:56.261Z] LiveUpdateForge: EndTurn fallback flush
[2026-08-03T08:13:56.262Z] onEndTurn: naturalStop=false toolCalls=18 nudgeMsg=no
[2026-08-03T08:13:56.272Z] LiveUpdateForge: AfterToolExec flush
[2026-08-03T08:13:56.316Z] InitialReadForge.onBeforeSend: SKIP (fr=true syn=false hasRead=true)
[2026-08-03T08:14:08.970Z] LiveUpdateForge: EndTurn fallback flush
[2026-08-03T08:14:08.970Z] onEndTurn: naturalStop=false toolCalls=19 nudgeMsg=no
[2026-08-03T08:14:09.145Z] LiveUpdateForge: AfterToolExec flush
[2026-08-03T08:14:09.191Z] InitialReadForge.onBeforeSend: SKIP (fr=true syn=false hasRead=true)
[2026-08-03T08:14:40.940Z] LiveUpdateForge: EndTurn fallback flush
[2026-08-03T08:14:40.940Z] onEndTurn: naturalStop=false toolCalls=20 nudgeMsg=no
[2026-08-03T08:14:40.952Z] LiveUpdateForge: AfterToolExec flush
[2026-08-03T08:14:41.001Z] InitialReadForge.onBeforeSend: SKIP (fr=true syn=false hasRead=true)
[2026-08-03T08:14:52.730Z] LiveUpdateForge: EndTurn fallback flush
[2026-08-03T08:14:52.731Z] onEndTurn: naturalStop=false toolCalls=21 nudgeMsg=no
[2026-08-03T08:14:52.828Z] LiveUpdateForge: AfterToolExec flush
[2026-08-03T08:14:52.873Z] InitialReadForge.onBeforeSend: SKIP (fr=true syn=false hasRead=true)
[2026-08-03T08:15:13.979Z] LiveUpdateForge: EndTurn fallback flush
[2026-08-03T08:15:13.979Z] onEndTurn: naturalStop=false toolCalls=22 nudgeMsg=no
[2026-08-03T08:15:14.285Z] LiveUpdateForge: AfterToolExec flush
[2026-08-03T08:15:14.333Z] InitialReadForge.onBeforeSend: SKIP (fr=true syn=false hasRead=true)
[2026-08-03T08:15:23.781Z] LiveUpdateForge: EndTurn fallback flush
[2026-08-03T08:15:23.781Z] onEndTurn: naturalStop=false toolCalls=23 nudgeMsg=no
[2026-08-03T08:15:24.083Z] LiveUpdateForge: AfterToolExec flush
[2026-08-03T08:15:24.128Z] InitialReadForge.onBeforeSend: SKIP (fr=true syn=false hasRead=true)
[2026-08-03T08:16:01.797Z] LiveUpdateForge: EndTurn fallback flush
[2026-08-03T08:16:01.798Z] onEndTurn: naturalStop=false toolCalls=24 nudgeMsg=no
[2026-08-03T08:16:02.091Z] LiveUpdateForge: AfterToolExec flush
[2026-08-03T08:16:02.133Z] InitialReadForge.onBeforeSend: SKIP (fr=true syn=false hasRead=true)
[2026-08-03T08:16:57.423Z] LiveUpdateForge: EndTurn fallback flush
[2026-08-03T08:16:57.424Z] onEndTurn: naturalStop=false toolCalls=25 nudgeMsg=no
[2026-08-03T08:16:57.436Z] LiveUpdateForge: AfterToolExec flush
[2026-08-03T08:16:57.484Z] InitialReadForge.onBeforeSend: SKIP (fr=true syn=false hasRead=true)
[2026-08-03T08:17:18.081Z] LiveUpdateForge: EndTurn fallback flush
[2026-08-03T08:17:18.081Z] onEndTurn: naturalStop=false toolCalls=26 nudgeMsg=no
[2026-08-03T08:17:18.196Z] LiveUpdateForge: AfterToolExec flush
[2026-08-03T08:17:18.239Z] InitialReadForge.onBeforeSend: SKIP (fr=true syn=false hasRead=true)
[2026-08-03T08:17:32.782Z] LiveUpdateForge: EndTurn fallback flush
[2026-08-03T08:17:32.783Z] onEndTurn: naturalStop=false toolCalls=27 nudgeMsg=no
[2026-08-03T08:17:32.840Z] LiveUpdateForge: AfterToolExec flush
[2026-08-03T08:17:32.879Z] InitialReadForge.onBeforeSend: SKIP (fr=true syn=false hasRead=true)
[2026-08-03T08:17:52.838Z] LiveUpdateForge: EndTurn fallback flush
[2026-08-03T08:17:52.839Z] onEndTurn: naturalStop=false toolCalls=28 nudgeMsg=no
[2026-08-03T08:17:59.468Z] LiveUpdateForge: AfterToolExec flush
[2026-08-03T08:17:59.551Z] InitialReadForge.onBeforeSend: SKIP (fr=true syn=false hasRead=true)
[2026-08-03T08:18:11.463Z] LiveUpdateForge: EndTurn fallback flush
[2026-08-03T08:18:11.464Z] onEndTurn: naturalStop=false toolCalls=29 nudgeMsg=no
[2026-08-03T08:18:11.495Z] LiveUpdateForge: AfterToolExec flush
[2026-08-03T08:18:11.537Z] InitialReadForge.onBeforeSend: SKIP (fr=true syn=false hasRead=true)
[2026-08-03T08:18:24.931Z] LiveUpdateForge: EndTurn fallback flush
[2026-08-03T08:18:24.932Z] onEndTurn: naturalStop=false toolCalls=30 nudgeMsg=no
[2026-08-03T08:18:24.943Z] LiveUpdateForge: AfterToolExec flush
[2026-08-03T08:18:24.988Z] InitialReadForge.onBeforeSend: SKIP (fr=true syn=false hasRead=true)
[2026-08-03T08:18:52.099Z] LiveUpdateForge: EndTurn fallback flush
[2026-08-03T08:18:52.100Z] onEndTurn: naturalStop=false toolCalls=31 nudgeMsg=no
[2026-08-03T08:18:52.240Z] LiveUpdateForge: AfterToolExec flush
[2026-08-03T08:18:52.305Z] InitialReadForge.onBeforeSend: SKIP (fr=true syn=false hasRead=true)
[2026-08-03T08:19:04.069Z] LiveUpdateForge: EndTurn fallback flush
[2026-08-03T08:19:04.070Z] onEndTurn: naturalStop=false toolCalls=32 nudgeMsg=no
[2026-08-03T08:19:04.077Z] LiveUpdateForge: AfterToolExec flush
[2026-08-03T08:19:04.128Z] InitialReadForge.onBeforeSend: SKIP (fr=true syn=false hasRead=true)
[2026-08-03T08:19:17.520Z] LiveUpdateForge: EndTurn fallback flush
[2026-08-03T08:19:17.520Z] onEndTurn: naturalStop=false toolCalls=33 nudgeMsg=no
[2026-08-03T08:19:17.532Z] LiveUpdateForge: AfterToolExec flush
[2026-08-03T08:19:17.578Z] InitialReadForge.onBeforeSend: SKIP (fr=true syn=false hasRead=true)
[2026-08-03T08:19:23.150Z] LiveUpdateForge: EndTurn fallback flush
[2026-08-03T08:19:23.150Z] onEndTurn: naturalStop=false toolCalls=34 nudgeMsg=no
[2026-08-03T08:19:24.563Z] LiveUpdateForge: AfterToolExec flush
[2026-08-03T08:19:24.618Z] InitialReadForge.onBeforeSend: SKIP (fr=true syn=false hasRead=true)
[2026-08-03T08:19:37.936Z] LiveUpdateForge: EndTurn fallback flush
[2026-08-03T08:19:37.937Z] onEndTurn: naturalStop=false toolCalls=35 nudgeMsg=no
[2026-08-03T08:19:37.951Z] LiveUpdateForge: AfterToolExec flush
[2026-08-03T08:19:38.001Z] InitialReadForge.onBeforeSend: SKIP (fr=true syn=false hasRead=true)
[2026-08-03T08:19:48.733Z] LiveUpdateForge: EndTurn fallback flush
[2026-08-03T08:19:48.733Z] onEndTurn: naturalStop=false toolCalls=36 nudgeMsg=no
[2026-08-03T08:19:49.021Z] LiveUpdateForge: AfterToolExec flush
[2026-08-03T08:19:49.065Z] InitialReadForge.onBeforeSend: SKIP (fr=true syn=false hasRead=true)
[2026-08-03T08:19:53.496Z] LiveUpdateForge: EndTurn fallback flush
[2026-08-03T08:19:53.496Z] onEndTurn: naturalStop=false toolCalls=37 nudgeMsg=no
[2026-08-03T08:19:53.620Z] LiveUpdateForge: AfterToolExec flush
[2026-08-03T08:19:53.665Z] InitialReadForge.onBeforeSend: SKIP (fr=true syn=false hasRead=true)
[2026-08-03T08:19:56.333Z] LiveUpdateForge: EndTurn fallback flush
[2026-08-03T08:19:56.333Z] onEndTurn: naturalStop=false toolCalls=38 nudgeMsg=no
[2026-08-03T08:19:56.448Z] LiveUpdateForge: AfterToolExec flush
[2026-08-03T08:19:56.503Z] InitialReadForge.onBeforeSend: SKIP (fr=true syn=false hasRead=true)
[2026-08-03T08:20:00.209Z] LiveUpdateForge: EndTurn fallback flush
[2026-08-03T08:20:00.209Z] onEndTurn: naturalStop=false toolCalls=39 nudgeMsg=no
[2026-08-03T08:20:10.946Z] LiveUpdateForge: AfterToolExec flush
[2026-08-03T08:20:10.994Z] InitialReadForge.onBeforeSend: SKIP (fr=true syn=false hasRead=true)
[2026-08-03T08:20:19.817Z] LiveUpdateForge: EndTurn fallback flush
[2026-08-03T08:20:19.817Z] onEndTurn: naturalStop=false toolCalls=40 nudgeMsg=no
[2026-08-03T08:21:10.031Z] LiveUpdateForge: AfterToolExec flush
[2026-08-03T08:21:10.088Z] InitialReadForge.onBeforeSend: SKIP (fr=true syn=false hasRead=true)
[2026-08-03T08:21:14.710Z] LiveUpdateForge: EndTurn fallback flush
[2026-08-03T08:21:14.711Z] onEndTurn: naturalStop=false toolCalls=41 nudgeMsg=no
[2026-08-03T08:21:14.715Z] LiveUpdateForge: AfterToolExec flush
[2026-08-03T08:21:14.761Z] InitialReadForge.onBeforeSend: SKIP (fr=true syn=false hasRead=true)
[2026-08-03T08:21:22.871Z] LiveUpdateForge: EndTurn fallback flush
[2026-08-03T08:21:22.871Z] onEndTurn: naturalStop=true toolCalls=42 nudgeMsg=no
[2026-08-03T08:22:23.758Z] ResumeDiffForge: running checkResumeConsistency
[2026-08-03T08:22:23.759Z] checkResumeConsistency: forgedTimestamps=[]
[2026-08-03T08:22:23.773Z] checkResumeConsistency: no changes detected
[2026-08-03T08:22:23.773Z] LiveUpdateForge: session reset, allowLiveUpdate = false
[2026-08-03T08:22:23.774Z] NudgeForge: ResumeComplete — restoring count from history
[2026-08-03T08:22:23.774Z] restoreNudgeCountFromHistory: found last write at idx=731 count=42
[2026-08-03T08:22:23.897Z] LiveUpdateForge: allowLiveUpdate = true (first real BeforeSend)
[2026-08-03T08:22:23.899Z] InitialReadForge.onBeforeSend: SKIP (fr=false syn=false hasRead=true)
[2026-08-03T08:22:29.573Z] LiveUpdateForge: EndTurn fallback flush
[2026-08-03T08:22:29.574Z] onEndTurn: naturalStop=false toolCalls=42 nudgeMsg=no
[2026-08-03T08:24:06.903Z] LiveUpdateForge: AfterToolExec flush
[2026-08-03T08:24:06.957Z] InitialReadForge.onBeforeSend: SKIP (fr=true syn=false hasRead=true)
[2026-08-03T08:31:25.907Z] MemoryForge: attached 5 listener(s)
[2026-08-03T08:31:25.909Z] InitialReadForge: armed one-shot BeforeSend after NewSessionStart
[2026-08-03T08:31:25.909Z] LiveUpdateForge: session reset, allowLiveUpdate = false
[2026-08-03T08:39:16.047Z] LiveUpdateForge: session reset, allowLiveUpdate = false
[2026-08-03T08:39:16.920Z] ResumeDiffForge: running checkResumeConsistency
[2026-08-03T08:39:16.963Z] checkResumeConsistency: forgedTimestamps=[]
[2026-08-03T08:39:18.283Z] checkResumeConsistency: no changes detected
[2026-08-03T08:39:18.283Z] LiveUpdateForge: session reset, allowLiveUpdate = false
[2026-08-03T08:39:18.284Z] NudgeForge: ResumeComplete — restoring count from history
[2026-08-03T08:39:18.343Z] restoreNudgeCountFromHistory: found last write at idx=731 count=43
[2026-08-03T08:39:53.703Z] ResumeDiffForge: running checkResumeConsistency
[2026-08-03T08:39:53.704Z] checkResumeConsistency: forgedTimestamps=[]
[2026-08-03T08:39:53.761Z] checkResumeConsistency: no changes detected
[2026-08-03T08:39:53.762Z] LiveUpdateForge: session reset, allowLiveUpdate = false
[2026-08-03T08:39:53.762Z] NudgeForge: ResumeComplete — restoring count from history
[2026-08-03T08:39:53.763Z] restoreNudgeCountFromHistory: found last write at idx=731 count=43
[2026-08-03T08:40:15.422Z] ResumeDiffForge: running checkResumeConsistency
[2026-08-03T08:40:15.423Z] checkResumeConsistency: forgedTimestamps=[]
[2026-08-03T08:40:15.437Z] checkResumeConsistency: no changes detected
[2026-08-03T08:40:15.438Z] LiveUpdateForge: session reset, allowLiveUpdate = false
[2026-08-03T08:40:15.438Z] NudgeForge: ResumeComplete — restoring count from history
[2026-08-03T08:40:15.439Z] restoreNudgeCountFromHistory: found last write at idx=731 count=43
[2026-08-03T08:41:08.693Z] MemoryForge: attached 5 listener(s)
[2026-08-03T08:41:08.694Z] InitialReadForge: armed one-shot BeforeSend after NewSessionStart
[2026-08-03T08:41:08.695Z] LiveUpdateForge: session reset, allowLiveUpdate = false
[2026-08-03T08:41:08.715Z] MemoryForge: detached all listeners
[2026-08-03T08:41:08.716Z] ResumeDiffForge: running checkResumeConsistency
[2026-08-03T08:41:08.717Z] checkResumeConsistency: forgedTimestamps=[]
[2026-08-03T08:41:08.836Z] checkResumeConsistency: no changes detected
[2026-08-03T08:41:08.837Z] LiveUpdateForge: session reset, allowLiveUpdate = false
[2026-08-03T08:41:08.837Z] NudgeForge: ResumeComplete — restoring count from history
[2026-08-03T08:41:08.838Z] restoreNudgeCountFromHistory: found last write at idx=731 count=43
[2026-08-03T08:41:19.798Z] LiveUpdateForge: allowLiveUpdate = true (first real BeforeSend)
[2026-08-03T08:41:19.799Z] InitialReadForge.onBeforeSend: SKIP (fr=false syn=false hasRead=true)
[2026-08-03T08:41:56.503Z] LiveUpdateForge: EndTurn fallback flush
[2026-08-03T08:41:56.686Z] onEndTurn: naturalStop=false toolCalls=43 nudgeMsg=no
[2026-08-03T08:42:47.438Z] LiveUpdateForge: AfterToolExec flush
[2026-08-03T08:42:47.541Z] InitialReadForge.onBeforeSend: SKIP (fr=true syn=false hasRead=true)
[2026-08-03T08:43:36.962Z] LiveUpdateForge: EndTurn fallback flush
[2026-08-03T08:43:36.962Z] onEndTurn: naturalStop=false toolCalls=44 nudgeMsg=no
[2026-08-03T08:43:37.102Z] LiveUpdateForge: AfterToolExec flush
[2026-08-03T08:43:37.190Z] InitialReadForge.onBeforeSend: SKIP (fr=true syn=false hasRead=true)
[2026-08-03T08:43:43.530Z] LiveUpdateForge: EndTurn fallback flush
[2026-08-03T08:43:43.531Z] onEndTurn: naturalStop=false toolCalls=45 nudgeMsg=no
[2026-08-03T08:43:43.543Z] LiveUpdateForge: AfterToolExec flush
[2026-08-03T08:43:43.617Z] InitialReadForge.onBeforeSend: SKIP (fr=true syn=false hasRead=true)
[2026-08-03T08:43:54.608Z] LiveUpdateForge: EndTurn fallback flush
[2026-08-03T08:43:54.609Z] onEndTurn: naturalStop=false toolCalls=46 nudgeMsg=no
[2026-08-03T08:43:54.623Z] LiveUpdateForge: AfterToolExec flush
[2026-08-03T08:43:54.675Z] InitialReadForge.onBeforeSend: SKIP (fr=true syn=false hasRead=true)
[2026-08-03T08:43:58.453Z] LiveUpdateForge: EndTurn fallback flush
[2026-08-03T08:43:58.454Z] onEndTurn: naturalStop=false toolCalls=47 nudgeMsg=no
[2026-08-03T08:43:58.460Z] LiveUpdateForge: AfterToolExec flush
[2026-08-03T08:43:58.513Z] InitialReadForge.onBeforeSend: SKIP (fr=true syn=false hasRead=true)
[2026-08-03T08:44:16.800Z] LiveUpdateForge: EndTurn fallback flush
[2026-08-03T08:44:16.800Z] onEndTurn: naturalStop=false toolCalls=48 nudgeMsg=no
[2026-08-03T08:44:17.273Z] LiveUpdateForge: AfterToolExec flush
[2026-08-03T08:44:17.325Z] InitialReadForge.onBeforeSend: SKIP (fr=true syn=false hasRead=true)
[2026-08-03T08:44:53.486Z] LiveUpdateForge: EndTurn fallback flush
[2026-08-03T08:44:53.487Z] onEndTurn: naturalStop=false toolCalls=49 nudgeMsg=no
[2026-08-03T08:44:53.605Z] LiveUpdateForge: AfterToolExec flush
[2026-08-03T08:44:53.665Z] InitialReadForge.onBeforeSend: SKIP (fr=true syn=false hasRead=true)
[2026-08-03T08:45:15.719Z] LiveUpdateForge: EndTurn fallback flush
[2026-08-03T08:45:15.719Z] onEndTurn: naturalStop=false toolCalls=50 nudgeMsg=no
[2026-08-03T08:45:15.733Z] LiveUpdateForge: AfterToolExec flush
[2026-08-03T08:45:15.791Z] InitialReadForge.onBeforeSend: SKIP (fr=true syn=false hasRead=true)
[2026-08-03T08:45:18.863Z] LiveUpdateForge: EndTurn fallback flush
[2026-08-03T08:45:18.864Z] onEndTurn: naturalStop=false toolCalls=51 nudgeMsg=no
[2026-08-03T08:45:18.877Z] LiveUpdateForge: AfterToolExec flush
[2026-08-03T08:45:18.928Z] InitialReadForge.onBeforeSend: SKIP (fr=true syn=false hasRead=true)
[2026-08-03T08:45:23.280Z] LiveUpdateForge: EndTurn fallback flush
[2026-08-03T08:45:23.280Z] onEndTurn: naturalStop=false toolCalls=52 nudgeMsg=no
[2026-08-03T08:45:23.399Z] LiveUpdateForge: AfterToolExec flush
[2026-08-03T08:45:23.457Z] InitialReadForge.onBeforeSend: SKIP (fr=true syn=false hasRead=true)
[2026-08-03T08:45:29.973Z] LiveUpdateForge: EndTurn fallback flush
[2026-08-03T08:45:29.974Z] onEndTurn: naturalStop=false toolCalls=53 nudgeMsg=no
[2026-08-03T08:45:30.608Z] LiveUpdateForge: AfterToolExec flush
[2026-08-03T08:45:30.657Z] InitialReadForge.onBeforeSend: SKIP (fr=true syn=false hasRead=true)
[2026-08-03T08:45:36.729Z] LiveUpdateForge: EndTurn fallback flush
[2026-08-03T08:45:36.729Z] onEndTurn: naturalStop=false toolCalls=54 nudgeMsg=no
[2026-08-03T08:46:00.335Z] LiveUpdateForge: AfterToolExec flush
[2026-08-03T08:46:00.384Z] InitialReadForge.onBeforeSend: SKIP (fr=true syn=false hasRead=true)
[2026-08-03T08:46:04.108Z] LiveUpdateForge: EndTurn fallback flush
[2026-08-03T08:46:04.109Z] onEndTurn: naturalStop=false toolCalls=55 nudgeMsg=no
[2026-08-03T08:48:24.268Z] LiveUpdateForge: AfterToolExec flush
[2026-08-03T08:48:24.317Z] InitialReadForge.onBeforeSend: SKIP (fr=true syn=false hasRead=true)
[2026-08-03T08:48:41.712Z] LiveUpdateForge: EndTurn fallback flush
[2026-08-03T08:48:41.712Z] onEndTurn: naturalStop=true toolCalls=0 nudgeMsg=YES
[2026-08-03T08:48:41.729Z] InitialReadForge.onBeforeSend: SKIP (fr=false syn=false hasRead=true)
[2026-08-03T08:49:32.086Z] LiveUpdateForge: EndTurn fallback flush
[2026-08-03T08:49:32.086Z] onEndTurn: naturalStop=true toolCalls=0 nudgeMsg=no
[2026-08-03T08:51:29.413Z] ResumeDiffForge: running checkResumeConsistency
[2026-08-03T08:51:29.415Z] checkResumeConsistency: forgedTimestamps=[]
[2026-08-03T08:51:29.435Z] checkResumeConsistency: no changes detected
[2026-08-03T08:51:29.435Z] LiveUpdateForge: session reset, allowLiveUpdate = false
[2026-08-03T08:51:29.436Z] NudgeForge: ResumeComplete — restoring count from history
[2026-08-03T08:51:29.437Z] restoreNudgeCountFromHistory: found nudge message at idx=851 count=0
[2026-08-03T08:51:29.555Z] LiveUpdateForge: allowLiveUpdate = true (first real BeforeSend)
[2026-08-03T08:51:29.556Z] InitialReadForge.onBeforeSend: SKIP (fr=false syn=false hasRead=true)
[2026-08-03T08:51:34.892Z] LiveUpdateForge: EndTurn fallback flush
[2026-08-03T08:51:34.893Z] onEndTurn: naturalStop=false toolCalls=0 nudgeMsg=no
[2026-08-03T08:52:09.645Z] LiveUpdateForge: AfterToolExec flush
[2026-08-03T08:52:09.696Z] InitialReadForge.onBeforeSend: SKIP (fr=true syn=false hasRead=true)
[2026-08-03T08:52:35.183Z] LiveUpdateForge: EndTurn fallback flush
[2026-08-03T08:52:35.183Z] onEndTurn: naturalStop=false toolCalls=1 nudgeMsg=no
[2026-08-03T08:52:36.748Z] LiveUpdateForge: AfterToolExec flush
[2026-08-03T08:52:36.790Z] InitialReadForge.onBeforeSend: SKIP (fr=true syn=false hasRead=true)
[2026-08-03T08:53:35.774Z] LiveUpdateForge: EndTurn fallback flush
[2026-08-03T08:53:35.775Z] onEndTurn: naturalStop=false toolCalls=2 nudgeMsg=no
[2026-08-03T08:53:35.789Z] LiveUpdateForge: AfterToolExec flush
[2026-08-03T08:53:35.840Z] InitialReadForge.onBeforeSend: SKIP (fr=true syn=false hasRead=true)
[2026-08-03T08:53:42.772Z] LiveUpdateForge: EndTurn fallback flush
[2026-08-03T08:53:42.773Z] onEndTurn: naturalStop=false toolCalls=3 nudgeMsg=no
[2026-08-03T08:53:42.784Z] LiveUpdateForge: AfterToolExec flush
[2026-08-03T08:53:42.832Z] InitialReadForge.onBeforeSend: SKIP (fr=true syn=false hasRead=true)
[2026-08-03T08:53:54.136Z] LiveUpdateForge: EndTurn fallback flush
[2026-08-03T08:53:54.136Z] onEndTurn: naturalStop=false toolCalls=4 nudgeMsg=no
[2026-08-03T08:53:54.155Z] LiveUpdateForge: AfterToolExec flush
[2026-08-03T08:53:54.204Z] InitialReadForge.onBeforeSend: SKIP (fr=true syn=false hasRead=true)
[2026-08-03T08:54:09.841Z] LiveUpdateForge: EndTurn fallback flush
[2026-08-03T08:54:09.841Z] onEndTurn: naturalStop=false toolCalls=5 nudgeMsg=no
[2026-08-03T08:54:09.854Z] LiveUpdateForge: AfterToolExec flush
[2026-08-03T08:54:09.902Z] InitialReadForge.onBeforeSend: SKIP (fr=true syn=false hasRead=true)
[2026-08-03T08:54:27.063Z] LiveUpdateForge: EndTurn fallback flush
[2026-08-03T08:54:27.063Z] onEndTurn: naturalStop=false toolCalls=6 nudgeMsg=no
[2026-08-03T08:54:27.198Z] LiveUpdateForge: AfterToolExec flush
[2026-08-03T08:54:27.246Z] InitialReadForge.onBeforeSend: SKIP (fr=true syn=false hasRead=true)
[2026-08-03T08:54:40.020Z] LiveUpdateForge: EndTurn fallback flush
[2026-08-03T08:54:40.021Z] onEndTurn: naturalStop=false toolCalls=7 nudgeMsg=no
[2026-08-03T08:54:40.134Z] LiveUpdateForge: AfterToolExec flush
[2026-08-03T08:54:40.190Z] InitialReadForge.onBeforeSend: SKIP (fr=true syn=false hasRead=true)
[2026-08-03T08:55:06.161Z] LiveUpdateForge: EndTurn fallback flush
[2026-08-03T08:55:06.161Z] onEndTurn: naturalStop=false toolCalls=8 nudgeMsg=no
[2026-08-03T08:55:06.463Z] LiveUpdateForge: AfterToolExec flush
[2026-08-03T08:55:06.511Z] InitialReadForge.onBeforeSend: SKIP (fr=true syn=false hasRead=true)
[2026-08-03T08:55:47.705Z] LiveUpdateForge: EndTurn fallback flush
[2026-08-03T08:55:47.705Z] onEndTurn: naturalStop=false toolCalls=9 nudgeMsg=no
[2026-08-03T08:55:47.903Z] LiveUpdateForge: AfterToolExec flush
[2026-08-03T08:55:47.956Z] InitialReadForge.onBeforeSend: SKIP (fr=true syn=false hasRead=true)
[2026-08-03T08:56:04.732Z] LiveUpdateForge: EndTurn fallback flush
[2026-08-03T08:56:04.733Z] onEndTurn: naturalStop=false toolCalls=10 nudgeMsg=no
[2026-08-03T08:56:04.828Z] LiveUpdateForge: AfterToolExec flush
[2026-08-03T08:56:04.876Z] InitialReadForge.onBeforeSend: SKIP (fr=true syn=false hasRead=true)
[2026-08-03T08:56:13.586Z] LiveUpdateForge: EndTurn fallback flush
[2026-08-03T08:56:13.586Z] onEndTurn: naturalStop=false toolCalls=11 nudgeMsg=no
[2026-08-03T08:56:13.895Z] LiveUpdateForge: AfterToolExec flush
[2026-08-03T08:56:13.944Z] InitialReadForge.onBeforeSend: SKIP (fr=true syn=false hasRead=true)
[2026-08-03T08:56:25.270Z] LiveUpdateForge: EndTurn fallback flush
[2026-08-03T08:56:25.270Z] onEndTurn: naturalStop=false toolCalls=12 nudgeMsg=no
[2026-08-03T08:56:25.281Z] LiveUpdateForge: AfterToolExec flush
[2026-08-03T08:56:25.329Z] InitialReadForge.onBeforeSend: SKIP (fr=true syn=false hasRead=true)
[2026-08-03T08:56:48.291Z] LiveUpdateForge: EndTurn fallback flush
[2026-08-03T08:56:48.292Z] onEndTurn: naturalStop=false toolCalls=13 nudgeMsg=no
[2026-08-03T08:56:48.447Z] LiveUpdateForge: AfterToolExec flush
[2026-08-03T08:56:48.499Z] InitialReadForge.onBeforeSend: SKIP (fr=true syn=false hasRead=true)
[2026-08-03T08:56:54.759Z] LiveUpdateForge: EndTurn fallback flush
[2026-08-03T08:56:54.760Z] onEndTurn: naturalStop=false toolCalls=14 nudgeMsg=no
[2026-08-03T08:57:07.226Z] LiveUpdateForge: AfterToolExec flush
[2026-08-03T08:57:07.278Z] InitialReadForge.onBeforeSend: SKIP (fr=true syn=false hasRead=true)
[2026-08-03T08:57:41.925Z] LiveUpdateForge: EndTurn fallback flush
[2026-08-03T08:57:41.926Z] onEndTurn: naturalStop=false toolCalls=15 nudgeMsg=no
[2026-08-03T08:57:48.324Z] LiveUpdateForge: AfterToolExec flush
[2026-08-03T08:57:48.379Z] InitialReadForge.onBeforeSend: SKIP (fr=true syn=false hasRead=true)
[2026-08-03T08:57:54.336Z] LiveUpdateForge: EndTurn fallback flush
[2026-08-03T08:57:54.337Z] onEndTurn: naturalStop=false toolCalls=16 nudgeMsg=no
[2026-08-03T08:58:02.143Z] LiveUpdateForge: AfterToolExec flush
[2026-08-03T08:58:02.193Z] InitialReadForge.onBeforeSend: SKIP (fr=true syn=false hasRead=true)
[2026-08-03T08:58:11.399Z] LiveUpdateForge: EndTurn fallback flush
[2026-08-03T08:58:11.400Z] onEndTurn: naturalStop=false toolCalls=17 nudgeMsg=no
[2026-08-03T08:58:12.269Z] LiveUpdateForge: AfterToolExec flush
[2026-08-03T08:58:12.321Z] InitialReadForge.onBeforeSend: SKIP (fr=true syn=false hasRead=true)
[2026-08-03T08:58:19.870Z] LiveUpdateForge: EndTurn fallback flush
[2026-08-03T08:58:19.871Z] onEndTurn: naturalStop=false toolCalls=18 nudgeMsg=no
[2026-08-03T08:58:35.116Z] LiveUpdateForge: AfterToolExec flush
[2026-08-03T08:58:35.172Z] InitialReadForge.onBeforeSend: SKIP (fr=true syn=false hasRead=true)
[2026-08-03T08:58:41.744Z] LiveUpdateForge: EndTurn fallback flush
[2026-08-03T08:58:41.745Z] onEndTurn: naturalStop=false toolCalls=19 nudgeMsg=no
[2026-08-03T08:58:42.329Z] LiveUpdateForge: AfterToolExec flush
[2026-08-03T08:58:42.385Z] InitialReadForge.onBeforeSend: SKIP (fr=true syn=false hasRead=true)
[2026-08-03T08:59:06.172Z] LiveUpdateForge: EndTurn fallback flush
[2026-08-03T08:59:06.173Z] onEndTurn: naturalStop=false toolCalls=20 nudgeMsg=no
[2026-08-03T08:59:07.686Z] LiveUpdateForge: AfterToolExec flush
[2026-08-03T08:59:07.741Z] InitialReadForge.onBeforeSend: SKIP (fr=true syn=false hasRead=true)
[2026-08-03T08:59:17.266Z] LiveUpdateForge: EndTurn fallback flush
[2026-08-03T08:59:17.267Z] onEndTurn: naturalStop=false toolCalls=21 nudgeMsg=no
[2026-08-03T08:59:17.985Z] LiveUpdateForge: AfterToolExec flush
[2026-08-03T08:59:18.089Z] InitialReadForge.onBeforeSend: SKIP (fr=true syn=false hasRead=true)
[2026-08-03T08:59:40.531Z] LiveUpdateForge: EndTurn fallback flush
[2026-08-03T08:59:40.531Z] onEndTurn: naturalStop=true toolCalls=22 nudgeMsg=no
[2026-08-03T09:08:44.017Z] MemoryForge: attached 5 listener(s)
[2026-08-03T09:08:44.018Z] InitialReadForge: armed one-shot BeforeSend after NewSessionStart
[2026-08-03T09:08:44.018Z] LiveUpdateForge: session reset, allowLiveUpdate = false
[2026-08-03T09:16:03.474Z] LiveUpdateForge: session reset, allowLiveUpdate = false
[2026-08-03T09:16:21.307Z] ResumeDiffForge: running checkResumeConsistency
[2026-08-03T09:16:22.607Z] checkResumeConsistency: forgedTimestamps=[]
[2026-08-03T09:16:41.654Z] checkResumeConsistency: no changes detected
[2026-08-03T09:16:47.251Z] LiveUpdateForge: session reset, allowLiveUpdate = false
[2026-08-03T09:16:49.541Z] NudgeForge: ResumeComplete — restoring count from history
[2026-08-03T09:16:51.760Z] restoreNudgeCountFromHistory: found nudge message at idx=851 count=22
[2026-08-03T09:18:17.727Z] ResumeDiffForge: running checkResumeConsistency
[2026-08-03T09:18:17.729Z] checkResumeConsistency: forgedTimestamps=[]
[2026-08-03T09:18:19.976Z] checkResumeConsistency: no changes detected
[2026-08-03T09:18:19.976Z] LiveUpdateForge: session reset, allowLiveUpdate = false
[2026-08-03T09:18:19.977Z] NudgeForge: ResumeComplete — restoring count from history
[2026-08-03T09:18:19.978Z] restoreNudgeCountFromHistory: found nudge message at idx=851 count=22
[2026-08-03T09:18:42.253Z] ResumeDiffForge: running checkResumeConsistency
[2026-08-03T09:18:42.254Z] checkResumeConsistency: forgedTimestamps=[]
[2026-08-03T09:18:42.583Z] checkResumeConsistency: no changes detected
[2026-08-03T09:18:42.713Z] LiveUpdateForge: session reset, allowLiveUpdate = false
[2026-08-03T09:18:42.713Z] NudgeForge: ResumeComplete — restoring count from history
[2026-08-03T09:18:42.714Z] restoreNudgeCountFromHistory: found nudge message at idx=851 count=22
[2026-08-03T09:18:50.305Z] MemoryForge: attached 5 listener(s)
[2026-08-03T09:18:50.306Z] InitialReadForge: armed one-shot BeforeSend after NewSessionStart
[2026-08-03T09:18:50.306Z] LiveUpdateForge: session reset, allowLiveUpdate = false
[2026-08-03T09:18:50.325Z] MemoryForge: detached all listeners
[2026-08-03T09:18:50.357Z] ResumeDiffForge: running checkResumeConsistency
[2026-08-03T09:18:50.358Z] checkResumeConsistency: forgedTimestamps=[]
[2026-08-03T09:18:51.043Z] checkResumeConsistency: no changes detected
[2026-08-03T09:18:51.044Z] LiveUpdateForge: session reset, allowLiveUpdate = false
[2026-08-03T09:18:51.044Z] NudgeForge: ResumeComplete — restoring count from history
[2026-08-03T09:18:51.044Z] restoreNudgeCountFromHistory: found nudge message at idx=851 count=22
[2026-08-03T09:18:57.364Z] LiveUpdateForge: allowLiveUpdate = true (first real BeforeSend)
[2026-08-03T09:18:57.365Z] InitialReadForge.onBeforeSend: SKIP (fr=false syn=false hasRead=true)
[2026-08-03T09:19:50.180Z] LiveUpdateForge: EndTurn fallback flush
[2026-08-03T09:19:50.181Z] onEndTurn: naturalStop=false toolCalls=22 nudgeMsg=no
[2026-08-03T09:19:51.962Z] LiveUpdateForge: AfterToolExec flush
[2026-08-03T09:19:53.559Z] InitialReadForge.onBeforeSend: SKIP (fr=true syn=false hasRead=true)
[2026-08-03T09:20:04.264Z] LiveUpdateForge: EndTurn fallback flush
[2026-08-03T09:20:04.265Z] onEndTurn: naturalStop=false toolCalls=23 nudgeMsg=no
[2026-08-03T09:20:04.542Z] LiveUpdateForge: AfterToolExec flush
[2026-08-03T09:20:04.584Z] InitialReadForge.onBeforeSend: SKIP (fr=true syn=false hasRead=true)
[2026-08-03T09:20:31.856Z] LiveUpdateForge: EndTurn fallback flush
[2026-08-03T09:20:31.857Z] onEndTurn: naturalStop=false toolCalls=24 nudgeMsg=no
[2026-08-03T09:20:41.921Z] LiveUpdateForge: AfterToolExec flush
[2026-08-03T09:20:42.839Z] InitialReadForge.onBeforeSend: SKIP (fr=true syn=false hasRead=true)
[2026-08-03T09:20:50.681Z] LiveUpdateForge: EndTurn fallback flush
[2026-08-03T09:20:50.681Z] onEndTurn: naturalStop=false toolCalls=25 nudgeMsg=no
[2026-08-03T09:20:51.015Z] InitialReadForge.onBeforeSend: SKIP (fr=true syn=false hasRead=true)
[2026-08-03T09:20:57.256Z] LiveUpdateForge: EndTurn fallback flush
[2026-08-03T09:20:57.256Z] onEndTurn: naturalStop=false toolCalls=25 nudgeMsg=no
[2026-08-03T09:25:45.455Z] LiveUpdateForge: AfterToolExec flush
[2026-08-03T09:25:45.511Z] InitialReadForge.onBeforeSend: SKIP (fr=true syn=false hasRead=true)
[2026-08-03T09:25:55.218Z] LiveUpdateForge: EndTurn fallback flush
[2026-08-03T09:25:55.219Z] onEndTurn: naturalStop=false toolCalls=26 nudgeMsg=no
[2026-08-03T09:25:55.949Z] LiveUpdateForge: AfterToolExec flush
[2026-08-03T09:25:55.998Z] InitialReadForge.onBeforeSend: SKIP (fr=true syn=false hasRead=true)
[2026-08-03T09:26:18.691Z] LiveUpdateForge: EndTurn fallback flush
[2026-08-03T09:26:18.692Z] onEndTurn: naturalStop=false toolCalls=27 nudgeMsg=no
[2026-08-03T09:26:26.028Z] LiveUpdateForge: AfterToolExec flush
[2026-08-03T09:26:26.074Z] InitialReadForge.onBeforeSend: SKIP (fr=true syn=false hasRead=true)
[2026-08-03T09:26:39.937Z] LiveUpdateForge: EndTurn fallback flush
[2026-08-03T09:26:39.938Z] onEndTurn: naturalStop=false toolCalls=28 nudgeMsg=no
[2026-08-03T09:26:49.545Z] LiveUpdateForge: AfterToolExec flush
[2026-08-03T09:26:49.604Z] InitialReadForge.onBeforeSend: SKIP (fr=true syn=false hasRead=true)
[2026-08-03T09:26:58.540Z] LiveUpdateForge: EndTurn fallback flush
[2026-08-03T09:26:58.541Z] onEndTurn: naturalStop=false toolCalls=29 nudgeMsg=no
[2026-08-03T09:27:04.209Z] LiveUpdateForge: AfterToolExec flush
[2026-08-03T09:27:04.259Z] InitialReadForge.onBeforeSend: SKIP (fr=true syn=false hasRead=true)
[2026-08-03T09:27:23.266Z] LiveUpdateForge: EndTurn fallback flush
[2026-08-03T09:27:23.267Z] onEndTurn: naturalStop=false toolCalls=30 nudgeMsg=no
[2026-08-03T09:27:24.899Z] LiveUpdateForge: AfterToolExec flush
[2026-08-03T09:27:24.956Z] InitialReadForge.onBeforeSend: SKIP (fr=true syn=false hasRead=true)
[2026-08-03T09:27:32.345Z] LiveUpdateForge: EndTurn fallback flush
[2026-08-03T09:27:32.346Z] onEndTurn: naturalStop=false toolCalls=31 nudgeMsg=no
[2026-08-03T09:27:48.025Z] LiveUpdateForge: AfterToolExec flush
[2026-08-03T09:27:48.124Z] InitialReadForge.onBeforeSend: SKIP (fr=true syn=false hasRead=true)
[2026-08-03T09:27:55.608Z] LiveUpdateForge: EndTurn fallback flush
[2026-08-03T09:27:55.610Z] onEndTurn: naturalStop=false toolCalls=32 nudgeMsg=no
[2026-08-03T09:27:56.775Z] LiveUpdateForge: AfterToolExec flush
[2026-08-03T09:27:56.825Z] InitialReadForge.onBeforeSend: SKIP (fr=true syn=false hasRead=true)
[2026-08-03T09:28:04.065Z] LiveUpdateForge: EndTurn fallback flush
[2026-08-03T09:28:04.066Z] onEndTurn: naturalStop=true toolCalls=33 nudgeMsg=no
[2026-08-03T09:28:10.657Z] ResumeDiffForge: running checkResumeConsistency
[2026-08-03T09:28:10.658Z] checkResumeConsistency: forgedTimestamps=[]
[2026-08-03T09:28:10.676Z] checkResumeConsistency: no changes detected
[2026-08-03T09:28:10.676Z] LiveUpdateForge: session reset, allowLiveUpdate = false
[2026-08-03T09:28:10.676Z] NudgeForge: ResumeComplete — restoring count from history
[2026-08-03T09:28:10.677Z] restoreNudgeCountFromHistory: found nudge message at idx=851 count=34
[2026-08-03T09:28:10.915Z] LiveUpdateForge: allowLiveUpdate = true (first real BeforeSend)
[2026-08-03T09:28:10.916Z] InitialReadForge.onBeforeSend: SKIP (fr=false syn=false hasRead=true)
[2026-08-03T09:28:30.360Z] LiveUpdateForge: EndTurn fallback flush
[2026-08-03T09:28:30.360Z] onEndTurn: naturalStop=false toolCalls=34 nudgeMsg=no
[2026-08-03T09:28:30.381Z] LiveUpdateForge: AfterToolExec flush
[2026-08-03T09:28:30.447Z] InitialReadForge.onBeforeSend: SKIP (fr=true syn=false hasRead=true)
[2026-08-03T09:28:48.052Z] LiveUpdateForge: EndTurn fallback flush
[2026-08-03T09:28:48.053Z] onEndTurn: naturalStop=false toolCalls=35 nudgeMsg=no
[2026-08-03T09:28:48.065Z] LiveUpdateForge: AfterToolExec flush
[2026-08-03T09:28:48.112Z] InitialReadForge.onBeforeSend: SKIP (fr=true syn=false hasRead=true)
[2026-08-03T09:28:59.273Z] LiveUpdateForge: EndTurn fallback flush
[2026-08-03T09:28:59.273Z] onEndTurn: naturalStop=false toolCalls=36 nudgeMsg=no
[2026-08-03T09:29:01.855Z] LiveUpdateForge: AfterToolExec flush
[2026-08-03T09:29:01.922Z] InitialReadForge.onBeforeSend: SKIP (fr=true syn=false hasRead=true)
[2026-08-03T09:30:17.201Z] LiveUpdateForge: EndTurn fallback flush
[2026-08-03T09:30:17.201Z] onEndTurn: naturalStop=false toolCalls=37 nudgeMsg=no
[2026-08-03T09:30:17.259Z] InitialReadForge.onBeforeSend: SKIP (fr=true syn=false hasRead=true)
[2026-08-03T09:31:15.610Z] LiveUpdateForge: EndTurn fallback flush
[2026-08-03T09:31:15.610Z] onEndTurn: naturalStop=false toolCalls=37 nudgeMsg=no
[2026-08-03T09:31:15.740Z] LiveUpdateForge: AfterToolExec flush
[2026-08-03T09:31:15.790Z] InitialReadForge.onBeforeSend: SKIP (fr=true syn=false hasRead=true)
[2026-08-03T09:31:25.610Z] LiveUpdateForge: EndTurn fallback flush
[2026-08-03T09:31:25.611Z] onEndTurn: naturalStop=false toolCalls=38 nudgeMsg=no
[2026-08-03T09:31:25.886Z] LiveUpdateForge: AfterToolExec flush
[2026-08-03T09:31:25.936Z] InitialReadForge.onBeforeSend: SKIP (fr=true syn=false hasRead=true)
[2026-08-03T09:31:34.497Z] LiveUpdateForge: EndTurn fallback flush
[2026-08-03T09:31:34.498Z] onEndTurn: naturalStop=false toolCalls=39 nudgeMsg=no
[2026-08-03T09:31:34.602Z] LiveUpdateForge: AfterToolExec flush
[2026-08-03T09:31:34.658Z] InitialReadForge.onBeforeSend: SKIP (fr=true syn=false hasRead=true)
[2026-08-03T09:31:40.384Z] LiveUpdateForge: EndTurn fallback flush
[2026-08-03T09:31:40.384Z] onEndTurn: naturalStop=false toolCalls=40 nudgeMsg=no
[2026-08-03T09:32:11.514Z] LiveUpdateForge: AfterToolExec flush
[2026-08-03T09:32:11.569Z] InitialReadForge.onBeforeSend: SKIP (fr=true syn=false hasRead=true)
[2026-08-03T09:32:18.682Z] LiveUpdateForge: EndTurn fallback flush
[2026-08-03T09:32:18.682Z] onEndTurn: naturalStop=false toolCalls=41 nudgeMsg=no
[2026-08-03T09:32:25.931Z] LiveUpdateForge: AfterToolExec flush
[2026-08-03T09:32:25.988Z] InitialReadForge.onBeforeSend: SKIP (fr=true syn=false hasRead=true)
[2026-08-03T09:32:33.637Z] LiveUpdateForge: EndTurn fallback flush
[2026-08-03T09:32:33.638Z] onEndTurn: naturalStop=false toolCalls=42 nudgeMsg=no
[2026-08-03T09:32:36.691Z] LiveUpdateForge: AfterToolExec flush
[2026-08-03T09:32:36.740Z] InitialReadForge.onBeforeSend: SKIP (fr=true syn=false hasRead=true)
[2026-08-03T09:33:20.129Z] LiveUpdateForge: EndTurn fallback flush
[2026-08-03T09:33:20.129Z] onEndTurn: naturalStop=false toolCalls=43 nudgeMsg=no
[2026-08-03T09:33:21.010Z] LiveUpdateForge: AfterToolExec flush
[2026-08-03T09:33:21.067Z] InitialReadForge.onBeforeSend: SKIP (fr=true syn=false hasRead=true)
[2026-08-03T09:33:42.812Z] LiveUpdateForge: EndTurn fallback flush
[2026-08-03T09:33:42.812Z] onEndTurn: naturalStop=false toolCalls=44 nudgeMsg=no
[2026-08-03T09:33:43.312Z] LiveUpdateForge: AfterToolExec flush
[2026-08-03T09:33:43.365Z] InitialReadForge.onBeforeSend: SKIP (fr=true syn=false hasRead=true)
[2026-08-03T09:33:51.516Z] LiveUpdateForge: EndTurn fallback flush
[2026-08-03T09:33:51.517Z] onEndTurn: naturalStop=false toolCalls=45 nudgeMsg=no
[2026-08-03T09:33:52.037Z] LiveUpdateForge: AfterToolExec flush
[2026-08-03T09:33:52.100Z] InitialReadForge.onBeforeSend: SKIP (fr=true syn=false hasRead=true)
[2026-08-03T09:34:02.782Z] LiveUpdateForge: EndTurn fallback flush
[2026-08-03T09:34:02.782Z] onEndTurn: naturalStop=false toolCalls=46 nudgeMsg=no
[2026-08-03T09:34:21.009Z] LiveUpdateForge: AfterToolExec flush
[2026-08-03T09:34:21.066Z] InitialReadForge.onBeforeSend: SKIP (fr=true syn=false hasRead=true)
[2026-08-03T09:34:27.103Z] LiveUpdateForge: EndTurn fallback flush
[2026-08-03T09:34:27.104Z] onEndTurn: naturalStop=false toolCalls=47 nudgeMsg=no
[2026-08-03T09:34:27.848Z] LiveUpdateForge: AfterToolExec flush
[2026-08-03T09:34:27.898Z] InitialReadForge.onBeforeSend: SKIP (fr=true syn=false hasRead=true)
[2026-08-03T09:34:46.487Z] LiveUpdateForge: EndTurn fallback flush
[2026-08-03T09:34:46.488Z] onEndTurn: naturalStop=true toolCalls=48 nudgeMsg=no
[2026-08-03T09:37:29.608Z] ResumeDiffForge: running checkResumeConsistency
[2026-08-03T09:37:29.610Z] checkResumeConsistency: forgedTimestamps=[]
[2026-08-03T09:37:29.639Z] checkResumeConsistency: no changes detected
[2026-08-03T09:37:29.640Z] LiveUpdateForge: session reset, allowLiveUpdate = false
[2026-08-03T09:37:29.641Z] NudgeForge: ResumeComplete — restoring count from history
[2026-08-03T09:37:29.642Z] restoreNudgeCountFromHistory: found nudge message at idx=851 count=49
[2026-08-03T09:37:29.815Z] LiveUpdateForge: allowLiveUpdate = true (first real BeforeSend)
[2026-08-03T09:37:29.817Z] InitialReadForge.onBeforeSend: SKIP (fr=false syn=false hasRead=true)
[2026-08-03T09:37:56.449Z] LiveUpdateForge: EndTurn fallback flush
[2026-08-03T09:37:56.450Z] onEndTurn: naturalStop=false toolCalls=49 nudgeMsg=no
[2026-08-03T09:37:56.786Z] LiveUpdateForge: AfterToolExec flush
[2026-08-03T09:37:56.847Z] InitialReadForge.onBeforeSend: SKIP (fr=true syn=false hasRead=true)
[2026-08-03T09:38:28.743Z] LiveUpdateForge: EndTurn fallback flush
[2026-08-03T09:38:28.744Z] onEndTurn: naturalStop=false toolCalls=50 nudgeMsg=no
[2026-08-03T09:38:28.759Z] LiveUpdateForge: AfterToolExec flush
[2026-08-03T09:38:28.821Z] InitialReadForge.onBeforeSend: SKIP (fr=true syn=false hasRead=true)
[2026-08-03T09:38:37.645Z] LiveUpdateForge: EndTurn fallback flush
[2026-08-03T09:38:37.646Z] onEndTurn: naturalStop=false toolCalls=51 nudgeMsg=no
[2026-08-03T09:38:37.787Z] LiveUpdateForge: AfterToolExec flush
[2026-08-03T09:38:37.864Z] InitialReadForge.onBeforeSend: SKIP (fr=true syn=false hasRead=true)
[2026-08-03T09:38:44.991Z] LiveUpdateForge: EndTurn fallback flush
[2026-08-03T09:38:44.992Z] onEndTurn: naturalStop=false toolCalls=52 nudgeMsg=no
[2026-08-03T09:38:45.206Z] LiveUpdateForge: AfterToolExec flush
[2026-08-03T09:38:45.263Z] InitialReadForge.onBeforeSend: SKIP (fr=true syn=false hasRead=true)
[2026-08-03T09:38:50.900Z] LiveUpdateForge: EndTurn fallback flush
[2026-08-03T09:38:50.901Z] onEndTurn: naturalStop=false toolCalls=53 nudgeMsg=no
[2026-08-03T09:38:51.573Z] LiveUpdateForge: AfterToolExec flush
[2026-08-03T09:38:51.623Z] InitialReadForge.onBeforeSend: SKIP (fr=true syn=false hasRead=true)
[2026-08-03T09:38:59.067Z] LiveUpdateForge: EndTurn fallback flush
[2026-08-03T09:38:59.068Z] onEndTurn: naturalStop=false toolCalls=54 nudgeMsg=no
[2026-08-03T09:39:08.705Z] LiveUpdateForge: AfterToolExec flush
[2026-08-03T09:39:08.762Z] InitialReadForge.onBeforeSend: SKIP (fr=true syn=false hasRead=true)
[2026-08-03T09:39:30.355Z] LiveUpdateForge: EndTurn fallback flush
[2026-08-03T09:39:30.355Z] onEndTurn: naturalStop=true toolCalls=0 nudgeMsg=YES
[2026-08-03T09:39:30.362Z] InitialReadForge.onBeforeSend: SKIP (fr=false syn=false hasRead=true)
[2026-08-03T09:39:36.412Z] LiveUpdateForge: EndTurn fallback flush
[2026-08-03T09:39:36.412Z] onEndTurn: naturalStop=true toolCalls=0 nudgeMsg=no
[2026-08-03T09:48:00.412Z] MemoryForge: attached 5 listener(s)
[2026-08-03T09:48:00.412Z] InitialReadForge: armed one-shot BeforeSend after NewSessionStart
[2026-08-03T09:48:00.413Z] LiveUpdateForge: session reset, allowLiveUpdate = false
[2026-08-03T09:51:06.475Z] LiveUpdateForge: session reset, allowLiveUpdate = false
[2026-08-03T09:51:08.986Z] ResumeDiffForge: running checkResumeConsistency
[2026-08-03T09:51:09.060Z] checkResumeConsistency: forgedTimestamps=[]
[2026-08-03T09:51:13.572Z] checkResumeConsistency: no changes detected
[2026-08-03T09:51:13.573Z] LiveUpdateForge: session reset, allowLiveUpdate = false
[2026-08-03T09:51:13.573Z] NudgeForge: ResumeComplete — restoring count from history
[2026-08-03T09:51:13.574Z] restoreNudgeCountFromHistory: found nudge message at idx=972 count=0
[2026-08-03T09:51:54.317Z] ResumeDiffForge: running checkResumeConsistency
[2026-08-03T09:51:54.318Z] checkResumeConsistency: forgedTimestamps=[]
[2026-08-03T09:51:54.401Z] checkResumeConsistency: no changes detected
[2026-08-03T09:51:54.402Z] LiveUpdateForge: session reset, allowLiveUpdate = false
[2026-08-03T09:51:54.402Z] NudgeForge: ResumeComplete — restoring count from history
[2026-08-03T09:51:54.403Z] restoreNudgeCountFromHistory: found nudge message at idx=972 count=0
[2026-08-03T09:52:08.288Z] ResumeDiffForge: running checkResumeConsistency
[2026-08-03T09:52:08.289Z] checkResumeConsistency: forgedTimestamps=[]
[2026-08-03T09:52:08.359Z] checkResumeConsistency: no changes detected
[2026-08-03T09:52:08.359Z] LiveUpdateForge: session reset, allowLiveUpdate = false
[2026-08-03T09:52:08.360Z] NudgeForge: ResumeComplete — restoring count from history
[2026-08-03T09:52:08.361Z] restoreNudgeCountFromHistory: found nudge message at idx=972 count=0
[2026-08-03T09:52:09.391Z] MemoryForge: attached 5 listener(s)
[2026-08-03T09:52:09.391Z] InitialReadForge: armed one-shot BeforeSend after NewSessionStart
[2026-08-03T09:52:09.469Z] LiveUpdateForge: session reset, allowLiveUpdate = false
[2026-08-03T09:52:09.493Z] MemoryForge: detached all listeners
[2026-08-03T09:52:09.493Z] ResumeDiffForge: running checkResumeConsistency
[2026-08-03T09:52:09.494Z] checkResumeConsistency: forgedTimestamps=[]
[2026-08-03T09:52:09.652Z] checkResumeConsistency: no changes detected
[2026-08-03T09:52:09.653Z] LiveUpdateForge: session reset, allowLiveUpdate = false
[2026-08-03T09:52:09.653Z] NudgeForge: ResumeComplete — restoring count from history
[2026-08-03T09:52:09.654Z] restoreNudgeCountFromHistory: found nudge message at idx=972 count=0
[2026-08-03T09:52:09.982Z] LiveUpdateForge: allowLiveUpdate = true (first real BeforeSend)
[2026-08-03T09:52:09.984Z] InitialReadForge.onBeforeSend: SKIP (fr=false syn=false hasRead=true)
[2026-08-03T09:52:10.530Z] InitialReadForge.onBeforeSend: SKIP (fr=false syn=false hasRead=true)
[2026-08-03T09:52:43.661Z] LiveUpdateForge: EndTurn fallback flush
[2026-08-03T09:52:43.662Z] onEndTurn: naturalStop=false toolCalls=0 nudgeMsg=no
[2026-08-03T09:52:44.097Z] LiveUpdateForge: AfterToolExec flush
[2026-08-03T09:52:44.146Z] InitialReadForge.onBeforeSend: SKIP (fr=true syn=false hasRead=true)
[2026-08-03T09:52:50.265Z] LiveUpdateForge: EndTurn fallback flush
[2026-08-03T09:52:50.266Z] onEndTurn: naturalStop=false toolCalls=1 nudgeMsg=no
[2026-08-03T09:52:52.876Z] LiveUpdateForge: AfterToolExec flush
[2026-08-03T09:52:52.952Z] InitialReadForge.onBeforeSend: SKIP (fr=true syn=false hasRead=true)
[2026-08-03T09:53:47.876Z] LiveUpdateForge: EndTurn fallback flush
[2026-08-03T09:53:47.876Z] onEndTurn: naturalStop=false toolCalls=2 nudgeMsg=no
[2026-08-03T09:53:49.347Z] LiveUpdateForge: AfterToolExec flush
[2026-08-03T09:53:49.427Z] InitialReadForge.onBeforeSend: SKIP (fr=true syn=false hasRead=true)
[2026-08-03T09:54:07.265Z] LiveUpdateForge: EndTurn fallback flush
[2026-08-03T09:54:07.266Z] onEndTurn: naturalStop=false toolCalls=3 nudgeMsg=no
[2026-08-03T09:54:52.710Z] LiveUpdateForge: AfterToolExec flush
[2026-08-03T09:54:52.770Z] InitialReadForge.onBeforeSend: SKIP (fr=true syn=false hasRead=true)
[2026-08-03T09:55:07.915Z] LiveUpdateForge: EndTurn fallback flush
[2026-08-03T09:55:07.915Z] onEndTurn: naturalStop=false toolCalls=4 nudgeMsg=no
[2026-08-03T09:56:47.005Z] LiveUpdateForge: AfterToolExec flush
[2026-08-03T09:56:47.050Z] InitialReadForge.onBeforeSend: SKIP (fr=true syn=false hasRead=true)
[2026-08-03T09:57:04.028Z] LiveUpdateForge: EndTurn fallback flush
[2026-08-03T09:57:04.029Z] onEndTurn: naturalStop=false toolCalls=5 nudgeMsg=no
[2026-08-03T09:57:52.008Z] LiveUpdateForge: AfterToolExec flush
[2026-08-03T09:57:52.059Z] InitialReadForge.onBeforeSend: SKIP (fr=true syn=false hasRead=true)
[2026-08-03T09:57:58.311Z] LiveUpdateForge: EndTurn fallback flush
[2026-08-03T09:57:58.311Z] onEndTurn: naturalStop=true toolCalls=6 nudgeMsg=no
