[2026-07-22T07:04:55.969Z] MemoryForge: attached 5 listener(s)
[2026-07-22T07:04:55.969Z] InitialReadForge: armed one-shot BeforeSend after NewSessionStart
[2026-07-22T07:04:55.970Z] LiveUpdateForge: session reset, allowLiveUpdate = false
[2026-07-22T07:04:59.380Z] MemoryForge: attached 5 listener(s)
[2026-07-22T07:04:59.381Z] InitialReadForge: armed one-shot BeforeSend after NewSessionStart
[2026-07-22T07:04:59.382Z] LiveUpdateForge: session reset, allowLiveUpdate = false
[2026-07-22T07:04:59.817Z] MemoryForge: attached 5 listener(s)
[2026-07-22T07:04:59.818Z] InitialReadForge: armed one-shot BeforeSend after NewSessionStart
[2026-07-22T07:04:59.821Z] LiveUpdateForge: session reset, allowLiveUpdate = false
[2026-07-22T07:05:01.957Z] MemoryForge: attached 5 listener(s)
[2026-07-22T07:05:01.958Z] InitialReadForge: armed one-shot BeforeSend after NewSessionStart
[2026-07-22T07:05:01.958Z] LiveUpdateForge: session reset, allowLiveUpdate = false
[2026-07-22T07:05:08.319Z] MemoryForge: attached 5 listener(s)
[2026-07-22T07:05:08.339Z] InitialReadForge: armed one-shot BeforeSend after NewSessionStart
[2026-07-22T07:05:08.340Z] LiveUpdateForge: session reset, allowLiveUpdate = false
[2026-07-22T07:05:19.410Z] MemoryForge: attached 5 listener(s)
[2026-07-22T07:05:19.411Z] InitialReadForge: armed one-shot BeforeSend after NewSessionStart
[2026-07-22T07:05:19.412Z] LiveUpdateForge: session reset, allowLiveUpdate = false
[2026-07-22T07:05:22.564Z] MemoryForge: attached 5 listener(s)
[2026-07-22T07:05:22.566Z] InitialReadForge: armed one-shot BeforeSend after NewSessionStart
[2026-07-22T07:05:22.567Z] LiveUpdateForge: session reset, allowLiveUpdate = false
[2026-07-22T07:05:22.650Z] MemoryForge: attached 5 listener(s)
[2026-07-22T07:05:22.651Z] InitialReadForge: armed one-shot BeforeSend after NewSessionStart
[2026-07-22T07:05:22.652Z] LiveUpdateForge: session reset, allowLiveUpdate = false
[2026-07-22T07:05:24.331Z] MemoryForge: attached 5 listener(s)
[2026-07-22T07:05:24.333Z] InitialReadForge: armed one-shot BeforeSend after NewSessionStart
[2026-07-22T07:05:24.334Z] LiveUpdateForge: session reset, allowLiveUpdate = false
[2026-07-22T07:05:27.656Z] MemoryForge: attached 5 listener(s)
[2026-07-22T07:05:27.658Z] InitialReadForge: armed one-shot BeforeSend after NewSessionStart
[2026-07-22T07:05:27.659Z] LiveUpdateForge: session reset, allowLiveUpdate = false
[2026-07-22T07:05:27.691Z] MemoryForge: attached 5 listener(s)
[2026-07-22T07:05:27.692Z] InitialReadForge: armed one-shot BeforeSend after NewSessionStart
[2026-07-22T07:05:27.694Z] LiveUpdateForge: session reset, allowLiveUpdate = false
[2026-07-22T07:05:27.736Z] MemoryForge: attached 5 listener(s)
[2026-07-22T07:05:27.737Z] InitialReadForge: armed one-shot BeforeSend after NewSessionStart
[2026-07-22T07:05:27.738Z] LiveUpdateForge: session reset, allowLiveUpdate = false
[2026-07-22T07:05:27.921Z] MemoryForge: attached 5 listener(s)
[2026-07-22T07:05:27.922Z] InitialReadForge: armed one-shot BeforeSend after NewSessionStart
[2026-07-22T07:05:27.923Z] LiveUpdateForge: session reset, allowLiveUpdate = false
[2026-07-22T07:05:28.082Z] MemoryForge: attached 5 listener(s)
[2026-07-22T07:05:28.083Z] InitialReadForge: armed one-shot BeforeSend after NewSessionStart
[2026-07-22T07:05:28.084Z] LiveUpdateForge: session reset, allowLiveUpdate = false
[2026-07-22T07:06:02.741Z] MemoryForge: attached 5 listener(s)
[2026-07-22T07:06:02.742Z] InitialReadForge: armed one-shot BeforeSend after NewSessionStart
[2026-07-22T07:06:02.743Z] LiveUpdateForge: session reset, allowLiveUpdate = false
[2026-07-22T07:07:10.016Z] LiveUpdateForge: session reset, allowLiveUpdate = false
[2026-07-22T07:07:10.255Z] ResumeDiffForge: no read_memory in history, backfilling forge
[2026-07-22T07:07:13.000Z] recordForgedToolExchange: toolName=read_memory callId=resume-forge-read-memory-backfill
[2026-07-22T07:07:13.002Z] recordForgedToolExchange: recordMessage + recordToolCalls persisted
[2026-07-22T07:07:13.003Z] injectForgedHistory: role=user preview=""
[2026-07-22T07:07:13.004Z] injectForgedHistory: recordMessage persisted
[2026-07-22T07:07:13.008Z] ResumeDiffForge: backfilled read_memory and baseline for 2 raw + 1 provider file(s)
[2026-07-22T07:07:13.009Z] LiveUpdateForge: session reset, allowLiveUpdate = false
[2026-07-22T07:07:13.009Z] NudgeForge: ResumeComplete — restoring count from history
[2026-07-22T07:07:13.011Z] restoreNudgeCountFromHistory: no reset point found, count=1028
[2026-07-22T07:08:31.469Z] MemoryForge: attached 5 listener(s)
[2026-07-22T07:08:31.470Z] InitialReadForge: armed one-shot BeforeSend after NewSessionStart
[2026-07-22T07:08:31.470Z] LiveUpdateForge: session reset, allowLiveUpdate = false
[2026-07-22T07:10:59.348Z] LiveUpdateForge: session reset, allowLiveUpdate = false
[2026-07-22T07:10:59.643Z] ResumeDiffForge: no read_memory in history, backfilling forge
[2026-07-22T07:11:04.966Z] recordForgedToolExchange: toolName=read_memory callId=resume-forge-read-memory-backfill
[2026-07-22T07:11:04.967Z] recordForgedToolExchange: recordMessage + recordToolCalls persisted
[2026-07-22T07:11:04.969Z] injectForgedHistory: role=user preview=""
[2026-07-22T07:11:04.969Z] injectForgedHistory: recordMessage persisted
[2026-07-22T07:11:04.978Z] ResumeDiffForge: backfilled read_memory and baseline for 2 raw + 1 provider file(s)
[2026-07-22T07:11:04.978Z] LiveUpdateForge: session reset, allowLiveUpdate = false
[2026-07-22T07:11:04.979Z] NudgeForge: ResumeComplete — restoring count from history
[2026-07-22T07:11:04.981Z] restoreNudgeCountFromHistory: no reset point found, count=1028
[2026-07-22T07:11:25.992Z] ResumeDiffForge: no read_memory in history, backfilling forge
[2026-07-22T07:11:26.156Z] recordForgedToolExchange: toolName=read_memory callId=resume-forge-read-memory-backfill
[2026-07-22T07:11:26.424Z] recordForgedToolExchange: recordMessage + recordToolCalls persisted
[2026-07-22T07:11:26.425Z] injectForgedHistory: role=user preview=""
[2026-07-22T07:11:26.583Z] injectForgedHistory: recordMessage persisted
[2026-07-22T07:11:26.586Z] ResumeDiffForge: backfilled read_memory and baseline for 2 raw + 1 provider file(s)
[2026-07-22T07:11:26.587Z] LiveUpdateForge: session reset, allowLiveUpdate = false
[2026-07-22T07:11:26.588Z] NudgeForge: ResumeComplete — restoring count from history
[2026-07-22T07:11:26.591Z] restoreNudgeCountFromHistory: no reset point found, count=1028
[2026-07-22T07:11:47.067Z] ResumeDiffForge: no read_memory in history, backfilling forge
[2026-07-22T07:11:47.168Z] recordForgedToolExchange: toolName=read_memory callId=resume-forge-read-memory-backfill
[2026-07-22T07:11:47.335Z] recordForgedToolExchange: recordMessage + recordToolCalls persisted
[2026-07-22T07:11:47.336Z] injectForgedHistory: role=user preview=""
[2026-07-22T07:11:47.439Z] injectForgedHistory: recordMessage persisted
[2026-07-22T07:11:47.441Z] ResumeDiffForge: backfilled read_memory and baseline for 2 raw + 1 provider file(s)
[2026-07-22T07:11:47.442Z] LiveUpdateForge: session reset, allowLiveUpdate = false
[2026-07-22T07:11:47.443Z] NudgeForge: ResumeComplete — restoring count from history
[2026-07-22T07:11:47.445Z] restoreNudgeCountFromHistory: no reset point found, count=1028
[2026-07-22T07:11:52.536Z] MemoryForge: attached 5 listener(s)
[2026-07-22T07:11:52.536Z] InitialReadForge: armed one-shot BeforeSend after NewSessionStart
[2026-07-22T07:11:52.537Z] LiveUpdateForge: session reset, allowLiveUpdate = false
[2026-07-22T07:11:52.568Z] MemoryForge: detached all listeners
[2026-07-22T07:11:52.570Z] ResumeDiffForge: running checkResumeConsistency
[2026-07-22T07:11:52.571Z] checkResumeConsistency: forgedTimestamps=[]
[2026-07-22T07:11:52.719Z] checkResumeConsistency: no changes detected
[2026-07-22T07:11:52.719Z] LiveUpdateForge: session reset, allowLiveUpdate = false
[2026-07-22T07:11:52.720Z] NudgeForge: ResumeComplete — restoring count from history
[2026-07-22T07:11:52.722Z] restoreNudgeCountFromHistory: no reset point found, count=1028
[2026-07-22T07:11:52.766Z] LiveUpdateForge: allowLiveUpdate = true (first real BeforeSend)
[2026-07-22T07:11:52.770Z] InitialReadForge.onBeforeSend: SKIP (fr=false syn=false hasRead=true)
[2026-07-22T07:11:55.077Z] MemoryForge: attached 5 listener(s)
[2026-07-22T07:11:55.077Z] InitialReadForge: armed one-shot BeforeSend after NewSessionStart
[2026-07-22T07:11:55.078Z] LiveUpdateForge: session reset, allowLiveUpdate = false
[2026-07-22T07:12:29.300Z] LiveUpdateForge: EndTurn fallback flush
[2026-07-22T07:12:29.301Z] onEndTurn: naturalStop=false toolCalls=1028 nudgeMsg=no
[2026-07-22T07:12:30.289Z] LiveUpdateForge: AfterToolExec flush
[2026-07-22T07:12:30.475Z] InitialReadForge.onBeforeSend: SKIP (fr=true syn=false hasRead=true)
[2026-07-22T07:12:50.384Z] LiveUpdateForge: EndTurn fallback flush
[2026-07-22T07:12:50.384Z] onEndTurn: naturalStop=false toolCalls=1029 nudgeMsg=no
[2026-07-22T07:12:50.423Z] LiveUpdateForge: AfterToolExec flush
[2026-07-22T07:12:50.507Z] InitialReadForge.onBeforeSend: SKIP (fr=true syn=false hasRead=true)
[2026-07-22T07:13:03.271Z] LiveUpdateForge: EndTurn fallback flush
[2026-07-22T07:13:03.271Z] onEndTurn: naturalStop=false toolCalls=1030 nudgeMsg=no
[2026-07-22T07:13:03.287Z] LiveUpdateForge: AfterToolExec flush
[2026-07-22T07:13:03.390Z] InitialReadForge.onBeforeSend: SKIP (fr=true syn=false hasRead=true)
[2026-07-22T07:13:38.170Z] LiveUpdateForge: EndTurn fallback flush
[2026-07-22T07:13:38.170Z] onEndTurn: naturalStop=false toolCalls=1031 nudgeMsg=no
[2026-07-22T07:13:40.487Z] LiveUpdateForge: AfterToolExec flush
[2026-07-22T07:13:40.682Z] InitialReadForge.onBeforeSend: SKIP (fr=true syn=false hasRead=true)
[2026-07-22T07:14:09.176Z] LiveUpdateForge: EndTurn fallback flush
[2026-07-22T07:14:09.177Z] onEndTurn: naturalStop=false toolCalls=1032 nudgeMsg=no
[2026-07-22T07:14:09.307Z] LiveUpdateForge: AfterToolExec flush
[2026-07-22T07:14:09.396Z] InitialReadForge.onBeforeSend: SKIP (fr=true syn=false hasRead=true)
[2026-07-22T07:14:24.003Z] LiveUpdateForge: EndTurn fallback flush
[2026-07-22T07:14:24.004Z] onEndTurn: naturalStop=false toolCalls=1033 nudgeMsg=no
[2026-07-22T07:14:24.045Z] LiveUpdateForge: AfterToolExec flush
[2026-07-22T07:14:24.156Z] InitialReadForge.onBeforeSend: SKIP (fr=true syn=false hasRead=true)
[2026-07-22T07:14:38.163Z] LiveUpdateForge: EndTurn fallback flush
[2026-07-22T07:14:38.163Z] onEndTurn: naturalStop=false toolCalls=1034 nudgeMsg=no
[2026-07-22T07:14:38.188Z] LiveUpdateForge: AfterToolExec flush
[2026-07-22T07:14:38.289Z] InitialReadForge.onBeforeSend: SKIP (fr=true syn=false hasRead=true)
[2026-07-22T07:14:52.062Z] LiveUpdateForge: EndTurn fallback flush
[2026-07-22T07:14:52.063Z] onEndTurn: naturalStop=false toolCalls=1035 nudgeMsg=no
[2026-07-22T07:14:52.178Z] LiveUpdateForge: AfterToolExec flush
[2026-07-22T07:14:52.271Z] InitialReadForge.onBeforeSend: SKIP (fr=true syn=false hasRead=true)
[2026-07-22T07:15:03.280Z] LiveUpdateForge: EndTurn fallback flush
[2026-07-22T07:15:03.281Z] onEndTurn: naturalStop=false toolCalls=1036 nudgeMsg=no
[2026-07-22T07:15:03.297Z] LiveUpdateForge: AfterToolExec flush
[2026-07-22T07:15:03.375Z] InitialReadForge.onBeforeSend: SKIP (fr=true syn=false hasRead=true)
[2026-07-22T07:15:18.347Z] LiveUpdateForge: EndTurn fallback flush
[2026-07-22T07:15:18.349Z] onEndTurn: naturalStop=false toolCalls=1037 nudgeMsg=no
[2026-07-22T07:15:18.370Z] LiveUpdateForge: AfterToolExec flush
[2026-07-22T07:15:18.467Z] InitialReadForge.onBeforeSend: SKIP (fr=true syn=false hasRead=true)
[2026-07-22T07:15:34.105Z] LiveUpdateForge: EndTurn fallback flush
[2026-07-22T07:15:34.106Z] onEndTurn: naturalStop=false toolCalls=1038 nudgeMsg=no
[2026-07-22T07:15:34.239Z] LiveUpdateForge: AfterToolExec flush
[2026-07-22T07:15:34.327Z] InitialReadForge.onBeforeSend: SKIP (fr=true syn=false hasRead=true)
[2026-07-22T07:15:57.364Z] MemoryForge: attached 5 listener(s)
[2026-07-22T07:15:57.364Z] InitialReadForge: armed one-shot BeforeSend after NewSessionStart
[2026-07-22T07:15:57.365Z] LiveUpdateForge: session reset, allowLiveUpdate = false
[2026-07-22T07:16:53.305Z] LiveUpdateForge: EndTurn fallback flush
[2026-07-22T07:16:53.306Z] onEndTurn: naturalStop=false toolCalls=1039 nudgeMsg=no
[2026-07-22T07:16:53.651Z] LiveUpdateForge: AfterToolExec flush
[2026-07-22T07:16:53.734Z] InitialReadForge.onBeforeSend: SKIP (fr=true syn=false hasRead=true)
[2026-07-22T07:17:02.289Z] LiveUpdateForge: EndTurn fallback flush
[2026-07-22T07:17:02.289Z] onEndTurn: naturalStop=false toolCalls=1040 nudgeMsg=no
[2026-07-22T07:17:02.302Z] LiveUpdateForge: AfterToolExec flush
[2026-07-22T07:17:02.378Z] InitialReadForge.onBeforeSend: SKIP (fr=true syn=false hasRead=true)
[2026-07-22T07:17:18.232Z] LiveUpdateForge: EndTurn fallback flush
[2026-07-22T07:17:18.233Z] onEndTurn: naturalStop=false toolCalls=1041 nudgeMsg=no
[2026-07-22T07:17:18.458Z] LiveUpdateForge: AfterToolExec flush
[2026-07-22T07:17:18.522Z] InitialReadForge.onBeforeSend: SKIP (fr=true syn=false hasRead=true)
[2026-07-22T07:17:30.682Z] LiveUpdateForge: EndTurn fallback flush
[2026-07-22T07:17:30.683Z] onEndTurn: naturalStop=false toolCalls=1042 nudgeMsg=no
[2026-07-22T07:17:30.699Z] LiveUpdateForge: AfterToolExec flush
[2026-07-22T07:17:30.841Z] InitialReadForge.onBeforeSend: SKIP (fr=true syn=false hasRead=true)
[2026-07-22T07:17:45.221Z] LiveUpdateForge: EndTurn fallback flush
[2026-07-22T07:17:45.222Z] onEndTurn: naturalStop=false toolCalls=1043 nudgeMsg=no
[2026-07-22T07:17:45.338Z] LiveUpdateForge: AfterToolExec flush
[2026-07-22T07:17:45.497Z] InitialReadForge.onBeforeSend: SKIP (fr=true syn=false hasRead=true)
[2026-07-22T07:17:58.681Z] LiveUpdateForge: EndTurn fallback flush
[2026-07-22T07:17:58.682Z] onEndTurn: naturalStop=false toolCalls=1044 nudgeMsg=no
[2026-07-22T07:17:58.698Z] LiveUpdateForge: AfterToolExec flush
[2026-07-22T07:17:58.880Z] InitialReadForge.onBeforeSend: SKIP (fr=true syn=false hasRead=true)
[2026-07-22T07:18:20.930Z] LiveUpdateForge: EndTurn fallback flush
[2026-07-22T07:18:20.931Z] onEndTurn: naturalStop=false toolCalls=1045 nudgeMsg=no
[2026-07-22T07:18:20.950Z] LiveUpdateForge: AfterToolExec flush
[2026-07-22T07:18:21.044Z] InitialReadForge.onBeforeSend: SKIP (fr=true syn=false hasRead=true)
[2026-07-22T07:18:37.103Z] LiveUpdateForge: EndTurn fallback flush
[2026-07-22T07:18:37.104Z] onEndTurn: naturalStop=false toolCalls=1046 nudgeMsg=no
[2026-07-22T07:18:37.320Z] LiveUpdateForge: AfterToolExec flush
[2026-07-22T07:18:37.399Z] InitialReadForge.onBeforeSend: SKIP (fr=true syn=false hasRead=true)
[2026-07-22T07:18:50.870Z] LiveUpdateForge: EndTurn fallback flush
[2026-07-22T07:18:50.871Z] onEndTurn: naturalStop=false toolCalls=1047 nudgeMsg=no
[2026-07-22T07:18:50.884Z] LiveUpdateForge: AfterToolExec flush
[2026-07-22T07:18:50.970Z] InitialReadForge.onBeforeSend: SKIP (fr=true syn=false hasRead=true)
[2026-07-22T07:19:03.842Z] LiveUpdateForge: EndTurn fallback flush
[2026-07-22T07:19:03.843Z] onEndTurn: naturalStop=false toolCalls=1048 nudgeMsg=no
[2026-07-22T07:19:04.128Z] LiveUpdateForge: AfterToolExec flush
[2026-07-22T07:19:04.220Z] InitialReadForge.onBeforeSend: SKIP (fr=true syn=false hasRead=true)
[2026-07-22T07:19:16.265Z] LiveUpdateForge: EndTurn fallback flush
[2026-07-22T07:19:16.266Z] onEndTurn: naturalStop=false toolCalls=1049 nudgeMsg=no
[2026-07-22T07:19:16.282Z] LiveUpdateForge: AfterToolExec flush
[2026-07-22T07:19:16.385Z] InitialReadForge.onBeforeSend: SKIP (fr=true syn=false hasRead=true)
[2026-07-22T07:19:29.105Z] LiveUpdateForge: EndTurn fallback flush
[2026-07-22T07:19:29.106Z] onEndTurn: naturalStop=false toolCalls=1050 nudgeMsg=no
[2026-07-22T07:19:29.114Z] LiveUpdateForge: AfterToolExec flush
[2026-07-22T07:19:29.191Z] InitialReadForge.onBeforeSend: SKIP (fr=true syn=false hasRead=true)
[2026-07-22T07:20:25.781Z] LiveUpdateForge: EndTurn fallback flush
[2026-07-22T07:20:25.782Z] onEndTurn: naturalStop=false toolCalls=1051 nudgeMsg=no
[2026-07-22T07:20:26.035Z] LiveUpdateForge: AfterToolExec flush
[2026-07-22T07:20:26.141Z] InitialReadForge.onBeforeSend: SKIP (fr=true syn=false hasRead=true)
[2026-07-22T07:21:03.530Z] LiveUpdateForge: EndTurn fallback flush
[2026-07-22T07:21:03.530Z] onEndTurn: naturalStop=false toolCalls=1052 nudgeMsg=no
[2026-07-22T07:21:03.686Z] LiveUpdateForge: AfterToolExec flush
[2026-07-22T07:21:03.749Z] InitialReadForge.onBeforeSend: SKIP (fr=true syn=false hasRead=true)
[2026-07-22T07:21:18.085Z] LiveUpdateForge: EndTurn fallback flush
[2026-07-22T07:21:18.085Z] onEndTurn: naturalStop=false toolCalls=1053 nudgeMsg=no
[2026-07-22T07:21:19.013Z] LiveUpdateForge: AfterToolExec flush
[2026-07-22T07:21:19.109Z] InitialReadForge.onBeforeSend: SKIP (fr=true syn=false hasRead=true)
[2026-07-22T07:21:33.439Z] LiveUpdateForge: EndTurn fallback flush
[2026-07-22T07:21:33.440Z] onEndTurn: naturalStop=false toolCalls=1054 nudgeMsg=no
[2026-07-22T07:21:33.458Z] LiveUpdateForge: AfterToolExec flush
[2026-07-22T07:21:33.536Z] InitialReadForge.onBeforeSend: SKIP (fr=true syn=false hasRead=true)
[2026-07-22T07:21:51.309Z] LiveUpdateForge: EndTurn fallback flush
[2026-07-22T07:21:51.310Z] onEndTurn: naturalStop=false toolCalls=1055 nudgeMsg=no
[2026-07-22T07:21:51.334Z] LiveUpdateForge: AfterToolExec flush
[2026-07-22T07:21:51.432Z] InitialReadForge.onBeforeSend: SKIP (fr=true syn=false hasRead=true)
[2026-07-22T07:22:13.434Z] LiveUpdateForge: EndTurn fallback flush
[2026-07-22T07:22:13.434Z] onEndTurn: naturalStop=false toolCalls=1056 nudgeMsg=no
[2026-07-22T07:22:13.534Z] LiveUpdateForge: AfterToolExec flush
[2026-07-22T07:22:13.623Z] InitialReadForge.onBeforeSend: SKIP (fr=true syn=false hasRead=true)
[2026-07-22T07:22:28.827Z] LiveUpdateForge: EndTurn fallback flush
[2026-07-22T07:22:28.828Z] onEndTurn: naturalStop=false toolCalls=1057 nudgeMsg=no
[2026-07-22T07:22:28.851Z] LiveUpdateForge: AfterToolExec flush
[2026-07-22T07:22:28.960Z] InitialReadForge.onBeforeSend: SKIP (fr=true syn=false hasRead=true)
[2026-07-22T07:22:44.815Z] LiveUpdateForge: EndTurn fallback flush
[2026-07-22T07:22:44.815Z] onEndTurn: naturalStop=false toolCalls=1058 nudgeMsg=no
[2026-07-22T07:22:44.931Z] LiveUpdateForge: AfterToolExec flush
[2026-07-22T07:22:45.018Z] InitialReadForge.onBeforeSend: SKIP (fr=true syn=false hasRead=true)
[2026-07-22T07:23:03.549Z] LiveUpdateForge: EndTurn fallback flush
[2026-07-22T07:23:03.550Z] onEndTurn: naturalStop=false toolCalls=1059 nudgeMsg=no
[2026-07-22T07:23:44.448Z] LiveUpdateForge: AfterToolExec flush
[2026-07-22T07:23:44.530Z] InitialReadForge.onBeforeSend: SKIP (fr=true syn=false hasRead=true)
[2026-07-22T07:24:43.264Z] LiveUpdateForge: EndTurn fallback flush
[2026-07-22T07:24:43.265Z] onEndTurn: naturalStop=false toolCalls=1060 nudgeMsg=no
[2026-07-22T07:24:43.475Z] LiveUpdateForge: AfterToolExec flush
[2026-07-22T07:24:43.577Z] InitialReadForge.onBeforeSend: SKIP (fr=true syn=false hasRead=true)
[2026-07-22T07:25:30.966Z] LiveUpdateForge: EndTurn fallback flush
[2026-07-22T07:25:30.967Z] onEndTurn: naturalStop=true toolCalls=0 nudgeMsg=YES
[2026-07-22T07:25:30.982Z] InitialReadForge.onBeforeSend: SKIP (fr=false syn=false hasRead=true)
[2026-07-22T07:25:48.628Z] LiveUpdateForge: EndTurn fallback flush
[2026-07-22T07:25:48.629Z] onEndTurn: naturalStop=false toolCalls=0 nudgeMsg=no
[2026-07-22T07:25:48.672Z] LiveUpdateForge: self-write on D:\unity\demo\CODELY.md, baseline aligned
[2026-07-22T07:25:48.674Z] LiveUpdateForge: AfterToolExec flush
[2026-07-22T07:25:48.767Z] InitialReadForge.onBeforeSend: SKIP (fr=true syn=false hasRead=true)
[2026-07-22T07:25:49.341Z] LiveUpdateForge: pending external change on D:\unity\demo\CODELY.md
[2026-07-22T07:26:00.400Z] LiveUpdateForge: EndTurn fallback flush
[2026-07-22T07:26:00.401Z] onEndTurn: naturalStop=false toolCalls=0 nudgeMsg=no
[2026-07-22T07:26:00.419Z] LiveUpdateForge: self-write on D:\unity\demo\CODELY.md, baseline aligned
[2026-07-22T07:26:00.420Z] LiveUpdateForge: AfterToolExec flush
[2026-07-22T07:26:00.507Z] InitialReadForge.onBeforeSend: SKIP (fr=true syn=false hasRead=true)
[2026-07-22T07:26:01.079Z] LiveUpdateForge: pending external change on D:\unity\demo\CODELY.md
[2026-07-22T07:26:13.861Z] LiveUpdateForge: EndTurn fallback flush
[2026-07-22T07:26:13.862Z] onEndTurn: naturalStop=false toolCalls=0 nudgeMsg=no
[2026-07-22T07:26:13.881Z] LiveUpdateForge: self-write on D:\unity\demo\CODELY.md, baseline aligned
[2026-07-22T07:26:13.882Z] LiveUpdateForge: AfterToolExec flush
[2026-07-22T07:26:13.968Z] InitialReadForge.onBeforeSend: SKIP (fr=true syn=false hasRead=true)
[2026-07-22T07:26:14.546Z] LiveUpdateForge: pending external change on D:\unity\demo\CODELY.md
[2026-07-22T07:26:29.061Z] LiveUpdateForge: EndTurn fallback flush
[2026-07-22T07:26:29.061Z] onEndTurn: naturalStop=false toolCalls=0 nudgeMsg=no
[2026-07-22T07:26:29.079Z] LiveUpdateForge: self-write on D:\unity\demo\CODELY.md, baseline aligned
[2026-07-22T07:26:29.080Z] LiveUpdateForge: AfterToolExec flush
[2026-07-22T07:26:29.154Z] InitialReadForge.onBeforeSend: SKIP (fr=true syn=false hasRead=true)
[2026-07-22T07:26:29.722Z] LiveUpdateForge: pending external change on D:\unity\demo\CODELY.md
[2026-07-22T07:27:18.840Z] LiveUpdateForge: EndTurn fallback flush
[2026-07-22T07:27:18.841Z] onEndTurn: naturalStop=false toolCalls=0 nudgeMsg=no
[2026-07-22T07:27:18.858Z] LiveUpdateForge: self-write on D:\unity\demo\CODELY.md, baseline aligned
[2026-07-22T07:27:18.860Z] LiveUpdateForge: AfterToolExec flush
[2026-07-22T07:27:18.938Z] InitialReadForge.onBeforeSend: SKIP (fr=true syn=false hasRead=true)
[2026-07-22T07:27:19.510Z] LiveUpdateForge: pending external change on D:\unity\demo\CODELY.md
[2026-07-22T07:27:32.105Z] LiveUpdateForge: EndTurn fallback flush
[2026-07-22T07:27:32.106Z] onEndTurn: naturalStop=false toolCalls=0 nudgeMsg=no
[2026-07-22T07:27:32.118Z] LiveUpdateForge: self-write on D:\unity\demo\CODELY.md, baseline aligned
[2026-07-22T07:27:32.120Z] LiveUpdateForge: AfterToolExec flush
[2026-07-22T07:27:32.225Z] InitialReadForge.onBeforeSend: SKIP (fr=true syn=false hasRead=true)
[2026-07-22T07:27:32.829Z] LiveUpdateForge: pending external change on D:\unity\demo\CODELY.md
[2026-07-22T07:27:46.671Z] LiveUpdateForge: EndTurn fallback flush
[2026-07-22T07:27:46.672Z] onEndTurn: naturalStop=false toolCalls=0 nudgeMsg=no
[2026-07-22T07:27:46.686Z] LiveUpdateForge: self-write on D:\unity\demo\CODELY.md, baseline aligned
[2026-07-22T07:27:46.687Z] LiveUpdateForge: AfterToolExec flush
[2026-07-22T07:27:46.758Z] InitialReadForge.onBeforeSend: SKIP (fr=true syn=false hasRead=true)
[2026-07-22T07:27:47.327Z] LiveUpdateForge: pending external change on D:\unity\demo\CODELY.md
[2026-07-22T07:28:02.085Z] LiveUpdateForge: EndTurn fallback flush
[2026-07-22T07:28:02.085Z] onEndTurn: naturalStop=true toolCalls=0 nudgeMsg=no
[2026-07-22T07:28:07.426Z] ResumeDiffForge: running checkResumeConsistency
[2026-07-22T07:28:07.427Z] checkResumeConsistency: forgedTimestamps=[]
[2026-07-22T07:28:07.468Z] checkResumeConsistency: no changes detected
[2026-07-22T07:28:07.469Z] LiveUpdateForge: session reset, allowLiveUpdate = false
[2026-07-22T07:28:07.469Z] NudgeForge: ResumeComplete — restoring count from history
[2026-07-22T07:28:07.471Z] restoreNudgeCountFromHistory: found last write at idx=2274 count=0
[2026-07-22T07:28:07.832Z] LiveUpdateForge: allowLiveUpdate = true (first real BeforeSend)
[2026-07-22T07:28:07.836Z] InitialReadForge.onBeforeSend: SKIP (fr=false syn=false hasRead=true)
[2026-07-22T07:28:16.057Z] LiveUpdateForge: EndTurn fallback flush
[2026-07-22T07:28:16.058Z] onEndTurn: naturalStop=false toolCalls=0 nudgeMsg=no
[2026-07-22T07:28:16.098Z] LiveUpdateForge: AfterToolExec flush
[2026-07-22T07:28:16.181Z] InitialReadForge.onBeforeSend: SKIP (fr=true syn=false hasRead=true)
[2026-07-22T07:28:44.955Z] LiveUpdateForge: EndTurn fallback flush
[2026-07-22T07:28:44.956Z] onEndTurn: naturalStop=false toolCalls=1 nudgeMsg=no
[2026-07-22T07:28:45.211Z] LiveUpdateForge: AfterToolExec flush
[2026-07-22T07:28:45.282Z] InitialReadForge.onBeforeSend: SKIP (fr=true syn=false hasRead=true)
[2026-07-22T07:29:15.684Z] LiveUpdateForge: EndTurn fallback flush
[2026-07-22T07:29:15.685Z] onEndTurn: naturalStop=false toolCalls=2 nudgeMsg=no
[2026-07-22T07:29:18.100Z] LiveUpdateForge: AfterToolExec flush
[2026-07-22T07:29:18.229Z] InitialReadForge.onBeforeSend: SKIP (fr=true syn=false hasRead=true)
[2026-07-22T07:29:31.072Z] LiveUpdateForge: EndTurn fallback flush
[2026-07-22T07:29:31.073Z] onEndTurn: naturalStop=false toolCalls=3 nudgeMsg=no
[2026-07-22T07:29:31.094Z] LiveUpdateForge: AfterToolExec flush
[2026-07-22T07:29:31.184Z] InitialReadForge.onBeforeSend: SKIP (fr=true syn=false hasRead=true)
[2026-07-22T07:29:48.781Z] LiveUpdateForge: EndTurn fallback flush
[2026-07-22T07:29:48.782Z] onEndTurn: naturalStop=false toolCalls=4 nudgeMsg=no
[2026-07-22T07:29:48.947Z] LiveUpdateForge: AfterToolExec flush
[2026-07-22T07:29:49.024Z] InitialReadForge.onBeforeSend: SKIP (fr=true syn=false hasRead=true)
[2026-07-22T07:30:05.567Z] LiveUpdateForge: EndTurn fallback flush
[2026-07-22T07:30:05.608Z] onEndTurn: naturalStop=false toolCalls=5 nudgeMsg=no
[2026-07-22T07:30:15.133Z] LiveUpdateForge: AfterToolExec flush
[2026-07-22T07:30:15.226Z] InitialReadForge.onBeforeSend: SKIP (fr=true syn=false hasRead=true)
[2026-07-22T07:30:38.575Z] LiveUpdateForge: EndTurn fallback flush
[2026-07-22T07:30:38.575Z] onEndTurn: naturalStop=true toolCalls=6 nudgeMsg=no
[2026-07-22T07:33:10.691Z] ResumeDiffForge: running checkResumeConsistency
[2026-07-22T07:33:10.694Z] checkResumeConsistency: forgedTimestamps=[]
[2026-07-22T07:33:10.718Z] checkResumeConsistency: no changes detected
[2026-07-22T07:33:10.719Z] LiveUpdateForge: session reset, allowLiveUpdate = false
[2026-07-22T07:33:10.719Z] NudgeForge: ResumeComplete — restoring count from history
[2026-07-22T07:33:10.720Z] restoreNudgeCountFromHistory: found last write at idx=2274 count=6
[2026-07-22T07:33:10.882Z] LiveUpdateForge: allowLiveUpdate = true (first real BeforeSend)
[2026-07-22T07:33:10.885Z] InitialReadForge.onBeforeSend: SKIP (fr=false syn=false hasRead=true)
[2026-07-22T07:33:33.528Z] LiveUpdateForge: EndTurn fallback flush
[2026-07-22T07:33:33.529Z] onEndTurn: naturalStop=false toolCalls=6 nudgeMsg=no
[2026-07-22T07:33:49.490Z] LiveUpdateForge: AfterToolExec flush
[2026-07-22T07:33:49.597Z] InitialReadForge.onBeforeSend: SKIP (fr=true syn=false hasRead=true)
[2026-07-22T07:34:30.228Z] LiveUpdateForge: EndTurn fallback flush
[2026-07-22T07:34:30.229Z] onEndTurn: naturalStop=false toolCalls=7 nudgeMsg=no
[2026-07-22T07:34:30.949Z] LiveUpdateForge: AfterToolExec flush
[2026-07-22T07:34:31.057Z] InitialReadForge.onBeforeSend: SKIP (fr=true syn=false hasRead=true)
[2026-07-22T07:35:14.217Z] LiveUpdateForge: EndTurn fallback flush
[2026-07-22T07:35:14.218Z] onEndTurn: naturalStop=false toolCalls=8 nudgeMsg=no
[2026-07-22T07:35:14.236Z] LiveUpdateForge: AfterToolExec flush
[2026-07-22T07:35:14.348Z] InitialReadForge.onBeforeSend: SKIP (fr=true syn=false hasRead=true)
[2026-07-22T07:35:53.281Z] LiveUpdateForge: EndTurn fallback flush
[2026-07-22T07:35:53.282Z] onEndTurn: naturalStop=false toolCalls=9 nudgeMsg=no
[2026-07-22T07:35:53.303Z] LiveUpdateForge: AfterToolExec flush
[2026-07-22T07:35:53.412Z] InitialReadForge.onBeforeSend: SKIP (fr=true syn=false hasRead=true)
[2026-07-22T07:36:43.236Z] LiveUpdateForge: EndTurn fallback flush
[2026-07-22T07:36:43.236Z] onEndTurn: naturalStop=false toolCalls=10 nudgeMsg=no
[2026-07-22T07:36:43.710Z] LiveUpdateForge: AfterToolExec flush
[2026-07-22T07:36:43.814Z] InitialReadForge.onBeforeSend: SKIP (fr=true syn=false hasRead=true)
[2026-07-22T07:36:53.886Z] LiveUpdateForge: EndTurn fallback flush
[2026-07-22T07:36:53.887Z] onEndTurn: naturalStop=false toolCalls=11 nudgeMsg=no
[2026-07-22T07:36:53.923Z] LiveUpdateForge: AfterToolExec flush
[2026-07-22T07:36:54.048Z] InitialReadForge.onBeforeSend: SKIP (fr=true syn=false hasRead=true)
[2026-07-22T07:37:06.794Z] LiveUpdateForge: EndTurn fallback flush
[2026-07-22T07:37:06.794Z] onEndTurn: naturalStop=false toolCalls=12 nudgeMsg=no
[2026-07-22T07:37:06.817Z] LiveUpdateForge: AfterToolExec flush
[2026-07-22T07:37:06.960Z] InitialReadForge.onBeforeSend: SKIP (fr=true syn=false hasRead=true)
[2026-07-22T07:37:34.483Z] LiveUpdateForge: EndTurn fallback flush
[2026-07-22T07:37:34.484Z] onEndTurn: naturalStop=false toolCalls=13 nudgeMsg=no
[2026-07-22T07:37:34.504Z] LiveUpdateForge: AfterToolExec flush
[2026-07-22T07:37:34.612Z] InitialReadForge.onBeforeSend: SKIP (fr=true syn=false hasRead=true)
[2026-07-22T07:37:49.258Z] LiveUpdateForge: EndTurn fallback flush
[2026-07-22T07:37:49.259Z] onEndTurn: naturalStop=false toolCalls=14 nudgeMsg=no
[2026-07-22T07:37:49.539Z] LiveUpdateForge: AfterToolExec flush
[2026-07-22T07:37:49.659Z] InitialReadForge.onBeforeSend: SKIP (fr=true syn=false hasRead=true)
[2026-07-22T07:38:19.744Z] LiveUpdateForge: EndTurn fallback flush
[2026-07-22T07:38:19.745Z] onEndTurn: naturalStop=false toolCalls=15 nudgeMsg=no
[2026-07-22T07:38:21.138Z] LiveUpdateForge: AfterToolExec flush
[2026-07-22T07:38:21.363Z] InitialReadForge.onBeforeSend: SKIP (fr=true syn=false hasRead=true)
[2026-07-22T07:38:44.126Z] LiveUpdateForge: EndTurn fallback flush
[2026-07-22T07:38:44.127Z] onEndTurn: naturalStop=false toolCalls=16 nudgeMsg=no
[2026-07-22T07:38:45.181Z] LiveUpdateForge: AfterToolExec flush
[2026-07-22T07:38:45.269Z] InitialReadForge.onBeforeSend: SKIP (fr=true syn=false hasRead=true)
[2026-07-22T07:38:57.782Z] LiveUpdateForge: EndTurn fallback flush
[2026-07-22T07:38:57.782Z] onEndTurn: naturalStop=false toolCalls=17 nudgeMsg=no
[2026-07-22T07:39:04.612Z] LiveUpdateForge: AfterToolExec flush
[2026-07-22T07:39:04.686Z] InitialReadForge.onBeforeSend: SKIP (fr=true syn=false hasRead=true)
[2026-07-22T07:39:20.028Z] LiveUpdateForge: EndTurn fallback flush
[2026-07-22T07:39:20.029Z] onEndTurn: naturalStop=true toolCalls=18 nudgeMsg=no
[2026-07-22T07:44:26.397Z] ResumeDiffForge: running checkResumeConsistency
[2026-07-22T07:44:26.399Z] checkResumeConsistency: forgedTimestamps=[]
[2026-07-22T07:44:26.425Z] checkResumeConsistency: no changes detected
[2026-07-22T07:44:26.426Z] LiveUpdateForge: session reset, allowLiveUpdate = false
[2026-07-22T07:44:26.426Z] NudgeForge: ResumeComplete — restoring count from history
[2026-07-22T07:44:26.428Z] restoreNudgeCountFromHistory: found last write at idx=2274 count=18
[2026-07-22T07:44:26.612Z] LiveUpdateForge: allowLiveUpdate = true (first real BeforeSend)
[2026-07-22T07:44:26.615Z] InitialReadForge.onBeforeSend: SKIP (fr=false syn=false hasRead=true)
[2026-07-22T07:44:44.015Z] LiveUpdateForge: EndTurn fallback flush
[2026-07-22T07:44:44.016Z] onEndTurn: naturalStop=false toolCalls=18 nudgeMsg=no
[2026-07-22T07:44:44.500Z] LiveUpdateForge: AfterToolExec flush
[2026-07-22T07:44:44.596Z] InitialReadForge.onBeforeSend: SKIP (fr=true syn=false hasRead=true)
[2026-07-22T07:44:55.398Z] LiveUpdateForge: EndTurn fallback flush
[2026-07-22T07:44:55.398Z] onEndTurn: naturalStop=false toolCalls=19 nudgeMsg=no
[2026-07-22T07:44:56.091Z] LiveUpdateForge: AfterToolExec flush
[2026-07-22T07:44:56.198Z] InitialReadForge.onBeforeSend: SKIP (fr=true syn=false hasRead=true)
[2026-07-22T07:45:06.475Z] LiveUpdateForge: EndTurn fallback flush
[2026-07-22T07:45:06.475Z] onEndTurn: naturalStop=false toolCalls=20 nudgeMsg=no
[2026-07-22T07:45:06.501Z] LiveUpdateForge: AfterToolExec flush
[2026-07-22T07:45:06.602Z] InitialReadForge.onBeforeSend: SKIP (fr=true syn=false hasRead=true)
[2026-07-22T07:45:30.505Z] LiveUpdateForge: EndTurn fallback flush
[2026-07-22T07:45:30.505Z] onEndTurn: naturalStop=false toolCalls=21 nudgeMsg=no
[2026-07-22T07:45:31.111Z] LiveUpdateForge: AfterToolExec flush
[2026-07-22T07:45:31.207Z] InitialReadForge.onBeforeSend: SKIP (fr=true syn=false hasRead=true)
[2026-07-22T07:45:46.271Z] LiveUpdateForge: EndTurn fallback flush
[2026-07-22T07:45:46.272Z] onEndTurn: naturalStop=false toolCalls=22 nudgeMsg=no
[2026-07-22T07:45:46.297Z] LiveUpdateForge: AfterToolExec flush
[2026-07-22T07:45:46.398Z] InitialReadForge.onBeforeSend: SKIP (fr=true syn=false hasRead=true)
[2026-07-22T07:46:16.744Z] LiveUpdateForge: EndTurn fallback flush
[2026-07-22T07:46:16.744Z] onEndTurn: naturalStop=false toolCalls=23 nudgeMsg=no
[2026-07-22T07:46:16.764Z] LiveUpdateForge: AfterToolExec flush
[2026-07-22T07:46:16.865Z] InitialReadForge.onBeforeSend: SKIP (fr=true syn=false hasRead=true)
[2026-07-22T07:46:29.409Z] LiveUpdateForge: EndTurn fallback flush
[2026-07-22T07:46:29.410Z] onEndTurn: naturalStop=false toolCalls=24 nudgeMsg=no
[2026-07-22T07:46:29.698Z] LiveUpdateForge: AfterToolExec flush
[2026-07-22T07:46:29.808Z] InitialReadForge.onBeforeSend: SKIP (fr=true syn=false hasRead=true)
[2026-07-22T07:46:48.201Z] LiveUpdateForge: EndTurn fallback flush
[2026-07-22T07:46:48.202Z] onEndTurn: naturalStop=false toolCalls=25 nudgeMsg=no
[2026-07-22T07:46:48.694Z] LiveUpdateForge: AfterToolExec flush
[2026-07-22T07:46:48.795Z] InitialReadForge.onBeforeSend: SKIP (fr=true syn=false hasRead=true)
[2026-07-22T07:46:56.092Z] LiveUpdateForge: EndTurn fallback flush
[2026-07-22T07:46:56.093Z] onEndTurn: naturalStop=false toolCalls=26 nudgeMsg=no
[2026-07-22T07:46:56.108Z] LiveUpdateForge: AfterToolExec flush
[2026-07-22T07:46:56.218Z] InitialReadForge.onBeforeSend: SKIP (fr=true syn=false hasRead=true)
[2026-07-22T07:47:17.194Z] LiveUpdateForge: EndTurn fallback flush
[2026-07-22T07:47:17.196Z] onEndTurn: naturalStop=false toolCalls=27 nudgeMsg=no
[2026-07-22T07:47:17.235Z] LiveUpdateForge: AfterToolExec flush
[2026-07-22T07:47:17.362Z] InitialReadForge.onBeforeSend: SKIP (fr=true syn=false hasRead=true)
[2026-07-22T07:47:30.150Z] LiveUpdateForge: EndTurn fallback flush
[2026-07-22T07:47:30.151Z] onEndTurn: naturalStop=false toolCalls=28 nudgeMsg=no
[2026-07-22T07:47:30.600Z] LiveUpdateForge: AfterToolExec flush
[2026-07-22T07:47:30.705Z] InitialReadForge.onBeforeSend: SKIP (fr=true syn=false hasRead=true)
[2026-07-22T07:47:53.754Z] LiveUpdateForge: EndTurn fallback flush
[2026-07-22T07:47:53.755Z] onEndTurn: naturalStop=false toolCalls=29 nudgeMsg=no
[2026-07-22T07:47:54.687Z] LiveUpdateForge: AfterToolExec flush
[2026-07-22T07:47:54.764Z] InitialReadForge.onBeforeSend: SKIP (fr=true syn=false hasRead=true)
[2026-07-22T07:48:22.887Z] LiveUpdateForge: EndTurn fallback flush
[2026-07-22T07:48:22.888Z] onEndTurn: naturalStop=false toolCalls=30 nudgeMsg=no
[2026-07-22T07:48:30.484Z] LiveUpdateForge: AfterToolExec flush
[2026-07-22T07:48:30.565Z] InitialReadForge.onBeforeSend: SKIP (fr=true syn=false hasRead=true)
[2026-07-22T07:49:03.925Z] LiveUpdateForge: EndTurn fallback flush
[2026-07-22T07:49:03.925Z] onEndTurn: naturalStop=true toolCalls=31 nudgeMsg=no
[2026-07-22T07:52:22.614Z] ResumeDiffForge: running checkResumeConsistency
[2026-07-22T07:52:22.616Z] checkResumeConsistency: forgedTimestamps=[]
[2026-07-22T07:52:22.644Z] checkResumeConsistency: no changes detected
[2026-07-22T07:52:22.645Z] LiveUpdateForge: session reset, allowLiveUpdate = false
[2026-07-22T07:52:22.645Z] NudgeForge: ResumeComplete — restoring count from history
[2026-07-22T07:52:22.648Z] restoreNudgeCountFromHistory: found last write at idx=2274 count=31
[2026-07-22T07:52:22.816Z] LiveUpdateForge: allowLiveUpdate = true (first real BeforeSend)
[2026-07-22T07:52:22.867Z] InitialReadForge.onBeforeSend: SKIP (fr=false syn=false hasRead=true)
[2026-07-22T07:52:34.577Z] LiveUpdateForge: EndTurn fallback flush
[2026-07-22T07:52:34.578Z] onEndTurn: naturalStop=false toolCalls=31 nudgeMsg=no
[2026-07-22T07:52:34.628Z] LiveUpdateForge: AfterToolExec flush
[2026-07-22T07:52:34.722Z] InitialReadForge.onBeforeSend: SKIP (fr=true syn=false hasRead=true)
[2026-07-22T07:53:13.182Z] LiveUpdateForge: EndTurn fallback flush
[2026-07-22T07:53:13.182Z] onEndTurn: naturalStop=false toolCalls=32 nudgeMsg=no
[2026-07-22T07:53:13.696Z] LiveUpdateForge: AfterToolExec flush
[2026-07-22T07:53:13.838Z] InitialReadForge.onBeforeSend: SKIP (fr=true syn=false hasRead=true)
[2026-07-22T07:53:57.932Z] LiveUpdateForge: EndTurn fallback flush
[2026-07-22T07:53:57.933Z] onEndTurn: naturalStop=false toolCalls=33 nudgeMsg=no
[2026-07-22T07:53:58.304Z] LiveUpdateForge: AfterToolExec flush
[2026-07-22T07:53:58.434Z] InitialReadForge.onBeforeSend: SKIP (fr=true syn=false hasRead=true)
[2026-07-22T07:54:08.095Z] LiveUpdateForge: EndTurn fallback flush
[2026-07-22T07:54:08.096Z] onEndTurn: naturalStop=false toolCalls=34 nudgeMsg=no
[2026-07-22T07:54:08.128Z] LiveUpdateForge: AfterToolExec flush
[2026-07-22T07:54:08.263Z] InitialReadForge.onBeforeSend: SKIP (fr=true syn=false hasRead=true)
[2026-07-22T07:54:41.103Z] LiveUpdateForge: EndTurn fallback flush
[2026-07-22T07:54:41.103Z] onEndTurn: naturalStop=false toolCalls=35 nudgeMsg=no
[2026-07-22T07:54:41.123Z] LiveUpdateForge: AfterToolExec flush
[2026-07-22T07:54:41.235Z] InitialReadForge.onBeforeSend: SKIP (fr=true syn=false hasRead=true)
[2026-07-22T07:55:04.782Z] LiveUpdateForge: EndTurn fallback flush
[2026-07-22T07:55:04.783Z] onEndTurn: naturalStop=false toolCalls=36 nudgeMsg=no
[2026-07-22T07:55:04.920Z] LiveUpdateForge: AfterToolExec flush
[2026-07-22T07:55:05.047Z] InitialReadForge.onBeforeSend: SKIP (fr=true syn=false hasRead=true)
[2026-07-22T07:55:21.840Z] LiveUpdateForge: EndTurn fallback flush
[2026-07-22T07:55:21.841Z] onEndTurn: naturalStop=false toolCalls=37 nudgeMsg=no
[2026-07-22T07:55:22.459Z] LiveUpdateForge: AfterToolExec flush
[2026-07-22T07:55:22.575Z] InitialReadForge.onBeforeSend: SKIP (fr=true syn=false hasRead=true)
[2026-07-22T07:55:48.625Z] LiveUpdateForge: EndTurn fallback flush
[2026-07-22T07:55:48.626Z] onEndTurn: naturalStop=false toolCalls=38 nudgeMsg=no
[2026-07-22T07:55:48.646Z] LiveUpdateForge: AfterToolExec flush
[2026-07-22T07:55:48.747Z] InitialReadForge.onBeforeSend: SKIP (fr=true syn=false hasRead=true)
[2026-07-22T07:56:29.521Z] LiveUpdateForge: EndTurn fallback flush
[2026-07-22T07:56:29.522Z] onEndTurn: naturalStop=false toolCalls=39 nudgeMsg=no
[2026-07-22T07:56:29.704Z] LiveUpdateForge: AfterToolExec flush
[2026-07-22T07:56:29.803Z] InitialReadForge.onBeforeSend: SKIP (fr=true syn=false hasRead=true)
[2026-07-22T07:56:45.345Z] LiveUpdateForge: EndTurn fallback flush
[2026-07-22T07:56:45.346Z] onEndTurn: naturalStop=false toolCalls=40 nudgeMsg=no
[2026-07-22T07:56:45.663Z] LiveUpdateForge: AfterToolExec flush
[2026-07-22T07:56:45.755Z] InitialReadForge.onBeforeSend: SKIP (fr=true syn=false hasRead=true)
[2026-07-22T07:56:53.155Z] LiveUpdateForge: EndTurn fallback flush
[2026-07-22T07:56:53.157Z] onEndTurn: naturalStop=false toolCalls=41 nudgeMsg=no
[2026-07-22T07:56:54.040Z] LiveUpdateForge: AfterToolExec flush
[2026-07-22T07:56:54.143Z] InitialReadForge.onBeforeSend: SKIP (fr=true syn=false hasRead=true)
[2026-07-22T07:57:37.898Z] LiveUpdateForge: EndTurn fallback flush
[2026-07-22T07:57:37.899Z] onEndTurn: naturalStop=false toolCalls=42 nudgeMsg=no
[2026-07-22T07:57:55.710Z] LiveUpdateForge: AfterToolExec flush
[2026-07-22T07:57:55.788Z] InitialReadForge.onBeforeSend: SKIP (fr=true syn=false hasRead=true)
[2026-07-22T07:58:31.291Z] LiveUpdateForge: EndTurn fallback flush
[2026-07-22T07:58:31.292Z] onEndTurn: naturalStop=true toolCalls=43 nudgeMsg=no
[2026-07-22T07:59:55.218Z] ResumeDiffForge: running checkResumeConsistency
[2026-07-22T07:59:55.220Z] checkResumeConsistency: forgedTimestamps=[]
[2026-07-22T07:59:55.250Z] checkResumeConsistency: no changes detected
[2026-07-22T07:59:55.250Z] LiveUpdateForge: session reset, allowLiveUpdate = false
[2026-07-22T07:59:55.251Z] NudgeForge: ResumeComplete — restoring count from history
[2026-07-22T07:59:55.253Z] restoreNudgeCountFromHistory: found last write at idx=2274 count=43
[2026-07-22T07:59:55.471Z] LiveUpdateForge: allowLiveUpdate = true (first real BeforeSend)
[2026-07-22T07:59:55.475Z] InitialReadForge.onBeforeSend: SKIP (fr=false syn=false hasRead=true)
[2026-07-22T08:09:24.214Z] LiveUpdateForge: EndTurn fallback flush
[2026-07-22T08:09:24.215Z] onEndTurn: naturalStop=false toolCalls=43 nudgeMsg=no
[2026-07-22T08:09:24.241Z] InitialReadForge.onBeforeSend: SKIP (fr=false syn=false hasRead=true)
[2026-07-22T08:12:49.894Z] LiveUpdateForge: EndTurn fallback flush
[2026-07-22T08:12:49.895Z] onEndTurn: naturalStop=true toolCalls=43 nudgeMsg=no
[2026-07-22T08:14:51.581Z] ResumeDiffForge: running checkResumeConsistency
[2026-07-22T08:14:51.583Z] checkResumeConsistency: forgedTimestamps=[]
[2026-07-22T08:14:51.622Z] checkResumeConsistency: no changes detected
[2026-07-22T08:14:51.623Z] LiveUpdateForge: session reset, allowLiveUpdate = false
[2026-07-22T08:14:51.624Z] NudgeForge: ResumeComplete — restoring count from history
[2026-07-22T08:14:51.625Z] restoreNudgeCountFromHistory: found last write at idx=2274 count=43
[2026-07-22T08:14:51.815Z] LiveUpdateForge: allowLiveUpdate = true (first real BeforeSend)
[2026-07-22T08:14:51.820Z] InitialReadForge.onBeforeSend: SKIP (fr=false syn=false hasRead=true)
[2026-07-22T08:15:05.411Z] LiveUpdateForge: EndTurn fallback flush
[2026-07-22T08:15:05.412Z] onEndTurn: naturalStop=false toolCalls=43 nudgeMsg=no
[2026-07-22T08:15:05.456Z] LiveUpdateForge: AfterToolExec flush
[2026-07-22T08:15:05.564Z] InitialReadForge.onBeforeSend: SKIP (fr=true syn=false hasRead=true)
[2026-07-22T08:15:43.801Z] LiveUpdateForge: EndTurn fallback flush
[2026-07-22T08:15:43.802Z] onEndTurn: naturalStop=true toolCalls=44 nudgeMsg=no
[2026-07-22T08:16:01.606Z] ResumeDiffForge: running checkResumeConsistency
[2026-07-22T08:16:01.607Z] checkResumeConsistency: forgedTimestamps=[]
[2026-07-22T08:16:01.630Z] checkResumeConsistency: no changes detected
[2026-07-22T08:16:01.631Z] LiveUpdateForge: session reset, allowLiveUpdate = false
[2026-07-22T08:16:01.632Z] NudgeForge: ResumeComplete — restoring count from history
[2026-07-22T08:16:01.634Z] restoreNudgeCountFromHistory: found last write at idx=2274 count=44
[2026-07-22T08:16:01.829Z] LiveUpdateForge: allowLiveUpdate = true (first real BeforeSend)
[2026-07-22T08:16:01.833Z] InitialReadForge.onBeforeSend: SKIP (fr=false syn=false hasRead=true)
[2026-07-22T08:16:16.469Z] LiveUpdateForge: EndTurn fallback flush
[2026-07-22T08:16:16.469Z] onEndTurn: naturalStop=false toolCalls=44 nudgeMsg=no
[2026-07-22T08:16:16.941Z] LiveUpdateForge: AfterToolExec flush
[2026-07-22T08:16:17.048Z] InitialReadForge.onBeforeSend: SKIP (fr=true syn=false hasRead=true)
[2026-07-22T08:16:28.495Z] LiveUpdateForge: EndTurn fallback flush
[2026-07-22T08:16:28.497Z] onEndTurn: naturalStop=false toolCalls=45 nudgeMsg=no
[2026-07-22T08:16:28.687Z] LiveUpdateForge: AfterToolExec flush
[2026-07-22T08:16:28.785Z] InitialReadForge.onBeforeSend: SKIP (fr=true syn=false hasRead=true)
[2026-07-22T08:18:10.445Z] LiveUpdateForge: EndTurn fallback flush
[2026-07-22T08:18:10.445Z] onEndTurn: naturalStop=true toolCalls=46 nudgeMsg=no
[2026-07-22T08:18:19.699Z] ResumeDiffForge: running checkResumeConsistency
[2026-07-22T08:18:19.700Z] checkResumeConsistency: forgedTimestamps=[]
[2026-07-22T08:18:19.728Z] checkResumeConsistency: no changes detected
[2026-07-22T08:18:19.728Z] LiveUpdateForge: session reset, allowLiveUpdate = false
[2026-07-22T08:18:19.729Z] NudgeForge: ResumeComplete — restoring count from history
[2026-07-22T08:18:19.731Z] restoreNudgeCountFromHistory: found last write at idx=2274 count=46
[2026-07-22T08:18:19.908Z] LiveUpdateForge: allowLiveUpdate = true (first real BeforeSend)
[2026-07-22T08:18:19.913Z] InitialReadForge.onBeforeSend: SKIP (fr=false syn=false hasRead=true)
[2026-07-22T08:18:42.856Z] LiveUpdateForge: EndTurn fallback flush
[2026-07-22T08:18:42.857Z] onEndTurn: naturalStop=false toolCalls=46 nudgeMsg=no
[2026-07-22T08:18:43.053Z] LiveUpdateForge: AfterToolExec flush
[2026-07-22T08:18:43.157Z] InitialReadForge.onBeforeSend: SKIP (fr=true syn=false hasRead=true)
[2026-07-22T08:19:47.740Z] LiveUpdateForge: EndTurn fallback flush
[2026-07-22T08:19:47.741Z] onEndTurn: naturalStop=false toolCalls=47 nudgeMsg=no
[2026-07-22T08:19:47.764Z] LiveUpdateForge: self-write on D:\unity\demo\CODELY.md, baseline aligned
[2026-07-22T08:19:47.766Z] LiveUpdateForge: AfterToolExec flush
[2026-07-22T08:19:47.902Z] InitialReadForge.onBeforeSend: SKIP (fr=true syn=false hasRead=true)
[2026-07-22T08:19:48.527Z] LiveUpdateForge: pending external change on D:\unity\demo\CODELY.md
[2026-07-22T08:20:24.859Z] LiveUpdateForge: EndTurn fallback flush
[2026-07-22T08:20:24.860Z] onEndTurn: naturalStop=true toolCalls=0 nudgeMsg=no
[2026-07-22T08:20:38.608Z] ResumeDiffForge: running checkResumeConsistency
[2026-07-22T08:20:38.610Z] checkResumeConsistency: forgedTimestamps=[]
[2026-07-22T08:20:38.640Z] checkResumeConsistency: no changes detected
[2026-07-22T08:20:38.641Z] LiveUpdateForge: session reset, allowLiveUpdate = false
[2026-07-22T08:20:38.641Z] NudgeForge: ResumeComplete — restoring count from history
[2026-07-22T08:20:38.647Z] restoreNudgeCountFromHistory: found last write at idx=2387 count=0
[2026-07-22T08:20:38.856Z] LiveUpdateForge: allowLiveUpdate = true (first real BeforeSend)
[2026-07-22T08:20:38.859Z] InitialReadForge.onBeforeSend: SKIP (fr=false syn=false hasRead=true)
[2026-07-22T08:20:53.678Z] LiveUpdateForge: EndTurn fallback flush
[2026-07-22T08:20:53.679Z] onEndTurn: naturalStop=false toolCalls=0 nudgeMsg=no
[2026-07-22T08:20:54.216Z] LiveUpdateForge: AfterToolExec flush
[2026-07-22T08:20:54.337Z] InitialReadForge.onBeforeSend: SKIP (fr=true syn=false hasRead=true)
[2026-07-22T08:22:01.740Z] LiveUpdateForge: EndTurn fallback flush
[2026-07-22T08:22:01.741Z] onEndTurn: naturalStop=false toolCalls=1 nudgeMsg=no
[2026-07-22T08:22:01.764Z] LiveUpdateForge: AfterToolExec flush
[2026-07-22T08:22:01.868Z] InitialReadForge.onBeforeSend: SKIP (fr=true syn=false hasRead=true)
[2026-07-22T08:22:21.319Z] LiveUpdateForge: EndTurn fallback flush
[2026-07-22T08:22:21.319Z] onEndTurn: naturalStop=false toolCalls=2 nudgeMsg=no
[2026-07-22T08:22:21.341Z] LiveUpdateForge: AfterToolExec flush
[2026-07-22T08:22:21.455Z] InitialReadForge.onBeforeSend: SKIP (fr=true syn=false hasRead=true)
[2026-07-22T08:23:25.685Z] LiveUpdateForge: EndTurn fallback flush
[2026-07-22T08:23:25.686Z] onEndTurn: naturalStop=false toolCalls=3 nudgeMsg=no
[2026-07-22T08:23:25.710Z] LiveUpdateForge: AfterToolExec flush
[2026-07-22T08:23:25.822Z] InitialReadForge.onBeforeSend: SKIP (fr=true syn=false hasRead=true)
[2026-07-22T08:23:37.684Z] LiveUpdateForge: EndTurn fallback flush
[2026-07-22T08:23:37.685Z] onEndTurn: naturalStop=true toolCalls=4 nudgeMsg=no
[2026-07-22T08:24:01.100Z] ResumeDiffForge: running checkResumeConsistency
[2026-07-22T08:24:01.101Z] checkResumeConsistency: forgedTimestamps=[]
[2026-07-22T08:24:01.147Z] checkResumeConsistency: no changes detected
[2026-07-22T08:24:01.148Z] LiveUpdateForge: session reset, allowLiveUpdate = false
[2026-07-22T08:24:01.148Z] NudgeForge: ResumeComplete — restoring count from history
[2026-07-22T08:24:01.150Z] restoreNudgeCountFromHistory: found last write at idx=2387 count=4
[2026-07-22T08:24:01.339Z] LiveUpdateForge: allowLiveUpdate = true (first real BeforeSend)
[2026-07-22T08:24:01.343Z] InitialReadForge.onBeforeSend: SKIP (fr=false syn=false hasRead=true)
[2026-07-22T08:24:24.122Z] LiveUpdateForge: EndTurn fallback flush
[2026-07-22T08:24:24.122Z] onEndTurn: naturalStop=false toolCalls=4 nudgeMsg=no
[2026-07-22T08:24:24.173Z] LiveUpdateForge: AfterToolExec flush
[2026-07-22T08:24:24.285Z] InitialReadForge.onBeforeSend: SKIP (fr=true syn=false hasRead=true)
[2026-07-22T08:25:04.691Z] LiveUpdateForge: EndTurn fallback flush
[2026-07-22T08:25:04.692Z] onEndTurn: naturalStop=false toolCalls=5 nudgeMsg=no
[2026-07-22T08:25:04.725Z] LiveUpdateForge: AfterToolExec flush
[2026-07-22T08:25:04.828Z] InitialReadForge.onBeforeSend: SKIP (fr=true syn=false hasRead=true)
[2026-07-22T08:25:41.576Z] LiveUpdateForge: EndTurn fallback flush
[2026-07-22T08:25:41.577Z] onEndTurn: naturalStop=false toolCalls=6 nudgeMsg=no
[2026-07-22T08:25:41.901Z] LiveUpdateForge: AfterToolExec flush
[2026-07-22T08:25:42.035Z] InitialReadForge.onBeforeSend: SKIP (fr=true syn=false hasRead=true)
[2026-07-22T08:25:57.205Z] LiveUpdateForge: EndTurn fallback flush
[2026-07-22T08:25:57.206Z] onEndTurn: naturalStop=false toolCalls=7 nudgeMsg=no
[2026-07-22T08:25:57.233Z] LiveUpdateForge: AfterToolExec flush
[2026-07-22T08:25:57.390Z] InitialReadForge.onBeforeSend: SKIP (fr=true syn=false hasRead=true)
[2026-07-22T08:26:44.575Z] LiveUpdateForge: EndTurn fallback flush
[2026-07-22T08:26:44.575Z] onEndTurn: naturalStop=false toolCalls=8 nudgeMsg=no
[2026-07-22T08:26:44.713Z] LiveUpdateForge: AfterToolExec flush
[2026-07-22T08:26:44.819Z] InitialReadForge.onBeforeSend: SKIP (fr=true syn=false hasRead=true)
[2026-07-22T08:27:06.594Z] LiveUpdateForge: EndTurn fallback flush
[2026-07-22T08:27:06.594Z] onEndTurn: naturalStop=false toolCalls=9 nudgeMsg=no
[2026-07-22T08:27:06.614Z] LiveUpdateForge: AfterToolExec flush
[2026-07-22T08:27:06.726Z] InitialReadForge.onBeforeSend: SKIP (fr=true syn=false hasRead=true)
[2026-07-22T08:27:32.550Z] LiveUpdateForge: EndTurn fallback flush
[2026-07-22T08:27:32.551Z] onEndTurn: naturalStop=false toolCalls=10 nudgeMsg=no
[2026-07-22T08:27:32.662Z] LiveUpdateForge: AfterToolExec flush
[2026-07-22T08:27:32.785Z] InitialReadForge.onBeforeSend: SKIP (fr=true syn=false hasRead=true)
[2026-07-22T08:28:25.720Z] LiveUpdateForge: EndTurn fallback flush
[2026-07-22T08:28:25.721Z] onEndTurn: naturalStop=false toolCalls=11 nudgeMsg=no
[2026-07-22T08:28:26.148Z] LiveUpdateForge: AfterToolExec flush
[2026-07-22T08:28:26.324Z] InitialReadForge.onBeforeSend: SKIP (fr=true syn=false hasRead=true)
[2026-07-22T08:29:35.417Z] LiveUpdateForge: EndTurn fallback flush
[2026-07-22T08:29:35.418Z] onEndTurn: naturalStop=false toolCalls=12 nudgeMsg=no
[2026-07-22T08:29:35.441Z] LiveUpdateForge: AfterToolExec flush
[2026-07-22T08:29:35.561Z] InitialReadForge.onBeforeSend: SKIP (fr=true syn=false hasRead=true)
[2026-07-22T08:29:55.532Z] LiveUpdateForge: EndTurn fallback flush
[2026-07-22T08:29:55.533Z] onEndTurn: naturalStop=false toolCalls=13 nudgeMsg=no
[2026-07-22T08:29:55.844Z] LiveUpdateForge: AfterToolExec flush
[2026-07-22T08:29:55.957Z] InitialReadForge.onBeforeSend: SKIP (fr=true syn=false hasRead=true)
[2026-07-22T08:30:13.578Z] LiveUpdateForge: EndTurn fallback flush
[2026-07-22T08:30:13.579Z] onEndTurn: naturalStop=false toolCalls=14 nudgeMsg=no
[2026-07-22T08:30:14.688Z] LiveUpdateForge: AfterToolExec flush
[2026-07-22T08:30:14.789Z] InitialReadForge.onBeforeSend: SKIP (fr=true syn=false hasRead=true)
[2026-07-22T08:30:22.370Z] LiveUpdateForge: EndTurn fallback flush
[2026-07-22T08:30:22.371Z] onEndTurn: naturalStop=false toolCalls=15 nudgeMsg=no
[2026-07-22T08:30:38.232Z] LiveUpdateForge: AfterToolExec flush
[2026-07-22T08:30:38.323Z] InitialReadForge.onBeforeSend: SKIP (fr=true syn=false hasRead=true)
[2026-07-22T08:30:48.777Z] LiveUpdateForge: EndTurn fallback flush
[2026-07-22T08:30:48.777Z] onEndTurn: naturalStop=false toolCalls=16 nudgeMsg=no
[2026-07-22T08:30:48.957Z] LiveUpdateForge: AfterToolExec flush
[2026-07-22T08:30:49.036Z] InitialReadForge.onBeforeSend: SKIP (fr=true syn=false hasRead=true)
[2026-07-22T08:33:49.406Z] LiveUpdateForge: EndTurn fallback flush
[2026-07-22T08:33:49.407Z] onEndTurn: naturalStop=true toolCalls=17 nudgeMsg=no
[2026-07-22T08:33:54.473Z] ResumeDiffForge: running checkResumeConsistency
[2026-07-22T08:33:54.474Z] checkResumeConsistency: forgedTimestamps=[]
[2026-07-22T08:33:54.499Z] checkResumeConsistency: no changes detected
[2026-07-22T08:33:54.500Z] LiveUpdateForge: session reset, allowLiveUpdate = false
[2026-07-22T08:33:54.500Z] NudgeForge: ResumeComplete — restoring count from history
[2026-07-22T08:33:54.501Z] restoreNudgeCountFromHistory: found last write at idx=2387 count=17
[2026-07-22T08:33:54.627Z] LiveUpdateForge: allowLiveUpdate = true (first real BeforeSend)
[2026-07-22T08:33:54.631Z] InitialReadForge.onBeforeSend: SKIP (fr=false syn=false hasRead=true)
[2026-07-22T08:34:43.303Z] LiveUpdateForge: EndTurn fallback flush
[2026-07-22T08:34:43.304Z] onEndTurn: naturalStop=false toolCalls=17 nudgeMsg=no
[2026-07-22T08:34:43.390Z] LiveUpdateForge: AfterToolExec flush
[2026-07-22T08:34:43.521Z] InitialReadForge.onBeforeSend: SKIP (fr=true syn=false hasRead=true)
[2026-07-22T08:34:52.670Z] LiveUpdateForge: EndTurn fallback flush
[2026-07-22T08:34:52.671Z] onEndTurn: naturalStop=false toolCalls=18 nudgeMsg=no
[2026-07-22T08:34:52.690Z] LiveUpdateForge: AfterToolExec flush
[2026-07-22T08:34:52.787Z] InitialReadForge.onBeforeSend: SKIP (fr=true syn=false hasRead=true)
[2026-07-22T08:35:00.113Z] LiveUpdateForge: EndTurn fallback flush
[2026-07-22T08:35:00.114Z] onEndTurn: naturalStop=false toolCalls=19 nudgeMsg=no
[2026-07-22T08:35:00.122Z] LiveUpdateForge: AfterToolExec flush
[2026-07-22T08:35:00.224Z] InitialReadForge.onBeforeSend: SKIP (fr=true syn=false hasRead=true)
[2026-07-22T08:35:17.604Z] LiveUpdateForge: EndTurn fallback flush
[2026-07-22T08:35:17.604Z] onEndTurn: naturalStop=false toolCalls=20 nudgeMsg=no
[2026-07-22T08:35:17.622Z] LiveUpdateForge: AfterToolExec flush
[2026-07-22T08:35:17.706Z] InitialReadForge.onBeforeSend: SKIP (fr=true syn=false hasRead=true)
[2026-07-22T08:35:38.186Z] LiveUpdateForge: EndTurn fallback flush
[2026-07-22T08:35:38.187Z] onEndTurn: naturalStop=false toolCalls=21 nudgeMsg=no
[2026-07-22T08:35:38.411Z] LiveUpdateForge: AfterToolExec flush
[2026-07-22T08:35:38.512Z] InitialReadForge.onBeforeSend: SKIP (fr=true syn=false hasRead=true)
[2026-07-22T08:35:59.857Z] LiveUpdateForge: EndTurn fallback flush
[2026-07-22T08:35:59.858Z] onEndTurn: naturalStop=false toolCalls=22 nudgeMsg=no
[2026-07-22T08:36:00.030Z] LiveUpdateForge: AfterToolExec flush
[2026-07-22T08:36:00.144Z] InitialReadForge.onBeforeSend: SKIP (fr=true syn=false hasRead=true)
[2026-07-22T08:36:14.437Z] LiveUpdateForge: EndTurn fallback flush
[2026-07-22T08:36:14.438Z] onEndTurn: naturalStop=false toolCalls=23 nudgeMsg=no
[2026-07-22T08:36:14.533Z] LiveUpdateForge: AfterToolExec flush
[2026-07-22T08:36:14.632Z] InitialReadForge.onBeforeSend: SKIP (fr=true syn=false hasRead=true)
[2026-07-22T08:36:24.244Z] LiveUpdateForge: EndTurn fallback flush
[2026-07-22T08:36:24.245Z] onEndTurn: naturalStop=false toolCalls=24 nudgeMsg=no
[2026-07-22T08:36:24.669Z] LiveUpdateForge: AfterToolExec flush
[2026-07-22T08:36:24.749Z] InitialReadForge.onBeforeSend: SKIP (fr=true syn=false hasRead=true)
[2026-07-22T08:36:32.558Z] LiveUpdateForge: EndTurn fallback flush
[2026-07-22T08:36:32.558Z] onEndTurn: naturalStop=false toolCalls=25 nudgeMsg=no
[2026-07-22T08:36:32.577Z] LiveUpdateForge: AfterToolExec flush
[2026-07-22T08:36:32.675Z] InitialReadForge.onBeforeSend: SKIP (fr=true syn=false hasRead=true)
[2026-07-22T08:36:42.465Z] LiveUpdateForge: EndTurn fallback flush
[2026-07-22T08:36:42.466Z] onEndTurn: naturalStop=false toolCalls=26 nudgeMsg=no
[2026-07-22T08:36:42.480Z] LiveUpdateForge: AfterToolExec flush
[2026-07-22T08:36:42.563Z] InitialReadForge.onBeforeSend: SKIP (fr=true syn=false hasRead=true)
[2026-07-22T08:37:00.395Z] LiveUpdateForge: EndTurn fallback flush
[2026-07-22T08:37:00.396Z] onEndTurn: naturalStop=false toolCalls=27 nudgeMsg=no
[2026-07-22T08:37:00.674Z] LiveUpdateForge: AfterToolExec flush
[2026-07-22T08:37:00.761Z] InitialReadForge.onBeforeSend: SKIP (fr=true syn=false hasRead=true)
[2026-07-22T08:38:13.494Z] LiveUpdateForge: EndTurn fallback flush
[2026-07-22T08:38:13.495Z] onEndTurn: naturalStop=false toolCalls=28 nudgeMsg=no
[2026-07-22T08:38:13.511Z] LiveUpdateForge: AfterToolExec flush
[2026-07-22T08:38:13.601Z] InitialReadForge.onBeforeSend: SKIP (fr=true syn=false hasRead=true)
[2026-07-22T08:38:23.290Z] LiveUpdateForge: EndTurn fallback flush
[2026-07-22T08:38:23.290Z] onEndTurn: naturalStop=false toolCalls=29 nudgeMsg=no
[2026-07-22T08:38:23.639Z] LiveUpdateForge: AfterToolExec flush
[2026-07-22T08:38:23.726Z] InitialReadForge.onBeforeSend: SKIP (fr=true syn=false hasRead=true)
[2026-07-22T08:38:37.219Z] LiveUpdateForge: EndTurn fallback flush
[2026-07-22T08:38:37.220Z] onEndTurn: naturalStop=false toolCalls=30 nudgeMsg=no
[2026-07-22T08:38:37.249Z] LiveUpdateForge: AfterToolExec flush
[2026-07-22T08:38:37.359Z] InitialReadForge.onBeforeSend: SKIP (fr=true syn=false hasRead=true)
[2026-07-22T08:38:47.621Z] LiveUpdateForge: EndTurn fallback flush
[2026-07-22T08:38:47.622Z] onEndTurn: naturalStop=false toolCalls=31 nudgeMsg=no
[2026-07-22T08:38:47.640Z] LiveUpdateForge: AfterToolExec flush
[2026-07-22T08:38:47.725Z] InitialReadForge.onBeforeSend: SKIP (fr=true syn=false hasRead=true)
[2026-07-22T08:39:07.518Z] LiveUpdateForge: EndTurn fallback flush
[2026-07-22T08:39:07.518Z] onEndTurn: naturalStop=false toolCalls=32 nudgeMsg=no
[2026-07-22T08:39:07.722Z] LiveUpdateForge: AfterToolExec flush
[2026-07-22T08:39:07.796Z] InitialReadForge.onBeforeSend: SKIP (fr=true syn=false hasRead=true)
[2026-07-22T08:39:17.426Z] LiveUpdateForge: EndTurn fallback flush
[2026-07-22T08:39:17.426Z] onEndTurn: naturalStop=false toolCalls=33 nudgeMsg=no
[2026-07-22T08:39:17.818Z] LiveUpdateForge: AfterToolExec flush
[2026-07-22T08:39:17.911Z] InitialReadForge.onBeforeSend: SKIP (fr=true syn=false hasRead=true)
[2026-07-22T08:39:25.247Z] LiveUpdateForge: EndTurn fallback flush
[2026-07-22T08:39:25.248Z] onEndTurn: naturalStop=false toolCalls=34 nudgeMsg=no
[2026-07-22T08:39:25.265Z] LiveUpdateForge: AfterToolExec flush
[2026-07-22T08:39:25.354Z] InitialReadForge.onBeforeSend: SKIP (fr=true syn=false hasRead=true)
[2026-07-22T08:39:33.650Z] LiveUpdateForge: EndTurn fallback flush
[2026-07-22T08:39:33.651Z] onEndTurn: naturalStop=false toolCalls=35 nudgeMsg=no
[2026-07-22T08:39:33.773Z] LiveUpdateForge: AfterToolExec flush
[2026-07-22T08:39:33.859Z] InitialReadForge.onBeforeSend: SKIP (fr=true syn=false hasRead=true)
[2026-07-22T08:39:43.601Z] LiveUpdateForge: EndTurn fallback flush
[2026-07-22T08:39:43.603Z] onEndTurn: naturalStop=false toolCalls=36 nudgeMsg=no
[2026-07-22T08:39:43.656Z] LiveUpdateForge: AfterToolExec flush
[2026-07-22T08:39:43.736Z] InitialReadForge.onBeforeSend: SKIP (fr=true syn=false hasRead=true)
[2026-07-22T08:39:55.715Z] LiveUpdateForge: EndTurn fallback flush
[2026-07-22T08:39:55.716Z] onEndTurn: naturalStop=false toolCalls=37 nudgeMsg=no
[2026-07-22T08:40:06.570Z] LiveUpdateForge: AfterToolExec flush
[2026-07-22T08:40:06.665Z] InitialReadForge.onBeforeSend: SKIP (fr=true syn=false hasRead=true)
[2026-07-22T08:40:16.578Z] LiveUpdateForge: EndTurn fallback flush
[2026-07-22T08:40:16.579Z] onEndTurn: naturalStop=false toolCalls=38 nudgeMsg=no
[2026-07-22T08:40:16.741Z] LiveUpdateForge: AfterToolExec flush
[2026-07-22T08:40:16.815Z] InitialReadForge.onBeforeSend: SKIP (fr=true syn=false hasRead=true)
[2026-07-22T08:40:41.205Z] LiveUpdateForge: EndTurn fallback flush
[2026-07-22T08:40:41.206Z] onEndTurn: naturalStop=true toolCalls=39 nudgeMsg=no
[2026-07-22T08:40:56.756Z] ResumeDiffForge: running checkResumeConsistency
[2026-07-22T08:40:56.757Z] checkResumeConsistency: forgedTimestamps=[]
[2026-07-22T08:40:56.778Z] checkResumeConsistency: no changes detected
[2026-07-22T08:40:56.779Z] LiveUpdateForge: session reset, allowLiveUpdate = false
[2026-07-22T08:40:56.779Z] NudgeForge: ResumeComplete — restoring count from history
[2026-07-22T08:40:56.780Z] restoreNudgeCountFromHistory: found last write at idx=2387 count=39
[2026-07-22T08:40:56.908Z] LiveUpdateForge: allowLiveUpdate = true (first real BeforeSend)
[2026-07-22T08:40:56.910Z] InitialReadForge.onBeforeSend: SKIP (fr=false syn=false hasRead=true)
[2026-07-22T08:41:21.645Z] LiveUpdateForge: EndTurn fallback flush
[2026-07-22T08:41:21.646Z] onEndTurn: naturalStop=false toolCalls=39 nudgeMsg=no
[2026-07-22T08:41:21.689Z] LiveUpdateForge: self-write on D:\unity\demo\CODELY.md, baseline aligned
[2026-07-22T08:41:21.691Z] LiveUpdateForge: AfterToolExec flush
[2026-07-22T08:41:21.784Z] InitialReadForge.onBeforeSend: SKIP (fr=true syn=false hasRead=true)
[2026-07-22T08:41:22.355Z] LiveUpdateForge: pending external change on D:\unity\demo\CODELY.md
[2026-07-22T08:41:43.377Z] LiveUpdateForge: EndTurn fallback flush
[2026-07-22T08:41:43.378Z] onEndTurn: naturalStop=false toolCalls=0 nudgeMsg=no
[2026-07-22T08:41:43.394Z] LiveUpdateForge: AfterToolExec flush
[2026-07-22T08:41:43.490Z] InitialReadForge.onBeforeSend: SKIP (fr=true syn=false hasRead=true)
[2026-07-22T08:41:50.932Z] LiveUpdateForge: EndTurn fallback flush
[2026-07-22T08:41:50.932Z] onEndTurn: naturalStop=false toolCalls=1 nudgeMsg=no
[2026-07-22T08:41:51.280Z] LiveUpdateForge: AfterToolExec flush
[2026-07-22T08:41:51.371Z] InitialReadForge.onBeforeSend: SKIP (fr=true syn=false hasRead=true)
[2026-07-22T08:42:07.204Z] LiveUpdateForge: EndTurn fallback flush
[2026-07-22T08:42:07.205Z] onEndTurn: naturalStop=false toolCalls=2 nudgeMsg=no
[2026-07-22T08:42:07.219Z] LiveUpdateForge: AfterToolExec flush
[2026-07-22T08:42:07.309Z] InitialReadForge.onBeforeSend: SKIP (fr=true syn=false hasRead=true)
[2026-07-22T08:43:06.727Z] LiveUpdateForge: EndTurn fallback flush
[2026-07-22T08:43:06.727Z] onEndTurn: naturalStop=false toolCalls=3 nudgeMsg=no
[2026-07-22T08:43:06.742Z] LiveUpdateForge: AfterToolExec flush
[2026-07-22T08:43:06.825Z] InitialReadForge.onBeforeSend: SKIP (fr=true syn=false hasRead=true)
[2026-07-22T08:43:14.427Z] LiveUpdateForge: EndTurn fallback flush
[2026-07-22T08:43:14.427Z] onEndTurn: naturalStop=false toolCalls=4 nudgeMsg=no
[2026-07-22T08:43:14.442Z] LiveUpdateForge: AfterToolExec flush
[2026-07-22T08:43:14.526Z] InitialReadForge.onBeforeSend: SKIP (fr=true syn=false hasRead=true)
[2026-07-22T08:43:44.816Z] LiveUpdateForge: EndTurn fallback flush
[2026-07-22T08:43:44.817Z] onEndTurn: naturalStop=false toolCalls=5 nudgeMsg=no
[2026-07-22T08:43:45.029Z] LiveUpdateForge: AfterToolExec flush
[2026-07-22T08:43:45.158Z] InitialReadForge.onBeforeSend: SKIP (fr=true syn=false hasRead=true)
[2026-07-22T08:43:57.106Z] LiveUpdateForge: EndTurn fallback flush
[2026-07-22T08:43:57.106Z] onEndTurn: naturalStop=false toolCalls=6 nudgeMsg=no
[2026-07-22T08:43:57.272Z] LiveUpdateForge: AfterToolExec flush
[2026-07-22T08:43:57.362Z] InitialReadForge.onBeforeSend: SKIP (fr=true syn=false hasRead=true)
[2026-07-22T08:44:59.786Z] LiveUpdateForge: EndTurn fallback flush
[2026-07-22T08:44:59.786Z] onEndTurn: naturalStop=false toolCalls=7 nudgeMsg=no
[2026-07-22T08:44:59.999Z] LiveUpdateForge: AfterToolExec flush
[2026-07-22T08:45:00.083Z] InitialReadForge.onBeforeSend: SKIP (fr=true syn=false hasRead=true)
[2026-07-22T08:45:16.028Z] LiveUpdateForge: EndTurn fallback flush
[2026-07-22T08:45:16.029Z] onEndTurn: naturalStop=false toolCalls=8 nudgeMsg=no
[2026-07-22T08:45:16.417Z] LiveUpdateForge: AfterToolExec flush
[2026-07-22T08:45:16.495Z] InitialReadForge.onBeforeSend: SKIP (fr=true syn=false hasRead=true)
[2026-07-22T08:45:38.090Z] LiveUpdateForge: EndTurn fallback flush
[2026-07-22T08:45:38.091Z] onEndTurn: naturalStop=false toolCalls=9 nudgeMsg=no
[2026-07-22T08:45:38.279Z] LiveUpdateForge: AfterToolExec flush
[2026-07-22T08:45:38.369Z] InitialReadForge.onBeforeSend: SKIP (fr=true syn=false hasRead=true)
[2026-07-22T08:46:00.181Z] LiveUpdateForge: EndTurn fallback flush
[2026-07-22T08:46:00.181Z] onEndTurn: naturalStop=false toolCalls=10 nudgeMsg=no
[2026-07-22T08:46:00.215Z] LiveUpdateForge: AfterToolExec flush
[2026-07-22T08:46:00.296Z] InitialReadForge.onBeforeSend: SKIP (fr=true syn=false hasRead=true)
[2026-07-22T08:46:11.881Z] LiveUpdateForge: EndTurn fallback flush
[2026-07-22T08:46:11.882Z] onEndTurn: naturalStop=false toolCalls=11 nudgeMsg=no
[2026-07-22T08:46:21.967Z] LiveUpdateForge: AfterToolExec flush
[2026-07-22T08:46:22.061Z] InitialReadForge.onBeforeSend: SKIP (fr=true syn=false hasRead=true)
[2026-07-22T08:47:38.095Z] LiveUpdateForge: EndTurn fallback flush
[2026-07-22T08:47:38.095Z] onEndTurn: naturalStop=false toolCalls=12 nudgeMsg=no
[2026-07-22T08:47:38.477Z] LiveUpdateForge: AfterToolExec flush
[2026-07-22T08:47:38.568Z] InitialReadForge.onBeforeSend: SKIP (fr=true syn=false hasRead=true)
[2026-07-22T08:48:03.045Z] LiveUpdateForge: EndTurn fallback flush
[2026-07-22T08:48:03.045Z] onEndTurn: naturalStop=true toolCalls=13 nudgeMsg=no
[2026-07-22T08:49:00.641Z] ResumeDiffForge: running checkResumeConsistency
[2026-07-22T08:49:00.642Z] checkResumeConsistency: forgedTimestamps=[]
[2026-07-22T08:49:00.666Z] checkResumeConsistency: no changes detected
[2026-07-22T08:49:00.666Z] LiveUpdateForge: session reset, allowLiveUpdate = false
[2026-07-22T08:49:00.667Z] NudgeForge: ResumeComplete — restoring count from history
[2026-07-22T08:49:00.668Z] restoreNudgeCountFromHistory: found last write at idx=2475 count=13
[2026-07-22T08:49:00.808Z] LiveUpdateForge: allowLiveUpdate = true (first real BeforeSend)
[2026-07-22T08:49:00.812Z] InitialReadForge.onBeforeSend: SKIP (fr=false syn=false hasRead=true)
[2026-07-22T08:49:11.698Z] LiveUpdateForge: EndTurn fallback flush
[2026-07-22T08:49:11.699Z] onEndTurn: naturalStop=false toolCalls=13 nudgeMsg=no
[2026-07-22T08:49:12.075Z] LiveUpdateForge: AfterToolExec flush
[2026-07-22T08:49:12.174Z] InitialReadForge.onBeforeSend: SKIP (fr=true syn=false hasRead=true)
[2026-07-22T08:49:25.265Z] LiveUpdateForge: EndTurn fallback flush
[2026-07-22T08:49:25.265Z] onEndTurn: naturalStop=false toolCalls=14 nudgeMsg=no
[2026-07-22T08:49:25.286Z] LiveUpdateForge: AfterToolExec flush
[2026-07-22T08:49:25.374Z] InitialReadForge.onBeforeSend: SKIP (fr=true syn=false hasRead=true)
[2026-07-22T08:49:35.938Z] LiveUpdateForge: EndTurn fallback flush
[2026-07-22T08:49:35.939Z] onEndTurn: naturalStop=false toolCalls=15 nudgeMsg=no
[2026-07-22T08:49:35.957Z] LiveUpdateForge: AfterToolExec flush
[2026-07-22T08:49:36.055Z] InitialReadForge.onBeforeSend: SKIP (fr=true syn=false hasRead=true)
[2026-07-22T08:49:46.192Z] LiveUpdateForge: EndTurn fallback flush
[2026-07-22T08:49:46.193Z] onEndTurn: naturalStop=false toolCalls=16 nudgeMsg=no
[2026-07-22T08:49:46.560Z] LiveUpdateForge: AfterToolExec flush
[2026-07-22T08:49:46.651Z] InitialReadForge.onBeforeSend: SKIP (fr=true syn=false hasRead=true)
[2026-07-22T08:51:31.054Z] LiveUpdateForge: EndTurn fallback flush
[2026-07-22T08:51:31.055Z] onEndTurn: naturalStop=true toolCalls=17 nudgeMsg=no
[2026-07-22T08:51:48.742Z] ResumeDiffForge: running checkResumeConsistency
[2026-07-22T08:51:48.745Z] checkResumeConsistency: forgedTimestamps=[]
[2026-07-22T08:51:48.773Z] checkResumeConsistency: no changes detected
[2026-07-22T08:51:48.774Z] LiveUpdateForge: session reset, allowLiveUpdate = false
[2026-07-22T08:51:48.774Z] NudgeForge: ResumeComplete — restoring count from history
[2026-07-22T08:51:48.776Z] restoreNudgeCountFromHistory: found last write at idx=2475 count=17
[2026-07-22T08:51:48.984Z] LiveUpdateForge: allowLiveUpdate = true (first real BeforeSend)
[2026-07-22T08:51:48.989Z] InitialReadForge.onBeforeSend: SKIP (fr=false syn=false hasRead=true)
[2026-07-22T08:52:13.478Z] LiveUpdateForge: EndTurn fallback flush
[2026-07-22T08:52:13.479Z] onEndTurn: naturalStop=false toolCalls=17 nudgeMsg=no
[2026-07-22T08:52:13.526Z] LiveUpdateForge: AfterToolExec flush
[2026-07-22T08:52:13.658Z] InitialReadForge.onBeforeSend: SKIP (fr=true syn=false hasRead=true)
[2026-07-22T08:52:26.714Z] LiveUpdateForge: EndTurn fallback flush
[2026-07-22T08:52:26.715Z] onEndTurn: naturalStop=false toolCalls=18 nudgeMsg=no
[2026-07-22T08:52:26.746Z] LiveUpdateForge: AfterToolExec flush
[2026-07-22T08:52:26.845Z] InitialReadForge.onBeforeSend: SKIP (fr=true syn=false hasRead=true)
[2026-07-22T08:52:35.925Z] LiveUpdateForge: EndTurn fallback flush
[2026-07-22T08:52:35.926Z] onEndTurn: naturalStop=false toolCalls=19 nudgeMsg=no
[2026-07-22T08:52:35.955Z] LiveUpdateForge: AfterToolExec flush
[2026-07-22T08:52:36.061Z] InitialReadForge.onBeforeSend: SKIP (fr=true syn=false hasRead=true)
[2026-07-22T08:52:58.163Z] LiveUpdateForge: EndTurn fallback flush
[2026-07-22T08:52:58.163Z] onEndTurn: naturalStop=false toolCalls=20 nudgeMsg=no
[2026-07-22T08:52:58.179Z] LiveUpdateForge: AfterToolExec flush
[2026-07-22T08:52:58.263Z] InitialReadForge.onBeforeSend: SKIP (fr=true syn=false hasRead=true)
[2026-07-22T08:53:35.143Z] LiveUpdateForge: EndTurn fallback flush
[2026-07-22T08:53:35.144Z] onEndTurn: naturalStop=false toolCalls=21 nudgeMsg=no
[2026-07-22T08:53:35.372Z] LiveUpdateForge: AfterToolExec flush
[2026-07-22T08:53:35.466Z] InitialReadForge.onBeforeSend: SKIP (fr=true syn=false hasRead=true)
[2026-07-22T08:53:47.759Z] LiveUpdateForge: EndTurn fallback flush
[2026-07-22T08:53:47.760Z] onEndTurn: naturalStop=false toolCalls=22 nudgeMsg=no
[2026-07-22T08:53:47.928Z] LiveUpdateForge: AfterToolExec flush
[2026-07-22T08:53:48.034Z] InitialReadForge.onBeforeSend: SKIP (fr=true syn=false hasRead=true)
[2026-07-22T08:54:02.141Z] LiveUpdateForge: EndTurn fallback flush
[2026-07-22T08:54:02.141Z] onEndTurn: naturalStop=false toolCalls=23 nudgeMsg=no
[2026-07-22T08:54:02.322Z] LiveUpdateForge: AfterToolExec flush
[2026-07-22T08:54:02.408Z] InitialReadForge.onBeforeSend: SKIP (fr=true syn=false hasRead=true)
[2026-07-22T08:54:22.210Z] LiveUpdateForge: EndTurn fallback flush
[2026-07-22T08:54:22.211Z] onEndTurn: naturalStop=false toolCalls=24 nudgeMsg=no
[2026-07-22T08:54:22.573Z] LiveUpdateForge: AfterToolExec flush
[2026-07-22T08:54:22.664Z] InitialReadForge.onBeforeSend: SKIP (fr=true syn=false hasRead=true)
[2026-07-22T08:55:22.614Z] LiveUpdateForge: EndTurn fallback flush
[2026-07-22T08:55:22.615Z] onEndTurn: naturalStop=false toolCalls=25 nudgeMsg=no
[2026-07-22T08:55:22.797Z] LiveUpdateForge: AfterToolExec flush
[2026-07-22T08:55:22.876Z] InitialReadForge.onBeforeSend: SKIP (fr=true syn=false hasRead=true)
[2026-07-22T08:55:49.159Z] LiveUpdateForge: EndTurn fallback flush
[2026-07-22T08:55:49.160Z] onEndTurn: naturalStop=false toolCalls=26 nudgeMsg=no
[2026-07-22T08:55:49.319Z] LiveUpdateForge: AfterToolExec flush
[2026-07-22T08:55:49.452Z] InitialReadForge.onBeforeSend: SKIP (fr=true syn=false hasRead=true)
[2026-07-22T08:55:58.353Z] LiveUpdateForge: EndTurn fallback flush
[2026-07-22T08:55:58.354Z] onEndTurn: naturalStop=false toolCalls=27 nudgeMsg=no
[2026-07-22T08:55:58.375Z] LiveUpdateForge: AfterToolExec flush
[2026-07-22T08:55:58.468Z] InitialReadForge.onBeforeSend: SKIP (fr=true syn=false hasRead=true)
[2026-07-22T08:56:11.742Z] LiveUpdateForge: EndTurn fallback flush
[2026-07-22T08:56:11.743Z] onEndTurn: naturalStop=false toolCalls=28 nudgeMsg=no
[2026-07-22T08:56:11.760Z] LiveUpdateForge: AfterToolExec flush
[2026-07-22T08:56:11.842Z] InitialReadForge.onBeforeSend: SKIP (fr=true syn=false hasRead=true)
[2026-07-22T08:57:08.316Z] LiveUpdateForge: EndTurn fallback flush
[2026-07-22T08:57:08.317Z] onEndTurn: naturalStop=false toolCalls=29 nudgeMsg=no
[2026-07-22T08:57:08.682Z] LiveUpdateForge: AfterToolExec flush
[2026-07-22T08:57:08.776Z] InitialReadForge.onBeforeSend: SKIP (fr=true syn=false hasRead=true)
[2026-07-22T08:58:08.687Z] LiveUpdateForge: EndTurn fallback flush
[2026-07-22T08:58:08.688Z] onEndTurn: naturalStop=false toolCalls=30 nudgeMsg=no
[2026-07-22T08:58:09.101Z] LiveUpdateForge: AfterToolExec flush
[2026-07-22T08:58:09.297Z] InitialReadForge.onBeforeSend: SKIP (fr=true syn=false hasRead=true)
[2026-07-22T08:58:17.937Z] LiveUpdateForge: EndTurn fallback flush
[2026-07-22T08:58:17.938Z] onEndTurn: naturalStop=false toolCalls=31 nudgeMsg=no
[2026-07-22T08:58:18.119Z] LiveUpdateForge: AfterToolExec flush
[2026-07-22T08:58:18.257Z] InitialReadForge.onBeforeSend: SKIP (fr=true syn=false hasRead=true)
[2026-07-22T08:58:26.884Z] LiveUpdateForge: EndTurn fallback flush
[2026-07-22T08:58:26.884Z] onEndTurn: naturalStop=false toolCalls=32 nudgeMsg=no
[2026-07-22T08:58:27.275Z] LiveUpdateForge: AfterToolExec flush
[2026-07-22T08:58:27.385Z] InitialReadForge.onBeforeSend: SKIP (fr=true syn=false hasRead=true)
[2026-07-22T08:58:35.033Z] LiveUpdateForge: EndTurn fallback flush
[2026-07-22T08:58:35.034Z] onEndTurn: naturalStop=false toolCalls=33 nudgeMsg=no
[2026-07-22T08:58:35.051Z] LiveUpdateForge: AfterToolExec flush
[2026-07-22T08:58:35.135Z] InitialReadForge.onBeforeSend: SKIP (fr=true syn=false hasRead=true)
[2026-07-22T08:58:45.685Z] LiveUpdateForge: EndTurn fallback flush
[2026-07-22T08:58:45.686Z] onEndTurn: naturalStop=false toolCalls=34 nudgeMsg=no
[2026-07-22T08:58:45.863Z] LiveUpdateForge: AfterToolExec flush
[2026-07-22T08:58:45.955Z] InitialReadForge.onBeforeSend: SKIP (fr=true syn=false hasRead=true)
[2026-07-22T08:58:59.812Z] LiveUpdateForge: EndTurn fallback flush
[2026-07-22T08:58:59.812Z] onEndTurn: naturalStop=false toolCalls=35 nudgeMsg=no
[2026-07-22T08:59:00.129Z] LiveUpdateForge: AfterToolExec flush
[2026-07-22T08:59:00.226Z] InitialReadForge.onBeforeSend: SKIP (fr=true syn=false hasRead=true)
[2026-07-22T08:59:06.536Z] LiveUpdateForge: EndTurn fallback flush
[2026-07-22T08:59:06.536Z] onEndTurn: naturalStop=false toolCalls=36 nudgeMsg=no
[2026-07-22T08:59:10.142Z] LiveUpdateForge: AfterToolExec flush
[2026-07-22T08:59:10.281Z] InitialReadForge.onBeforeSend: SKIP (fr=true syn=false hasRead=true)
[2026-07-22T08:59:18.795Z] LiveUpdateForge: EndTurn fallback flush
[2026-07-22T08:59:18.796Z] onEndTurn: naturalStop=false toolCalls=37 nudgeMsg=no
[2026-07-22T08:59:18.929Z] LiveUpdateForge: AfterToolExec flush
[2026-07-22T08:59:19.030Z] InitialReadForge.onBeforeSend: SKIP (fr=true syn=false hasRead=true)
[2026-07-22T08:59:28.472Z] LiveUpdateForge: EndTurn fallback flush
[2026-07-22T08:59:28.473Z] onEndTurn: naturalStop=false toolCalls=38 nudgeMsg=no
[2026-07-22T08:59:28.500Z] LiveUpdateForge: AfterToolExec flush
[2026-07-22T08:59:28.612Z] InitialReadForge.onBeforeSend: SKIP (fr=true syn=false hasRead=true)
[2026-07-22T09:00:10.225Z] LiveUpdateForge: EndTurn fallback flush
[2026-07-22T09:00:10.225Z] onEndTurn: naturalStop=false toolCalls=39 nudgeMsg=no
[2026-07-22T09:00:10.418Z] LiveUpdateForge: AfterToolExec flush
[2026-07-22T09:00:10.513Z] InitialReadForge.onBeforeSend: SKIP (fr=true syn=false hasRead=true)
[2026-07-22T09:00:26.177Z] LiveUpdateForge: EndTurn fallback flush
[2026-07-22T09:00:26.179Z] onEndTurn: naturalStop=false toolCalls=40 nudgeMsg=no
[2026-07-22T09:00:28.374Z] LiveUpdateForge: AfterToolExec flush
[2026-07-22T09:00:28.511Z] InitialReadForge.onBeforeSend: SKIP (fr=true syn=false hasRead=true)
[2026-07-22T09:00:42.528Z] LiveUpdateForge: EndTurn fallback flush
[2026-07-22T09:00:42.528Z] onEndTurn: naturalStop=false toolCalls=41 nudgeMsg=no
[2026-07-22T09:00:42.565Z] LiveUpdateForge: AfterToolExec flush
[2026-07-22T09:00:42.650Z] InitialReadForge.onBeforeSend: SKIP (fr=true syn=false hasRead=true)
[2026-07-22T09:00:56.675Z] LiveUpdateForge: EndTurn fallback flush
[2026-07-22T09:00:56.676Z] onEndTurn: naturalStop=false toolCalls=42 nudgeMsg=no
[2026-07-22T09:00:56.847Z] LiveUpdateForge: AfterToolExec flush
[2026-07-22T09:00:56.937Z] InitialReadForge.onBeforeSend: SKIP (fr=true syn=false hasRead=true)
[2026-07-22T09:01:08.312Z] LiveUpdateForge: EndTurn fallback flush
[2026-07-22T09:01:08.313Z] onEndTurn: naturalStop=false toolCalls=43 nudgeMsg=no
[2026-07-22T09:01:08.677Z] LiveUpdateForge: AfterToolExec flush
[2026-07-22T09:01:08.771Z] InitialReadForge.onBeforeSend: SKIP (fr=true syn=false hasRead=true)
[2026-07-22T09:01:20.058Z] LiveUpdateForge: EndTurn fallback flush
[2026-07-22T09:01:20.058Z] onEndTurn: naturalStop=false toolCalls=44 nudgeMsg=no
[2026-07-22T09:01:20.230Z] LiveUpdateForge: AfterToolExec flush
[2026-07-22T09:01:20.323Z] InitialReadForge.onBeforeSend: SKIP (fr=true syn=false hasRead=true)
[2026-07-22T09:01:30.392Z] LiveUpdateForge: EndTurn fallback flush
[2026-07-22T09:01:30.392Z] onEndTurn: naturalStop=false toolCalls=45 nudgeMsg=no
[2026-07-22T09:01:30.593Z] LiveUpdateForge: AfterToolExec flush
[2026-07-22T09:01:30.685Z] InitialReadForge.onBeforeSend: SKIP (fr=true syn=false hasRead=true)
[2026-07-22T09:01:47.131Z] LiveUpdateForge: EndTurn fallback flush
[2026-07-22T09:01:47.132Z] onEndTurn: naturalStop=false toolCalls=46 nudgeMsg=no
[2026-07-22T09:01:47.306Z] LiveUpdateForge: AfterToolExec flush
[2026-07-22T09:01:47.394Z] InitialReadForge.onBeforeSend: SKIP (fr=true syn=false hasRead=true)
[2026-07-22T09:01:57.168Z] LiveUpdateForge: EndTurn fallback flush
[2026-07-22T09:01:57.169Z] onEndTurn: naturalStop=false toolCalls=47 nudgeMsg=no
[2026-07-22T09:02:08.559Z] LiveUpdateForge: AfterToolExec flush
[2026-07-22T09:02:08.654Z] InitialReadForge.onBeforeSend: SKIP (fr=true syn=false hasRead=true)
[2026-07-22T09:02:43.336Z] LiveUpdateForge: EndTurn fallback flush
[2026-07-22T09:02:43.336Z] onEndTurn: naturalStop=true toolCalls=48 nudgeMsg=no
[2026-07-22T09:03:22.948Z] ResumeDiffForge: running checkResumeConsistency
[2026-07-22T09:03:22.951Z] checkResumeConsistency: forgedTimestamps=[]
[2026-07-22T09:03:22.997Z] checkResumeConsistency: no changes detected
[2026-07-22T09:03:22.997Z] LiveUpdateForge: session reset, allowLiveUpdate = false
[2026-07-22T09:03:22.998Z] NudgeForge: ResumeComplete — restoring count from history
[2026-07-22T09:03:23.001Z] restoreNudgeCountFromHistory: found last write at idx=2475 count=48
[2026-07-22T09:03:23.215Z] LiveUpdateForge: allowLiveUpdate = true (first real BeforeSend)
[2026-07-22T09:03:23.218Z] InitialReadForge.onBeforeSend: SKIP (fr=false syn=false hasRead=true)
[2026-07-22T09:03:57.692Z] LiveUpdateForge: EndTurn fallback flush
[2026-07-22T09:03:57.693Z] onEndTurn: naturalStop=false toolCalls=48 nudgeMsg=no
[2026-07-22T09:03:58.278Z] LiveUpdateForge: AfterToolExec flush
[2026-07-22T09:03:58.373Z] InitialReadForge.onBeforeSend: SKIP (fr=true syn=false hasRead=true)
[2026-07-22T09:04:15.561Z] LiveUpdateForge: EndTurn fallback flush
[2026-07-22T09:04:15.562Z] onEndTurn: naturalStop=false toolCalls=49 nudgeMsg=no
[2026-07-22T09:04:15.579Z] LiveUpdateForge: AfterToolExec flush
[2026-07-22T09:04:15.676Z] InitialReadForge.onBeforeSend: SKIP (fr=true syn=false hasRead=true)
[2026-07-22T09:04:23.590Z] LiveUpdateForge: EndTurn fallback flush
[2026-07-22T09:04:23.591Z] onEndTurn: naturalStop=false toolCalls=50 nudgeMsg=no
[2026-07-22T09:04:23.607Z] LiveUpdateForge: AfterToolExec flush
[2026-07-22T09:04:23.707Z] InitialReadForge.onBeforeSend: SKIP (fr=true syn=false hasRead=true)
[2026-07-22T09:04:32.112Z] LiveUpdateForge: EndTurn fallback flush
[2026-07-22T09:04:32.112Z] onEndTurn: naturalStop=false toolCalls=51 nudgeMsg=no
[2026-07-22T09:04:32.126Z] LiveUpdateForge: AfterToolExec flush
[2026-07-22T09:04:32.221Z] InitialReadForge.onBeforeSend: SKIP (fr=true syn=false hasRead=true)
[2026-07-22T09:04:45.465Z] LiveUpdateForge: EndTurn fallback flush
[2026-07-22T09:04:45.465Z] onEndTurn: naturalStop=false toolCalls=52 nudgeMsg=no
[2026-07-22T09:04:45.827Z] LiveUpdateForge: AfterToolExec flush
[2026-07-22T09:04:45.908Z] InitialReadForge.onBeforeSend: SKIP (fr=true syn=false hasRead=true)
[2026-07-22T09:05:46.786Z] LiveUpdateForge: EndTurn fallback flush
[2026-07-22T09:05:46.787Z] onEndTurn: naturalStop=true toolCalls=0 nudgeMsg=YES
[2026-07-22T09:05:46.800Z] InitialReadForge.onBeforeSend: SKIP (fr=false syn=false hasRead=true)
[2026-07-22T09:05:57.258Z] LiveUpdateForge: EndTurn fallback flush
[2026-07-22T09:05:57.258Z] onEndTurn: naturalStop=false toolCalls=0 nudgeMsg=no
[2026-07-22T09:05:57.307Z] LiveUpdateForge: self-write on D:\unity\demo\CODELY.md, baseline aligned
[2026-07-22T09:05:57.309Z] LiveUpdateForge: AfterToolExec flush
[2026-07-22T09:05:57.396Z] InitialReadForge.onBeforeSend: SKIP (fr=true syn=false hasRead=true)
[2026-07-22T09:05:57.963Z] LiveUpdateForge: pending external change on D:\unity\demo\CODELY.md
[2026-07-22T09:06:07.688Z] LiveUpdateForge: EndTurn fallback flush
[2026-07-22T09:06:07.688Z] onEndTurn: naturalStop=false toolCalls=0 nudgeMsg=no
[2026-07-22T09:06:07.699Z] LiveUpdateForge: self-write on D:\unity\demo\CODELY.md, baseline aligned
[2026-07-22T09:06:07.700Z] LiveUpdateForge: AfterToolExec flush
[2026-07-22T09:06:07.789Z] InitialReadForge.onBeforeSend: SKIP (fr=true syn=false hasRead=true)
[2026-07-22T09:06:08.358Z] LiveUpdateForge: pending external change on D:\unity\demo\CODELY.md
[2026-07-22T09:06:16.550Z] LiveUpdateForge: EndTurn fallback flush
[2026-07-22T09:06:16.551Z] onEndTurn: naturalStop=true toolCalls=0 nudgeMsg=no
[2026-07-22T09:07:13.345Z] ResumeDiffForge: running checkResumeConsistency
[2026-07-22T09:07:13.349Z] checkResumeConsistency: forgedTimestamps=[]
[2026-07-22T09:07:13.386Z] checkResumeConsistency: no changes detected
[2026-07-22T09:07:13.390Z] LiveUpdateForge: session reset, allowLiveUpdate = false
[2026-07-22T09:07:13.392Z] NudgeForge: ResumeComplete — restoring count from history
[2026-07-22T09:07:13.406Z] restoreNudgeCountFromHistory: found last write at idx=2593 count=0
[2026-07-22T09:07:13.582Z] LiveUpdateForge: allowLiveUpdate = true (first real BeforeSend)
[2026-07-22T09:07:13.587Z] InitialReadForge.onBeforeSend: SKIP (fr=false syn=false hasRead=true)
[2026-07-22T09:07:29.372Z] LiveUpdateForge: EndTurn fallback flush
[2026-07-22T09:07:29.372Z] onEndTurn: naturalStop=false toolCalls=0 nudgeMsg=no
[2026-07-22T09:07:29.779Z] LiveUpdateForge: AfterToolExec flush
[2026-07-22T09:07:29.880Z] InitialReadForge.onBeforeSend: SKIP (fr=true syn=false hasRead=true)
[2026-07-22T09:07:46.829Z] LiveUpdateForge: EndTurn fallback flush
[2026-07-22T09:07:46.829Z] onEndTurn: naturalStop=false toolCalls=1 nudgeMsg=no
[2026-07-22T09:07:47.016Z] LiveUpdateForge: AfterToolExec flush
[2026-07-22T09:07:47.090Z] InitialReadForge.onBeforeSend: SKIP (fr=true syn=false hasRead=true)
[2026-07-22T09:08:22.092Z] LiveUpdateForge: EndTurn fallback flush
[2026-07-22T09:08:22.093Z] onEndTurn: naturalStop=false toolCalls=2 nudgeMsg=no
[2026-07-22T09:08:22.392Z] LiveUpdateForge: AfterToolExec flush
[2026-07-22T09:08:22.485Z] InitialReadForge.onBeforeSend: SKIP (fr=true syn=false hasRead=true)
[2026-07-22T09:09:13.870Z] LiveUpdateForge: EndTurn fallback flush
[2026-07-22T09:09:13.871Z] onEndTurn: naturalStop=false toolCalls=3 nudgeMsg=no
[2026-07-22T09:09:14.147Z] LiveUpdateForge: AfterToolExec flush
[2026-07-22T09:09:14.231Z] InitialReadForge.onBeforeSend: SKIP (fr=true syn=false hasRead=true)
[2026-07-22T09:09:54.361Z] LiveUpdateForge: EndTurn fallback flush
[2026-07-22T09:09:54.361Z] onEndTurn: naturalStop=false toolCalls=4 nudgeMsg=no
[2026-07-22T09:09:54.380Z] LiveUpdateForge: AfterToolExec flush
[2026-07-22T09:09:54.475Z] InitialReadForge.onBeforeSend: SKIP (fr=true syn=false hasRead=true)
[2026-07-22T09:10:07.565Z] LiveUpdateForge: EndTurn fallback flush
[2026-07-22T09:10:07.565Z] onEndTurn: naturalStop=false toolCalls=5 nudgeMsg=no
[2026-07-22T09:10:07.741Z] LiveUpdateForge: AfterToolExec flush
[2026-07-22T09:10:07.825Z] InitialReadForge.onBeforeSend: SKIP (fr=true syn=false hasRead=true)
[2026-07-22T09:10:16.620Z] LiveUpdateForge: EndTurn fallback flush
[2026-07-22T09:10:16.621Z] onEndTurn: naturalStop=false toolCalls=6 nudgeMsg=no
[2026-07-22T09:10:16.952Z] LiveUpdateForge: AfterToolExec flush
[2026-07-22T09:10:17.070Z] InitialReadForge.onBeforeSend: SKIP (fr=true syn=false hasRead=true)
[2026-07-22T09:10:25.553Z] LiveUpdateForge: EndTurn fallback flush
[2026-07-22T09:10:25.553Z] onEndTurn: naturalStop=false toolCalls=7 nudgeMsg=no
[2026-07-22T09:10:25.568Z] LiveUpdateForge: AfterToolExec flush
[2026-07-22T09:10:25.662Z] InitialReadForge.onBeforeSend: SKIP (fr=true syn=false hasRead=true)
[2026-07-22T09:10:43.409Z] LiveUpdateForge: EndTurn fallback flush
[2026-07-22T09:10:43.409Z] onEndTurn: naturalStop=false toolCalls=8 nudgeMsg=no
[2026-07-22T09:10:43.667Z] LiveUpdateForge: AfterToolExec flush
[2026-07-22T09:10:43.758Z] InitialReadForge.onBeforeSend: SKIP (fr=true syn=false hasRead=true)
[2026-07-22T09:10:54.230Z] LiveUpdateForge: EndTurn fallback flush
[2026-07-22T09:10:54.231Z] onEndTurn: naturalStop=false toolCalls=9 nudgeMsg=no
[2026-07-22T09:10:54.593Z] LiveUpdateForge: AfterToolExec flush
[2026-07-22T09:10:54.680Z] InitialReadForge.onBeforeSend: SKIP (fr=true syn=false hasRead=true)
[2026-07-22T09:11:02.885Z] LiveUpdateForge: EndTurn fallback flush
[2026-07-22T09:11:02.886Z] onEndTurn: naturalStop=false toolCalls=10 nudgeMsg=no
[2026-07-22T09:11:02.905Z] LiveUpdateForge: AfterToolExec flush
[2026-07-22T09:11:02.995Z] InitialReadForge.onBeforeSend: SKIP (fr=true syn=false hasRead=true)
[2026-07-22T09:11:13.058Z] LiveUpdateForge: EndTurn fallback flush
[2026-07-22T09:11:13.059Z] onEndTurn: naturalStop=false toolCalls=11 nudgeMsg=no
[2026-07-22T09:11:13.147Z] LiveUpdateForge: AfterToolExec flush
[2026-07-22T09:11:13.234Z] InitialReadForge.onBeforeSend: SKIP (fr=true syn=false hasRead=true)
[2026-07-22T09:11:26.749Z] LiveUpdateForge: EndTurn fallback flush
[2026-07-22T09:11:26.750Z] onEndTurn: naturalStop=false toolCalls=12 nudgeMsg=no
[2026-07-22T09:11:27.120Z] LiveUpdateForge: AfterToolExec flush
[2026-07-22T09:11:27.218Z] InitialReadForge.onBeforeSend: SKIP (fr=true syn=false hasRead=true)
[2026-07-22T09:11:35.343Z] LiveUpdateForge: EndTurn fallback flush
[2026-07-22T09:11:35.343Z] onEndTurn: naturalStop=false toolCalls=13 nudgeMsg=no
[2026-07-22T09:11:35.358Z] LiveUpdateForge: AfterToolExec flush
[2026-07-22T09:11:35.441Z] InitialReadForge.onBeforeSend: SKIP (fr=true syn=false hasRead=true)
[2026-07-22T09:11:47.061Z] LiveUpdateForge: EndTurn fallback flush
[2026-07-22T09:11:47.061Z] onEndTurn: naturalStop=false toolCalls=14 nudgeMsg=no
[2026-07-22T09:11:47.307Z] LiveUpdateForge: AfterToolExec flush
[2026-07-22T09:11:47.389Z] InitialReadForge.onBeforeSend: SKIP (fr=true syn=false hasRead=true)
[2026-07-22T09:11:57.358Z] LiveUpdateForge: EndTurn fallback flush
[2026-07-22T09:11:57.359Z] onEndTurn: naturalStop=false toolCalls=15 nudgeMsg=no
[2026-07-22T09:11:57.400Z] LiveUpdateForge: AfterToolExec flush
[2026-07-22T09:11:57.490Z] InitialReadForge.onBeforeSend: SKIP (fr=true syn=false hasRead=true)
[2026-07-22T09:12:06.967Z] LiveUpdateForge: EndTurn fallback flush
[2026-07-22T09:12:06.967Z] onEndTurn: naturalStop=false toolCalls=16 nudgeMsg=no
[2026-07-22T09:12:16.702Z] LiveUpdateForge: AfterToolExec flush
[2026-07-22T09:12:16.869Z] InitialReadForge.onBeforeSend: SKIP (fr=true syn=false hasRead=true)
[2026-07-22T09:12:25.572Z] LiveUpdateForge: EndTurn fallback flush
[2026-07-22T09:12:25.572Z] onEndTurn: naturalStop=false toolCalls=17 nudgeMsg=no
[2026-07-22T09:12:25.678Z] LiveUpdateForge: AfterToolExec flush
[2026-07-22T09:12:25.752Z] InitialReadForge.onBeforeSend: SKIP (fr=true syn=false hasRead=true)
[2026-07-22T09:12:42.730Z] LiveUpdateForge: EndTurn fallback flush
[2026-07-22T09:12:42.730Z] onEndTurn: naturalStop=false toolCalls=18 nudgeMsg=no
[2026-07-22T09:12:42.893Z] LiveUpdateForge: AfterToolExec flush
[2026-07-22T09:12:42.982Z] InitialReadForge.onBeforeSend: SKIP (fr=true syn=false hasRead=true)
[2026-07-22T09:13:01.068Z] LiveUpdateForge: EndTurn fallback flush
[2026-07-22T09:13:01.069Z] onEndTurn: naturalStop=false toolCalls=19 nudgeMsg=no
[2026-07-22T09:13:01.093Z] LiveUpdateForge: AfterToolExec flush
[2026-07-22T09:13:01.201Z] InitialReadForge.onBeforeSend: SKIP (fr=true syn=false hasRead=true)
[2026-07-22T09:13:11.904Z] LiveUpdateForge: EndTurn fallback flush
[2026-07-22T09:13:11.905Z] onEndTurn: naturalStop=false toolCalls=20 nudgeMsg=no
[2026-07-22T09:13:11.922Z] LiveUpdateForge: AfterToolExec flush
[2026-07-22T09:13:12.006Z] InitialReadForge.onBeforeSend: SKIP (fr=true syn=false hasRead=true)
[2026-07-22T09:13:26.609Z] LiveUpdateForge: EndTurn fallback flush
[2026-07-22T09:13:26.610Z] onEndTurn: naturalStop=false toolCalls=21 nudgeMsg=no
[2026-07-22T09:13:26.794Z] LiveUpdateForge: AfterToolExec flush
[2026-07-22T09:13:26.888Z] InitialReadForge.onBeforeSend: SKIP (fr=true syn=false hasRead=true)
[2026-07-22T09:13:42.808Z] LiveUpdateForge: EndTurn fallback flush
[2026-07-22T09:13:42.808Z] onEndTurn: naturalStop=false toolCalls=22 nudgeMsg=no
[2026-07-22T09:13:43.165Z] LiveUpdateForge: AfterToolExec flush
[2026-07-22T09:13:43.270Z] InitialReadForge.onBeforeSend: SKIP (fr=true syn=false hasRead=true)
[2026-07-22T09:13:51.176Z] LiveUpdateForge: EndTurn fallback flush
[2026-07-22T09:13:51.177Z] onEndTurn: naturalStop=false toolCalls=23 nudgeMsg=no
[2026-07-22T09:13:51.194Z] LiveUpdateForge: AfterToolExec flush
[2026-07-22T09:13:51.284Z] InitialReadForge.onBeforeSend: SKIP (fr=true syn=false hasRead=true)
[2026-07-22T09:14:00.915Z] LiveUpdateForge: EndTurn fallback flush
[2026-07-22T09:14:00.916Z] onEndTurn: naturalStop=false toolCalls=24 nudgeMsg=no
[2026-07-22T09:14:01.043Z] LiveUpdateForge: AfterToolExec flush
[2026-07-22T09:14:01.133Z] InitialReadForge.onBeforeSend: SKIP (fr=true syn=false hasRead=true)
[2026-07-22T09:14:11.496Z] LiveUpdateForge: EndTurn fallback flush
[2026-07-22T09:14:11.497Z] onEndTurn: naturalStop=false toolCalls=25 nudgeMsg=no
[2026-07-22T09:14:11.674Z] LiveUpdateForge: AfterToolExec flush
[2026-07-22T09:14:11.750Z] InitialReadForge.onBeforeSend: SKIP (fr=true syn=false hasRead=true)
[2026-07-22T09:14:20.401Z] LiveUpdateForge: EndTurn fallback flush
[2026-07-22T09:14:20.401Z] onEndTurn: naturalStop=false toolCalls=26 nudgeMsg=no
[2026-07-22T09:14:30.939Z] LiveUpdateForge: AfterToolExec flush
[2026-07-22T09:14:31.036Z] InitialReadForge.onBeforeSend: SKIP (fr=true syn=false hasRead=true)
[2026-07-22T09:14:41.623Z] LiveUpdateForge: EndTurn fallback flush
[2026-07-22T09:14:41.624Z] onEndTurn: naturalStop=false toolCalls=27 nudgeMsg=no
[2026-07-22T09:14:41.824Z] LiveUpdateForge: AfterToolExec flush
[2026-07-22T09:14:41.905Z] InitialReadForge.onBeforeSend: SKIP (fr=true syn=false hasRead=true)
[2026-07-22T09:15:00.219Z] LiveUpdateForge: EndTurn fallback flush
[2026-07-22T09:15:00.220Z] onEndTurn: naturalStop=true toolCalls=28 nudgeMsg=no
[2026-07-22T09:22:35.246Z] MemoryForge: attached 5 listener(s)
[2026-07-22T09:22:35.247Z] InitialReadForge: armed one-shot BeforeSend after NewSessionStart
[2026-07-22T09:22:35.248Z] LiveUpdateForge: session reset, allowLiveUpdate = false
[2026-07-22T09:25:16.825Z] LiveUpdateForge: session reset, allowLiveUpdate = false
[2026-07-22T09:25:17.176Z] ResumeDiffForge: running checkResumeConsistency
[2026-07-22T09:25:17.192Z] checkResumeConsistency: forgedTimestamps=[]
[2026-07-22T09:25:17.338Z] checkResumeConsistency: no changes detected
[2026-07-22T09:25:17.339Z] LiveUpdateForge: session reset, allowLiveUpdate = false
[2026-07-22T09:25:17.340Z] NudgeForge: ResumeComplete — restoring count from history
[2026-07-22T09:25:17.342Z] restoreNudgeCountFromHistory: found last write at idx=2593 count=28
[2026-07-22T09:25:22.383Z] ResumeDiffForge: running checkResumeConsistency
[2026-07-22T09:25:22.385Z] checkResumeConsistency: forgedTimestamps=[]
[2026-07-22T09:25:22.413Z] checkResumeConsistency: no changes detected
[2026-07-22T09:25:22.414Z] LiveUpdateForge: session reset, allowLiveUpdate = false
[2026-07-22T09:25:22.415Z] NudgeForge: ResumeComplete — restoring count from history
[2026-07-22T09:25:22.417Z] restoreNudgeCountFromHistory: found last write at idx=2593 count=28
[2026-07-22T09:25:23.125Z] ResumeDiffForge: running checkResumeConsistency
[2026-07-22T09:25:23.128Z] checkResumeConsistency: forgedTimestamps=[]
[2026-07-22T09:25:23.164Z] checkResumeConsistency: no changes detected
[2026-07-22T09:25:23.165Z] LiveUpdateForge: session reset, allowLiveUpdate = false
[2026-07-22T09:25:23.166Z] NudgeForge: ResumeComplete — restoring count from history
[2026-07-22T09:25:23.182Z] restoreNudgeCountFromHistory: found last write at idx=2593 count=28
[2026-07-22T09:25:23.544Z] MemoryForge: attached 5 listener(s)
[2026-07-22T09:25:23.546Z] InitialReadForge: armed one-shot BeforeSend after NewSessionStart
[2026-07-22T09:25:23.547Z] LiveUpdateForge: session reset, allowLiveUpdate = false
[2026-07-22T09:25:23.596Z] MemoryForge: detached all listeners
[2026-07-22T09:25:23.636Z] ResumeDiffForge: running checkResumeConsistency
[2026-07-22T09:25:23.637Z] checkResumeConsistency: forgedTimestamps=[]
[2026-07-22T09:25:23.782Z] checkResumeConsistency: no changes detected
[2026-07-22T09:25:23.783Z] LiveUpdateForge: session reset, allowLiveUpdate = false
[2026-07-22T09:25:23.783Z] NudgeForge: ResumeComplete — restoring count from history
[2026-07-22T09:25:23.785Z] restoreNudgeCountFromHistory: found last write at idx=2593 count=28
[2026-07-22T09:25:23.877Z] LiveUpdateForge: allowLiveUpdate = true (first real BeforeSend)
[2026-07-22T09:25:23.882Z] InitialReadForge.onBeforeSend: SKIP (fr=false syn=false hasRead=true)
[2026-07-22T09:26:05.292Z] LiveUpdateForge: EndTurn fallback flush
[2026-07-22T09:26:05.293Z] onEndTurn: naturalStop=false toolCalls=28 nudgeMsg=no
[2026-07-22T09:26:05.477Z] LiveUpdateForge: AfterToolExec flush
[2026-07-22T09:26:05.575Z] InitialReadForge.onBeforeSend: SKIP (fr=true syn=false hasRead=true)
[2026-07-22T09:26:19.116Z] LiveUpdateForge: EndTurn fallback flush
[2026-07-22T09:26:19.117Z] onEndTurn: naturalStop=false toolCalls=29 nudgeMsg=no
[2026-07-22T09:26:19.146Z] LiveUpdateForge: AfterToolExec flush
[2026-07-22T09:26:19.260Z] InitialReadForge.onBeforeSend: SKIP (fr=true syn=false hasRead=true)
[2026-07-22T09:26:36.523Z] LiveUpdateForge: EndTurn fallback flush
[2026-07-22T09:26:36.524Z] onEndTurn: naturalStop=false toolCalls=30 nudgeMsg=no
[2026-07-22T09:26:36.545Z] LiveUpdateForge: AfterToolExec flush
[2026-07-22T09:26:36.669Z] InitialReadForge.onBeforeSend: SKIP (fr=true syn=false hasRead=true)
[2026-07-22T09:26:55.946Z] LiveUpdateForge: EndTurn fallback flush
[2026-07-22T09:26:55.947Z] onEndTurn: naturalStop=false toolCalls=31 nudgeMsg=no
[2026-07-22T09:26:56.384Z] LiveUpdateForge: AfterToolExec flush
[2026-07-22T09:26:56.505Z] InitialReadForge.onBeforeSend: SKIP (fr=true syn=false hasRead=true)
[2026-07-22T09:27:08.159Z] LiveUpdateForge: EndTurn fallback flush
[2026-07-22T09:27:08.160Z] onEndTurn: naturalStop=false toolCalls=32 nudgeMsg=no
[2026-07-22T09:27:08.180Z] LiveUpdateForge: AfterToolExec flush
[2026-07-22T09:27:08.289Z] InitialReadForge.onBeforeSend: SKIP (fr=true syn=false hasRead=true)
[2026-07-22T09:27:18.724Z] LiveUpdateForge: EndTurn fallback flush
[2026-07-22T09:27:18.725Z] onEndTurn: naturalStop=false toolCalls=33 nudgeMsg=no
[2026-07-22T09:27:18.786Z] LiveUpdateForge: AfterToolExec flush
[2026-07-22T09:27:18.913Z] InitialReadForge.onBeforeSend: SKIP (fr=true syn=false hasRead=true)
[2026-07-22T09:27:30.019Z] LiveUpdateForge: EndTurn fallback flush
[2026-07-22T09:27:30.020Z] onEndTurn: naturalStop=false toolCalls=34 nudgeMsg=no
[2026-07-22T09:27:30.043Z] LiveUpdateForge: AfterToolExec flush
[2026-07-22T09:27:30.174Z] InitialReadForge.onBeforeSend: SKIP (fr=true syn=false hasRead=true)
[2026-07-22T09:27:46.724Z] LiveUpdateForge: EndTurn fallback flush
[2026-07-22T09:27:46.725Z] onEndTurn: naturalStop=false toolCalls=35 nudgeMsg=no
[2026-07-22T09:27:46.852Z] LiveUpdateForge: AfterToolExec flush
[2026-07-22T09:27:46.958Z] InitialReadForge.onBeforeSend: SKIP (fr=true syn=false hasRead=true)
[2026-07-22T09:28:18.453Z] LiveUpdateForge: EndTurn fallback flush
[2026-07-22T09:28:18.454Z] onEndTurn: naturalStop=false toolCalls=36 nudgeMsg=no
[2026-07-22T09:28:18.568Z] LiveUpdateForge: AfterToolExec flush
[2026-07-22T09:28:18.678Z] InitialReadForge.onBeforeSend: SKIP (fr=true syn=false hasRead=true)
[2026-07-22T09:28:30.909Z] LiveUpdateForge: EndTurn fallback flush
[2026-07-22T09:28:30.910Z] onEndTurn: naturalStop=false toolCalls=37 nudgeMsg=no
[2026-07-22T09:28:30.940Z] LiveUpdateForge: AfterToolExec flush
[2026-07-22T09:28:31.058Z] InitialReadForge.onBeforeSend: SKIP (fr=true syn=false hasRead=true)
[2026-07-22T09:28:39.112Z] LiveUpdateForge: EndTurn fallback flush
[2026-07-22T09:28:39.113Z] onEndTurn: naturalStop=false toolCalls=38 nudgeMsg=no
[2026-07-22T09:28:39.196Z] LiveUpdateForge: AfterToolExec flush
[2026-07-22T09:28:39.336Z] InitialReadForge.onBeforeSend: SKIP (fr=true syn=false hasRead=true)
[2026-07-22T09:28:49.610Z] LiveUpdateForge: EndTurn fallback flush
[2026-07-22T09:28:49.611Z] onEndTurn: naturalStop=false toolCalls=39 nudgeMsg=no
[2026-07-22T09:28:50.186Z] LiveUpdateForge: AfterToolExec flush
[2026-07-22T09:28:50.285Z] InitialReadForge.onBeforeSend: SKIP (fr=true syn=false hasRead=true)
[2026-07-22T09:29:08.528Z] LiveUpdateForge: EndTurn fallback flush
[2026-07-22T09:29:08.528Z] onEndTurn: naturalStop=false toolCalls=40 nudgeMsg=no
[2026-07-22T09:29:08.833Z] LiveUpdateForge: AfterToolExec flush
[2026-07-22T09:29:08.934Z] InitialReadForge.onBeforeSend: SKIP (fr=true syn=false hasRead=true)
[2026-07-22T09:29:17.492Z] LiveUpdateForge: EndTurn fallback flush
[2026-07-22T09:29:17.493Z] onEndTurn: naturalStop=false toolCalls=41 nudgeMsg=no
[2026-07-22T09:29:19.656Z] LiveUpdateForge: AfterToolExec flush
[2026-07-22T09:29:19.763Z] InitialReadForge.onBeforeSend: SKIP (fr=true syn=false hasRead=true)
[2026-07-22T09:29:34.664Z] LiveUpdateForge: EndTurn fallback flush
[2026-07-22T09:29:34.665Z] onEndTurn: naturalStop=false toolCalls=42 nudgeMsg=no
[2026-07-22T09:30:08.323Z] LiveUpdateForge: AfterToolExec flush
[2026-07-22T09:30:08.421Z] InitialReadForge.onBeforeSend: SKIP (fr=true syn=false hasRead=true)
[2026-07-22T09:30:19.464Z] LiveUpdateForge: EndTurn fallback flush
[2026-07-22T09:30:19.465Z] onEndTurn: naturalStop=true toolCalls=43 nudgeMsg=no
[2026-07-22T09:35:03.637Z] ResumeDiffForge: running checkResumeConsistency
[2026-07-22T09:35:03.640Z] checkResumeConsistency: forgedTimestamps=[]
[2026-07-22T09:35:03.677Z] checkResumeConsistency: no changes detected
[2026-07-22T09:35:03.678Z] LiveUpdateForge: session reset, allowLiveUpdate = false
[2026-07-22T09:35:03.678Z] NudgeForge: ResumeComplete — restoring count from history
[2026-07-22T09:35:03.680Z] restoreNudgeCountFromHistory: found last write at idx=2593 count=43
[2026-07-22T09:35:03.898Z] LiveUpdateForge: allowLiveUpdate = true (first real BeforeSend)
[2026-07-22T09:35:03.902Z] InitialReadForge.onBeforeSend: SKIP (fr=false syn=false hasRead=true)
[2026-07-22T09:35:21.924Z] LiveUpdateForge: EndTurn fallback flush
[2026-07-22T09:35:21.924Z] onEndTurn: naturalStop=false toolCalls=43 nudgeMsg=no
[2026-07-22T09:35:22.111Z] InitialReadForge.onBeforeSend: SKIP (fr=true syn=false hasRead=true)
[2026-07-22T09:35:36.262Z] LiveUpdateForge: EndTurn fallback flush
[2026-07-22T09:35:36.263Z] onEndTurn: naturalStop=false toolCalls=43 nudgeMsg=no
[2026-07-22T09:35:44.481Z] LiveUpdateForge: AfterToolExec flush
[2026-07-22T09:35:44.579Z] InitialReadForge.onBeforeSend: SKIP (fr=true syn=false hasRead=true)
[2026-07-22T09:35:56.978Z] LiveUpdateForge: EndTurn fallback flush
[2026-07-22T09:35:56.979Z] onEndTurn: naturalStop=false toolCalls=44 nudgeMsg=no
[2026-07-22T09:35:56.998Z] LiveUpdateForge: AfterToolExec flush
[2026-07-22T09:35:57.129Z] InitialReadForge.onBeforeSend: SKIP (fr=true syn=false hasRead=true)
[2026-07-22T09:36:09.905Z] LiveUpdateForge: EndTurn fallback flush
[2026-07-22T09:36:09.905Z] onEndTurn: naturalStop=false toolCalls=45 nudgeMsg=no
[2026-07-22T09:36:10.167Z] LiveUpdateForge: AfterToolExec flush
[2026-07-22T09:36:10.269Z] InitialReadForge.onBeforeSend: SKIP (fr=true syn=false hasRead=true)
[2026-07-22T09:36:29.279Z] LiveUpdateForge: EndTurn fallback flush
[2026-07-22T09:36:29.279Z] onEndTurn: naturalStop=false toolCalls=46 nudgeMsg=no
[2026-07-22T09:36:29.919Z] LiveUpdateForge: AfterToolExec flush
[2026-07-22T09:36:30.058Z] InitialReadForge.onBeforeSend: SKIP (fr=true syn=false hasRead=true)
[2026-07-22T09:36:52.056Z] LiveUpdateForge: EndTurn fallback flush
[2026-07-22T09:36:52.057Z] onEndTurn: naturalStop=false toolCalls=47 nudgeMsg=no
[2026-07-22T09:36:52.306Z] LiveUpdateForge: AfterToolExec flush
[2026-07-22T09:36:52.426Z] InitialReadForge.onBeforeSend: SKIP (fr=true syn=false hasRead=true)
[2026-07-22T09:37:01.678Z] LiveUpdateForge: EndTurn fallback flush
[2026-07-22T09:37:01.679Z] onEndTurn: naturalStop=false toolCalls=48 nudgeMsg=no
[2026-07-22T09:37:02.158Z] LiveUpdateForge: AfterToolExec flush
[2026-07-22T09:37:02.275Z] InitialReadForge.onBeforeSend: SKIP (fr=true syn=false hasRead=true)
[2026-07-22T09:37:20.214Z] LiveUpdateForge: EndTurn fallback flush
[2026-07-22T09:37:20.214Z] onEndTurn: naturalStop=false toolCalls=49 nudgeMsg=no
[2026-07-22T09:37:20.240Z] LiveUpdateForge: AfterToolExec flush
[2026-07-22T09:37:20.351Z] InitialReadForge.onBeforeSend: SKIP (fr=true syn=false hasRead=true)
[2026-07-22T09:37:46.747Z] LiveUpdateForge: EndTurn fallback flush
[2026-07-22T09:37:46.748Z] onEndTurn: naturalStop=false toolCalls=50 nudgeMsg=no
[2026-07-22T09:37:46.877Z] LiveUpdateForge: AfterToolExec flush
[2026-07-22T09:37:47.001Z] InitialReadForge.onBeforeSend: SKIP (fr=true syn=false hasRead=true)
[2026-07-22T09:37:58.333Z] LiveUpdateForge: EndTurn fallback flush
[2026-07-22T09:37:58.334Z] onEndTurn: naturalStop=false toolCalls=51 nudgeMsg=no
[2026-07-22T09:37:58.347Z] LiveUpdateForge: AfterToolExec flush
[2026-07-22T09:37:58.467Z] InitialReadForge.onBeforeSend: SKIP (fr=true syn=false hasRead=true)
[2026-07-22T09:38:07.375Z] LiveUpdateForge: EndTurn fallback flush
[2026-07-22T09:38:07.376Z] onEndTurn: naturalStop=false toolCalls=52 nudgeMsg=no
[2026-07-22T09:38:07.588Z] LiveUpdateForge: AfterToolExec flush
[2026-07-22T09:38:07.721Z] InitialReadForge.onBeforeSend: SKIP (fr=true syn=false hasRead=true)
[2026-07-22T09:38:19.276Z] LiveUpdateForge: EndTurn fallback flush
[2026-07-22T09:38:19.277Z] onEndTurn: naturalStop=false toolCalls=53 nudgeMsg=no
[2026-07-22T09:38:19.380Z] LiveUpdateForge: AfterToolExec flush
[2026-07-22T09:38:19.503Z] InitialReadForge.onBeforeSend: SKIP (fr=true syn=false hasRead=true)
[2026-07-22T09:38:29.919Z] LiveUpdateForge: EndTurn fallback flush
[2026-07-22T09:38:29.920Z] onEndTurn: naturalStop=false toolCalls=54 nudgeMsg=no
[2026-07-22T09:38:30.065Z] LiveUpdateForge: AfterToolExec flush
[2026-07-22T09:38:30.197Z] InitialReadForge.onBeforeSend: SKIP (fr=true syn=false hasRead=true)
[2026-07-22T09:38:41.606Z] LiveUpdateForge: EndTurn fallback flush
[2026-07-22T09:38:41.607Z] onEndTurn: naturalStop=false toolCalls=55 nudgeMsg=no
[2026-07-22T09:38:41.810Z] LiveUpdateForge: AfterToolExec flush
[2026-07-22T09:38:41.945Z] InitialReadForge.onBeforeSend: SKIP (fr=true syn=false hasRead=true)
[2026-07-22T09:38:48.978Z] LiveUpdateForge: EndTurn fallback flush
[2026-07-22T09:38:48.979Z] onEndTurn: naturalStop=false toolCalls=56 nudgeMsg=no
[2026-07-22T09:38:49.002Z] LiveUpdateForge: AfterToolExec flush
[2026-07-22T09:38:49.130Z] InitialReadForge.onBeforeSend: SKIP (fr=true syn=false hasRead=true)
[2026-07-22T09:38:59.783Z] LiveUpdateForge: EndTurn fallback flush
[2026-07-22T09:38:59.784Z] onEndTurn: naturalStop=false toolCalls=57 nudgeMsg=no
[2026-07-22T09:38:59.893Z] LiveUpdateForge: AfterToolExec flush
[2026-07-22T09:39:00.013Z] InitialReadForge.onBeforeSend: SKIP (fr=true syn=false hasRead=true)
[2026-07-22T09:39:09.300Z] LiveUpdateForge: EndTurn fallback flush
[2026-07-22T09:39:09.301Z] onEndTurn: naturalStop=false toolCalls=58 nudgeMsg=no
[2026-07-22T09:39:09.314Z] LiveUpdateForge: AfterToolExec flush
[2026-07-22T09:39:09.447Z] InitialReadForge.onBeforeSend: SKIP (fr=true syn=false hasRead=true)
[2026-07-22T09:39:20.269Z] LiveUpdateForge: EndTurn fallback flush
[2026-07-22T09:39:20.269Z] onEndTurn: naturalStop=false toolCalls=59 nudgeMsg=no
[2026-07-22T09:39:20.292Z] LiveUpdateForge: AfterToolExec flush
[2026-07-22T09:39:20.405Z] InitialReadForge.onBeforeSend: SKIP (fr=true syn=false hasRead=true)
[2026-07-22T09:39:29.321Z] LiveUpdateForge: EndTurn fallback flush
[2026-07-22T09:39:29.322Z] onEndTurn: naturalStop=false toolCalls=60 nudgeMsg=no
[2026-07-22T09:39:29.536Z] LiveUpdateForge: AfterToolExec flush
[2026-07-22T09:39:29.656Z] InitialReadForge.onBeforeSend: SKIP (fr=true syn=false hasRead=true)
[2026-07-22T09:39:38.820Z] LiveUpdateForge: EndTurn fallback flush
[2026-07-22T09:39:38.821Z] onEndTurn: naturalStop=false toolCalls=61 nudgeMsg=no
[2026-07-22T09:39:39.547Z] LiveUpdateForge: AfterToolExec flush
[2026-07-22T09:39:39.693Z] InitialReadForge.onBeforeSend: SKIP (fr=true syn=false hasRead=true)
[2026-07-22T09:39:47.876Z] LiveUpdateForge: EndTurn fallback flush
[2026-07-22T09:39:47.876Z] onEndTurn: naturalStop=false toolCalls=62 nudgeMsg=no
[2026-07-22T09:39:48.598Z] LiveUpdateForge: AfterToolExec flush
[2026-07-22T09:39:48.725Z] InitialReadForge.onBeforeSend: SKIP (fr=true syn=false hasRead=true)
[2026-07-22T09:39:57.340Z] LiveUpdateForge: EndTurn fallback flush
[2026-07-22T09:39:57.341Z] onEndTurn: naturalStop=false toolCalls=63 nudgeMsg=no
[2026-07-22T09:39:57.440Z] LiveUpdateForge: AfterToolExec flush
[2026-07-22T09:39:57.563Z] InitialReadForge.onBeforeSend: SKIP (fr=true syn=false hasRead=true)
[2026-07-22T09:40:06.889Z] LiveUpdateForge: EndTurn fallback flush
[2026-07-22T09:40:06.890Z] onEndTurn: naturalStop=false toolCalls=64 nudgeMsg=no
[2026-07-22T09:40:07.935Z] LiveUpdateForge: AfterToolExec flush
[2026-07-22T09:40:08.036Z] InitialReadForge.onBeforeSend: SKIP (fr=true syn=false hasRead=true)
[2026-07-22T09:40:17.785Z] LiveUpdateForge: EndTurn fallback flush
[2026-07-22T09:40:17.786Z] onEndTurn: naturalStop=false toolCalls=65 nudgeMsg=no
[2026-07-22T09:40:31.644Z] LiveUpdateForge: AfterToolExec flush
[2026-07-22T09:40:31.747Z] InitialReadForge.onBeforeSend: SKIP (fr=true syn=false hasRead=true)
[2026-07-22T09:40:47.014Z] LiveUpdateForge: EndTurn fallback flush
[2026-07-22T09:40:47.015Z] onEndTurn: naturalStop=true toolCalls=0 nudgeMsg=YES
[2026-07-22T09:40:47.028Z] InitialReadForge.onBeforeSend: SKIP (fr=false syn=false hasRead=true)
[2026-07-22T09:41:34.352Z] LiveUpdateForge: EndTurn fallback flush
[2026-07-22T09:41:34.353Z] onEndTurn: naturalStop=false toolCalls=0 nudgeMsg=no
[2026-07-22T09:41:34.424Z] LiveUpdateForge: self-write on D:\unity\demo\CODELY.md, baseline aligned
[2026-07-22T09:41:34.425Z] LiveUpdateForge: AfterToolExec flush
[2026-07-22T09:41:34.508Z] InitialReadForge.onBeforeSend: SKIP (fr=true syn=false hasRead=true)
[2026-07-22T09:41:35.093Z] LiveUpdateForge: pending external change on D:\unity\demo\CODELY.md
[2026-07-22T09:41:47.121Z] LiveUpdateForge: EndTurn fallback flush
[2026-07-22T09:41:47.122Z] onEndTurn: naturalStop=false toolCalls=0 nudgeMsg=no
[2026-07-22T09:41:47.147Z] LiveUpdateForge: self-write on D:\unity\demo\CODELY.md, baseline aligned
[2026-07-22T09:41:47.149Z] LiveUpdateForge: AfterToolExec flush
[2026-07-22T09:41:47.248Z] InitialReadForge.onBeforeSend: SKIP (fr=true syn=false hasRead=true)
[2026-07-22T09:41:47.824Z] LiveUpdateForge: pending external change on D:\unity\demo\CODELY.md
[2026-07-22T09:41:57.838Z] LiveUpdateForge: EndTurn fallback flush
[2026-07-22T09:41:57.838Z] onEndTurn: naturalStop=false toolCalls=0 nudgeMsg=no
[2026-07-22T09:41:57.856Z] LiveUpdateForge: self-write on D:\unity\demo\CODELY.md, baseline aligned
[2026-07-22T09:41:57.857Z] LiveUpdateForge: AfterToolExec flush
[2026-07-22T09:41:57.947Z] InitialReadForge.onBeforeSend: SKIP (fr=true syn=false hasRead=true)
[2026-07-22T09:41:58.519Z] LiveUpdateForge: pending external change on D:\unity\demo\CODELY.md
[2026-07-22T09:42:04.632Z] LiveUpdateForge: EndTurn fallback flush
[2026-07-22T09:42:04.633Z] onEndTurn: naturalStop=true toolCalls=0 nudgeMsg=no
[2026-07-22T09:46:16.558Z] ResumeDiffForge: running checkResumeConsistency
[2026-07-22T09:46:16.560Z] checkResumeConsistency: forgedTimestamps=[]
[2026-07-22T09:46:16.590Z] checkResumeConsistency: no changes detected
[2026-07-22T09:46:16.591Z] LiveUpdateForge: session reset, allowLiveUpdate = false
[2026-07-22T09:46:16.592Z] NudgeForge: ResumeComplete — restoring count from history
[2026-07-22T09:46:16.593Z] restoreNudgeCountFromHistory: found last write at idx=2742 count=0
[2026-07-22T09:46:16.791Z] LiveUpdateForge: allowLiveUpdate = true (first real BeforeSend)
[2026-07-22T09:46:16.795Z] InitialReadForge.onBeforeSend: SKIP (fr=false syn=false hasRead=true)
[2026-07-22T09:46:26.868Z] LiveUpdateForge: EndTurn fallback flush
[2026-07-22T09:46:26.869Z] onEndTurn: naturalStop=false toolCalls=0 nudgeMsg=no
[2026-07-22T09:46:50.312Z] LiveUpdateForge: AfterToolExec flush
[2026-07-22T09:46:50.495Z] InitialReadForge.onBeforeSend: SKIP (fr=true syn=false hasRead=true)
[2026-07-22T09:47:07.233Z] LiveUpdateForge: EndTurn fallback flush
[2026-07-22T09:47:07.234Z] onEndTurn: naturalStop=false toolCalls=1 nudgeMsg=no
[2026-07-22T09:47:11.205Z] LiveUpdateForge: AfterToolExec flush
[2026-07-22T09:47:11.373Z] InitialReadForge.onBeforeSend: SKIP (fr=true syn=false hasRead=true)
[2026-07-22T09:47:33.788Z] LiveUpdateForge: EndTurn fallback flush
[2026-07-22T09:47:33.789Z] onEndTurn: naturalStop=false toolCalls=2 nudgeMsg=no
[2026-07-22T09:47:34.431Z] LiveUpdateForge: AfterToolExec flush
[2026-07-22T09:47:34.816Z] InitialReadForge.onBeforeSend: SKIP (fr=true syn=false hasRead=true)
[2026-07-22T09:47:45.865Z] LiveUpdateForge: EndTurn fallback flush
[2026-07-22T09:47:45.866Z] onEndTurn: naturalStop=false toolCalls=3 nudgeMsg=no
[2026-07-22T09:47:45.887Z] LiveUpdateForge: AfterToolExec flush
[2026-07-22T09:47:46.225Z] InitialReadForge.onBeforeSend: SKIP (fr=true syn=false hasRead=true)
[2026-07-22T09:48:04.202Z] LiveUpdateForge: EndTurn fallback flush
[2026-07-22T09:48:04.203Z] onEndTurn: naturalStop=false toolCalls=4 nudgeMsg=no
[2026-07-22T09:48:04.250Z] LiveUpdateForge: AfterToolExec flush
[2026-07-22T09:48:04.384Z] InitialReadForge.onBeforeSend: SKIP (fr=true syn=false hasRead=true)
[2026-07-22T09:48:19.909Z] LiveUpdateForge: EndTurn fallback flush
[2026-07-22T09:48:19.910Z] onEndTurn: naturalStop=false toolCalls=5 nudgeMsg=no
[2026-07-22T09:48:20.319Z] LiveUpdateForge: AfterToolExec flush
[2026-07-22T09:48:20.463Z] InitialReadForge.onBeforeSend: SKIP (fr=true syn=false hasRead=true)
[2026-07-22T09:48:27.586Z] LiveUpdateForge: EndTurn fallback flush
[2026-07-22T09:48:27.587Z] onEndTurn: naturalStop=false toolCalls=6 nudgeMsg=no
[2026-07-22T09:48:27.615Z] LiveUpdateForge: AfterToolExec flush
[2026-07-22T09:48:27.728Z] InitialReadForge.onBeforeSend: SKIP (fr=true syn=false hasRead=true)
[2026-07-22T09:48:37.392Z] LiveUpdateForge: EndTurn fallback flush
[2026-07-22T09:48:37.393Z] onEndTurn: naturalStop=false toolCalls=7 nudgeMsg=no
[2026-07-22T09:48:37.800Z] LiveUpdateForge: AfterToolExec flush
[2026-07-22T09:48:37.909Z] InitialReadForge.onBeforeSend: SKIP (fr=true syn=false hasRead=true)
[2026-07-22T09:48:47.590Z] LiveUpdateForge: EndTurn fallback flush
[2026-07-22T09:48:47.590Z] onEndTurn: naturalStop=false toolCalls=8 nudgeMsg=no
[2026-07-22T09:48:47.611Z] LiveUpdateForge: AfterToolExec flush
[2026-07-22T09:48:47.719Z] InitialReadForge.onBeforeSend: SKIP (fr=true syn=false hasRead=true)
[2026-07-22T09:49:18.608Z] LiveUpdateForge: EndTurn fallback flush
[2026-07-22T09:49:18.609Z] onEndTurn: naturalStop=false toolCalls=9 nudgeMsg=no
[2026-07-22T09:49:18.902Z] LiveUpdateForge: AfterToolExec flush
[2026-07-22T09:49:19.014Z] InitialReadForge.onBeforeSend: SKIP (fr=true syn=false hasRead=true)
[2026-07-22T09:49:27.738Z] LiveUpdateForge: EndTurn fallback flush
[2026-07-22T09:49:27.739Z] onEndTurn: naturalStop=false toolCalls=10 nudgeMsg=no
[2026-07-22T09:49:28.684Z] LiveUpdateForge: AfterToolExec flush
[2026-07-22T09:49:28.775Z] InitialReadForge.onBeforeSend: SKIP (fr=true syn=false hasRead=true)
[2026-07-22T09:49:35.870Z] LiveUpdateForge: EndTurn fallback flush
[2026-07-22T09:49:35.871Z] onEndTurn: naturalStop=false toolCalls=11 nudgeMsg=no
[2026-07-22T09:49:47.584Z] LiveUpdateForge: AfterToolExec flush
[2026-07-22T09:49:47.736Z] InitialReadForge.onBeforeSend: SKIP (fr=true syn=false hasRead=true)
[2026-07-22T09:49:57.900Z] LiveUpdateForge: EndTurn fallback flush
[2026-07-22T09:49:57.901Z] onEndTurn: naturalStop=true toolCalls=12 nudgeMsg=no
[2026-07-22T09:52:55.815Z] ResumeDiffForge: running checkResumeConsistency
[2026-07-22T09:52:55.818Z] checkResumeConsistency: forgedTimestamps=[]
[2026-07-22T09:52:55.847Z] checkResumeConsistency: no changes detected
[2026-07-22T09:52:55.848Z] LiveUpdateForge: session reset, allowLiveUpdate = false
[2026-07-22T09:52:55.848Z] NudgeForge: ResumeComplete — restoring count from history
[2026-07-22T09:52:55.851Z] restoreNudgeCountFromHistory: found last write at idx=2742 count=12
[2026-07-22T09:52:56.116Z] LiveUpdateForge: allowLiveUpdate = true (first real BeforeSend)
[2026-07-22T09:52:56.123Z] InitialReadForge.onBeforeSend: SKIP (fr=false syn=false hasRead=true)
[2026-07-22T09:53:05.352Z] LiveUpdateForge: EndTurn fallback flush
[2026-07-22T09:53:05.391Z] onEndTurn: naturalStop=false toolCalls=12 nudgeMsg=no
[2026-07-22T09:53:15.877Z] LiveUpdateForge: AfterToolExec flush
[2026-07-22T09:53:15.983Z] InitialReadForge.onBeforeSend: SKIP (fr=true syn=false hasRead=true)
[2026-07-22T09:53:24.910Z] LiveUpdateForge: EndTurn fallback flush
[2026-07-22T09:53:24.911Z] onEndTurn: naturalStop=false toolCalls=13 nudgeMsg=no
[2026-07-22T09:53:24.934Z] LiveUpdateForge: AfterToolExec flush
[2026-07-22T09:53:25.028Z] InitialReadForge.onBeforeSend: SKIP (fr=true syn=false hasRead=true)
[2026-07-22T09:53:38.878Z] LiveUpdateForge: EndTurn fallback flush
[2026-07-22T09:53:38.879Z] onEndTurn: naturalStop=false toolCalls=14 nudgeMsg=no
[2026-07-22T09:53:38.891Z] LiveUpdateForge: AfterToolExec flush
[2026-07-22T09:53:39.018Z] InitialReadForge.onBeforeSend: SKIP (fr=true syn=false hasRead=true)
[2026-07-22T09:53:49.424Z] LiveUpdateForge: EndTurn fallback flush
[2026-07-22T09:53:49.425Z] onEndTurn: naturalStop=false toolCalls=15 nudgeMsg=no
[2026-07-22T09:53:49.445Z] LiveUpdateForge: AfterToolExec flush
[2026-07-22T09:53:49.566Z] InitialReadForge.onBeforeSend: SKIP (fr=true syn=false hasRead=true)
[2026-07-22T09:54:06.541Z] LiveUpdateForge: EndTurn fallback flush
[2026-07-22T09:54:06.543Z] onEndTurn: naturalStop=false toolCalls=16 nudgeMsg=no
[2026-07-22T09:54:06.827Z] LiveUpdateForge: AfterToolExec flush
[2026-07-22T09:54:06.953Z] InitialReadForge.onBeforeSend: SKIP (fr=true syn=false hasRead=true)
[2026-07-22T09:54:13.854Z] LiveUpdateForge: EndTurn fallback flush
[2026-07-22T09:54:13.855Z] onEndTurn: naturalStop=false toolCalls=17 nudgeMsg=no
[2026-07-22T09:54:15.605Z] LiveUpdateForge: AfterToolExec flush
[2026-07-22T09:54:15.786Z] InitialReadForge.onBeforeSend: SKIP (fr=true syn=false hasRead=true)
[2026-07-22T09:54:28.538Z] LiveUpdateForge: EndTurn fallback flush
[2026-07-22T09:54:28.539Z] onEndTurn: naturalStop=false toolCalls=18 nudgeMsg=no
[2026-07-22T09:55:07.357Z] LiveUpdateForge: AfterToolExec flush
[2026-07-22T09:55:07.453Z] InitialReadForge.onBeforeSend: SKIP (fr=true syn=false hasRead=true)
[2026-07-22T09:55:30.538Z] LiveUpdateForge: EndTurn fallback flush
[2026-07-22T09:55:30.538Z] onEndTurn: naturalStop=false toolCalls=19 nudgeMsg=no
[2026-07-22T09:55:30.788Z] LiveUpdateForge: AfterToolExec flush
[2026-07-22T09:55:30.873Z] InitialReadForge.onBeforeSend: SKIP (fr=true syn=false hasRead=true)
[2026-07-22T09:55:42.845Z] LiveUpdateForge: EndTurn fallback flush
[2026-07-22T09:55:42.846Z] onEndTurn: naturalStop=true toolCalls=20 nudgeMsg=no
[2026-07-22T09:55:47.741Z] ResumeDiffForge: running checkResumeConsistency
[2026-07-22T09:55:47.742Z] checkResumeConsistency: forgedTimestamps=[]
[2026-07-22T09:55:47.761Z] checkResumeConsistency: no changes detected
[2026-07-22T09:55:47.761Z] LiveUpdateForge: session reset, allowLiveUpdate = false
[2026-07-22T09:55:47.761Z] NudgeForge: ResumeComplete — restoring count from history
[2026-07-22T09:55:47.762Z] restoreNudgeCountFromHistory: found last write at idx=2742 count=20
[2026-07-22T09:55:47.900Z] LiveUpdateForge: allowLiveUpdate = true (first real BeforeSend)
[2026-07-22T09:55:47.903Z] InitialReadForge.onBeforeSend: SKIP (fr=false syn=false hasRead=true)
[2026-07-22T09:55:58.331Z] LiveUpdateForge: EndTurn fallback flush
[2026-07-22T09:55:58.332Z] onEndTurn: naturalStop=false toolCalls=20 nudgeMsg=no
[2026-07-22T09:56:02.197Z] LiveUpdateForge: AfterToolExec flush
[2026-07-22T09:56:02.288Z] InitialReadForge.onBeforeSend: SKIP (fr=true syn=false hasRead=true)
[2026-07-22T09:56:12.530Z] LiveUpdateForge: EndTurn fallback flush
[2026-07-22T09:56:12.530Z] onEndTurn: naturalStop=false toolCalls=21 nudgeMsg=no
[2026-07-22T09:56:12.540Z] LiveUpdateForge: AfterToolExec flush
[2026-07-22T09:56:12.640Z] InitialReadForge.onBeforeSend: SKIP (fr=true syn=false hasRead=true)
[2026-07-22T09:56:22.663Z] LiveUpdateForge: EndTurn fallback flush
[2026-07-22T09:56:22.664Z] onEndTurn: naturalStop=false toolCalls=22 nudgeMsg=no
[2026-07-22T09:56:22.679Z] LiveUpdateForge: AfterToolExec flush
[2026-07-22T09:56:22.774Z] InitialReadForge.onBeforeSend: SKIP (fr=true syn=false hasRead=true)
[2026-07-22T09:56:32.059Z] LiveUpdateForge: EndTurn fallback flush
[2026-07-22T09:56:32.059Z] onEndTurn: naturalStop=false toolCalls=23 nudgeMsg=no
[2026-07-22T09:56:32.078Z] LiveUpdateForge: AfterToolExec flush
[2026-07-22T09:56:32.170Z] InitialReadForge.onBeforeSend: SKIP (fr=true syn=false hasRead=true)
[2026-07-22T09:56:42.162Z] LiveUpdateForge: EndTurn fallback flush
[2026-07-22T09:56:42.162Z] onEndTurn: naturalStop=false toolCalls=24 nudgeMsg=no
[2026-07-22T09:56:42.183Z] LiveUpdateForge: AfterToolExec flush
[2026-07-22T09:56:42.297Z] InitialReadForge.onBeforeSend: SKIP (fr=true syn=false hasRead=true)
[2026-07-22T09:56:53.890Z] LiveUpdateForge: EndTurn fallback flush
[2026-07-22T09:56:53.890Z] onEndTurn: naturalStop=false toolCalls=25 nudgeMsg=no
[2026-07-22T09:56:53.905Z] LiveUpdateForge: AfterToolExec flush
[2026-07-22T09:56:53.994Z] InitialReadForge.onBeforeSend: SKIP (fr=true syn=false hasRead=true)
[2026-07-22T09:57:17.204Z] LiveUpdateForge: EndTurn fallback flush
[2026-07-22T09:57:17.204Z] onEndTurn: naturalStop=false toolCalls=26 nudgeMsg=no
[2026-07-22T09:57:17.225Z] LiveUpdateForge: AfterToolExec flush
[2026-07-22T09:57:17.434Z] InitialReadForge.onBeforeSend: SKIP (fr=true syn=false hasRead=true)
[2026-07-22T09:57:27.236Z] LiveUpdateForge: EndTurn fallback flush
[2026-07-22T09:57:27.237Z] onEndTurn: naturalStop=false toolCalls=27 nudgeMsg=no
[2026-07-22T09:57:27.667Z] LiveUpdateForge: AfterToolExec flush
[2026-07-22T09:57:27.826Z] InitialReadForge.onBeforeSend: SKIP (fr=true syn=false hasRead=true)
[2026-07-22T09:57:35.437Z] LiveUpdateForge: EndTurn fallback flush
[2026-07-22T09:57:35.437Z] onEndTurn: naturalStop=false toolCalls=28 nudgeMsg=no
[2026-07-22T09:57:35.471Z] LiveUpdateForge: AfterToolExec flush
[2026-07-22T09:57:35.657Z] InitialReadForge.onBeforeSend: SKIP (fr=true syn=false hasRead=true)
[2026-07-22T09:57:42.307Z] LiveUpdateForge: EndTurn fallback flush
[2026-07-22T09:57:42.308Z] onEndTurn: naturalStop=false toolCalls=29 nudgeMsg=no
[2026-07-22T09:57:53.327Z] LiveUpdateForge: AfterToolExec flush
[2026-07-22T09:57:53.445Z] InitialReadForge.onBeforeSend: SKIP (fr=true syn=false hasRead=true)
[2026-07-22T09:58:16.715Z] LiveUpdateForge: EndTurn fallback flush
[2026-07-22T09:58:16.716Z] onEndTurn: naturalStop=true toolCalls=30 nudgeMsg=no
[2026-07-22T10:01:04.794Z] ResumeDiffForge: running checkResumeConsistency
[2026-07-22T10:01:04.796Z] checkResumeConsistency: forgedTimestamps=[]
[2026-07-22T10:01:04.823Z] checkResumeConsistency: no changes detected
[2026-07-22T10:01:04.823Z] LiveUpdateForge: session reset, allowLiveUpdate = false
[2026-07-22T10:01:04.824Z] NudgeForge: ResumeComplete — restoring count from history
[2026-07-22T10:01:04.826Z] restoreNudgeCountFromHistory: found last write at idx=2742 count=30
[2026-07-22T10:01:04.961Z] LiveUpdateForge: allowLiveUpdate = true (first real BeforeSend)
[2026-07-22T10:01:04.965Z] InitialReadForge.onBeforeSend: SKIP (fr=false syn=false hasRead=true)
[2026-07-22T10:01:15.131Z] LiveUpdateForge: EndTurn fallback flush
[2026-07-22T10:01:15.132Z] onEndTurn: naturalStop=false toolCalls=30 nudgeMsg=no
[2026-07-22T10:01:19.205Z] LiveUpdateForge: AfterToolExec flush
[2026-07-22T10:01:19.298Z] InitialReadForge.onBeforeSend: SKIP (fr=true syn=false hasRead=true)
[2026-07-22T10:01:29.332Z] LiveUpdateForge: EndTurn fallback flush
[2026-07-22T10:01:29.333Z] onEndTurn: naturalStop=false toolCalls=31 nudgeMsg=no
[2026-07-22T10:01:29.357Z] LiveUpdateForge: AfterToolExec flush
[2026-07-22T10:01:29.484Z] InitialReadForge.onBeforeSend: SKIP (fr=true syn=false hasRead=true)
[2026-07-22T10:01:38.876Z] LiveUpdateForge: EndTurn fallback flush
[2026-07-22T10:01:38.877Z] onEndTurn: naturalStop=false toolCalls=32 nudgeMsg=no
[2026-07-22T10:01:39.342Z] LiveUpdateForge: AfterToolExec flush
[2026-07-22T10:01:39.463Z] InitialReadForge.onBeforeSend: SKIP (fr=true syn=false hasRead=true)
[2026-07-22T10:01:54.202Z] LiveUpdateForge: EndTurn fallback flush
[2026-07-22T10:01:54.203Z] onEndTurn: naturalStop=false toolCalls=33 nudgeMsg=no
[2026-07-22T10:01:55.049Z] LiveUpdateForge: AfterToolExec flush
[2026-07-22T10:01:55.146Z] InitialReadForge.onBeforeSend: SKIP (fr=true syn=false hasRead=true)
[2026-07-22T10:02:01.865Z] LiveUpdateForge: EndTurn fallback flush
[2026-07-22T10:02:01.866Z] onEndTurn: naturalStop=false toolCalls=34 nudgeMsg=no
[2026-07-22T10:02:21.872Z] LiveUpdateForge: AfterToolExec flush
[2026-07-22T10:02:21.994Z] InitialReadForge.onBeforeSend: SKIP (fr=true syn=false hasRead=true)
[2026-07-22T10:02:36.003Z] LiveUpdateForge: EndTurn fallback flush
[2026-07-22T10:02:36.004Z] onEndTurn: naturalStop=false toolCalls=35 nudgeMsg=no
[2026-07-22T10:02:36.029Z] LiveUpdateForge: AfterToolExec flush
[2026-07-22T10:02:36.212Z] InitialReadForge.onBeforeSend: SKIP (fr=true syn=false hasRead=true)
[2026-07-22T10:03:03.078Z] LiveUpdateForge: EndTurn fallback flush
[2026-07-22T10:03:03.080Z] onEndTurn: naturalStop=false toolCalls=36 nudgeMsg=no
[2026-07-22T10:03:03.617Z] LiveUpdateForge: AfterToolExec flush
[2026-07-22T10:03:03.726Z] InitialReadForge.onBeforeSend: SKIP (fr=true syn=false hasRead=true)
[2026-07-22T10:03:11.187Z] LiveUpdateForge: EndTurn fallback flush
[2026-07-22T10:03:11.188Z] onEndTurn: naturalStop=false toolCalls=37 nudgeMsg=no
[2026-07-22T10:03:11.618Z] LiveUpdateForge: AfterToolExec flush
[2026-07-22T10:03:11.730Z] InitialReadForge.onBeforeSend: SKIP (fr=true syn=false hasRead=true)
[2026-07-22T10:03:26.810Z] LiveUpdateForge: EndTurn fallback flush
[2026-07-22T10:03:26.811Z] onEndTurn: naturalStop=false toolCalls=38 nudgeMsg=no
[2026-07-22T10:03:26.837Z] LiveUpdateForge: AfterToolExec flush
[2026-07-22T10:03:27.035Z] InitialReadForge.onBeforeSend: SKIP (fr=true syn=false hasRead=true)
[2026-07-22T10:03:56.077Z] LiveUpdateForge: EndTurn fallback flush
[2026-07-22T10:03:56.078Z] onEndTurn: naturalStop=false toolCalls=39 nudgeMsg=no
[2026-07-22T10:03:56.097Z] LiveUpdateForge: AfterToolExec flush
[2026-07-22T10:03:56.205Z] InitialReadForge.onBeforeSend: SKIP (fr=true syn=false hasRead=true)
[2026-07-22T10:04:06.791Z] LiveUpdateForge: EndTurn fallback flush
[2026-07-22T10:04:06.792Z] onEndTurn: naturalStop=false toolCalls=40 nudgeMsg=no
[2026-07-22T10:04:07.369Z] LiveUpdateForge: AfterToolExec flush
[2026-07-22T10:04:07.533Z] InitialReadForge.onBeforeSend: SKIP (fr=true syn=false hasRead=true)
[2026-07-22T10:04:17.127Z] LiveUpdateForge: EndTurn fallback flush
[2026-07-22T10:04:17.128Z] onEndTurn: naturalStop=false toolCalls=41 nudgeMsg=no
[2026-07-22T10:04:17.151Z] LiveUpdateForge: AfterToolExec flush
[2026-07-22T10:04:17.301Z] InitialReadForge.onBeforeSend: SKIP (fr=true syn=false hasRead=true)
[2026-07-22T10:04:41.010Z] LiveUpdateForge: EndTurn fallback flush
[2026-07-22T10:04:41.010Z] onEndTurn: naturalStop=false toolCalls=42 nudgeMsg=no
[2026-07-22T10:04:41.327Z] LiveUpdateForge: AfterToolExec flush
[2026-07-22T10:04:41.444Z] InitialReadForge.onBeforeSend: SKIP (fr=true syn=false hasRead=true)
[2026-07-22T10:04:50.791Z] LiveUpdateForge: EndTurn fallback flush
[2026-07-22T10:04:50.792Z] onEndTurn: naturalStop=false toolCalls=43 nudgeMsg=no
[2026-07-22T10:04:50.985Z] LiveUpdateForge: AfterToolExec flush
[2026-07-22T10:04:51.142Z] InitialReadForge.onBeforeSend: SKIP (fr=true syn=false hasRead=true)
[2026-07-22T10:05:00.839Z] LiveUpdateForge: EndTurn fallback flush
[2026-07-22T10:05:00.840Z] onEndTurn: naturalStop=false toolCalls=44 nudgeMsg=no
[2026-07-22T10:05:08.229Z] LiveUpdateForge: AfterToolExec flush
[2026-07-22T10:05:08.336Z] InitialReadForge.onBeforeSend: SKIP (fr=true syn=false hasRead=true)
[2026-07-22T10:05:15.809Z] LiveUpdateForge: EndTurn fallback flush
[2026-07-22T10:05:15.809Z] onEndTurn: naturalStop=false toolCalls=45 nudgeMsg=no
[2026-07-22T10:05:23.625Z] LiveUpdateForge: AfterToolExec flush
[2026-07-22T10:05:23.713Z] InitialReadForge.onBeforeSend: SKIP (fr=true syn=false hasRead=true)
[2026-07-22T10:05:54.637Z] LiveUpdateForge: EndTurn fallback flush
[2026-07-22T10:05:54.638Z] onEndTurn: naturalStop=true toolCalls=46 nudgeMsg=no
[2026-07-22T10:06:05.644Z] ResumeDiffForge: running checkResumeConsistency
[2026-07-22T10:06:05.645Z] checkResumeConsistency: forgedTimestamps=[]
[2026-07-22T10:06:05.670Z] checkResumeConsistency: no changes detected
[2026-07-22T10:06:05.670Z] LiveUpdateForge: session reset, allowLiveUpdate = false
[2026-07-22T10:06:05.670Z] NudgeForge: ResumeComplete — restoring count from history
[2026-07-22T10:06:05.672Z] restoreNudgeCountFromHistory: found last write at idx=2742 count=46
[2026-07-22T10:06:05.845Z] LiveUpdateForge: allowLiveUpdate = true (first real BeforeSend)
[2026-07-22T10:06:05.848Z] InitialReadForge.onBeforeSend: SKIP (fr=false syn=false hasRead=true)
[2026-07-22T10:06:14.156Z] LiveUpdateForge: EndTurn fallback flush
[2026-07-22T10:06:14.157Z] onEndTurn: naturalStop=false toolCalls=46 nudgeMsg=no
[2026-07-22T10:06:14.573Z] LiveUpdateForge: AfterToolExec flush
[2026-07-22T10:06:14.698Z] InitialReadForge.onBeforeSend: SKIP (fr=true syn=false hasRead=true)
[2026-07-22T10:06:24.374Z] LiveUpdateForge: EndTurn fallback flush
[2026-07-22T10:06:24.375Z] onEndTurn: naturalStop=false toolCalls=47 nudgeMsg=no
[2026-07-22T10:06:25.128Z] LiveUpdateForge: AfterToolExec flush
[2026-07-22T10:06:25.233Z] InitialReadForge.onBeforeSend: SKIP (fr=true syn=false hasRead=true)
[2026-07-22T10:06:37.055Z] LiveUpdateForge: EndTurn fallback flush
[2026-07-22T10:06:37.056Z] onEndTurn: naturalStop=false toolCalls=48 nudgeMsg=no
[2026-07-22T10:06:37.072Z] LiveUpdateForge: self-write on D:\unity\demo\CODELY.md, baseline aligned
[2026-07-22T10:06:37.073Z] LiveUpdateForge: AfterToolExec flush
[2026-07-22T10:06:37.169Z] InitialReadForge.onBeforeSend: SKIP (fr=true syn=false hasRead=true)
[2026-07-22T10:06:37.756Z] LiveUpdateForge: pending external change on D:\unity\demo\CODELY.md
[2026-07-22T10:06:53.291Z] LiveUpdateForge: EndTurn fallback flush
[2026-07-22T10:06:53.292Z] onEndTurn: naturalStop=true toolCalls=0 nudgeMsg=no
[2026-07-22T10:07:48.432Z] ResumeDiffForge: running checkResumeConsistency
[2026-07-22T10:07:48.435Z] checkResumeConsistency: forgedTimestamps=[]
[2026-07-22T10:07:48.466Z] checkResumeConsistency: no changes detected
[2026-07-22T10:07:48.467Z] LiveUpdateForge: session reset, allowLiveUpdate = false
[2026-07-22T10:07:48.468Z] NudgeForge: ResumeComplete — restoring count from history
[2026-07-22T10:07:48.470Z] restoreNudgeCountFromHistory: found last write at idx=2850 count=0
[2026-07-22T10:07:48.709Z] LiveUpdateForge: allowLiveUpdate = true (first real BeforeSend)
[2026-07-22T10:07:48.764Z] InitialReadForge.onBeforeSend: SKIP (fr=false syn=false hasRead=true)
[2026-07-22T10:08:08.289Z] LiveUpdateForge: EndTurn fallback flush
[2026-07-22T10:08:08.290Z] onEndTurn: naturalStop=false toolCalls=0 nudgeMsg=no
[2026-07-22T10:08:08.581Z] LiveUpdateForge: AfterToolExec flush
[2026-07-22T10:08:08.674Z] InitialReadForge.onBeforeSend: SKIP (fr=true syn=false hasRead=true)
[2026-07-22T10:08:26.302Z] LiveUpdateForge: EndTurn fallback flush
[2026-07-22T10:08:26.302Z] onEndTurn: naturalStop=false toolCalls=1 nudgeMsg=no
[2026-07-22T10:08:26.554Z] LiveUpdateForge: AfterToolExec flush
[2026-07-22T10:08:26.642Z] InitialReadForge.onBeforeSend: SKIP (fr=true syn=false hasRead=true)
[2026-07-22T10:08:35.049Z] LiveUpdateForge: EndTurn fallback flush
[2026-07-22T10:08:35.049Z] onEndTurn: naturalStop=false toolCalls=2 nudgeMsg=no
[2026-07-22T10:08:35.328Z] LiveUpdateForge: AfterToolExec flush
[2026-07-22T10:08:35.416Z] InitialReadForge.onBeforeSend: SKIP (fr=true syn=false hasRead=true)
[2026-07-22T10:08:43.165Z] LiveUpdateForge: EndTurn fallback flush
[2026-07-22T10:08:43.166Z] onEndTurn: naturalStop=false toolCalls=3 nudgeMsg=no
[2026-07-22T10:08:43.320Z] LiveUpdateForge: AfterToolExec flush
[2026-07-22T10:08:43.410Z] InitialReadForge.onBeforeSend: SKIP (fr=true syn=false hasRead=true)
[2026-07-22T10:08:51.906Z] LiveUpdateForge: EndTurn fallback flush
[2026-07-22T10:08:51.906Z] onEndTurn: naturalStop=false toolCalls=4 nudgeMsg=no
[2026-07-22T10:08:52.012Z] LiveUpdateForge: AfterToolExec flush
[2026-07-22T10:08:52.113Z] InitialReadForge.onBeforeSend: SKIP (fr=true syn=false hasRead=true)
[2026-07-22T10:09:00.576Z] LiveUpdateForge: EndTurn fallback flush
[2026-07-22T10:09:00.576Z] onEndTurn: naturalStop=false toolCalls=5 nudgeMsg=no
[2026-07-22T10:09:00.601Z] LiveUpdateForge: AfterToolExec flush
[2026-07-22T10:09:00.702Z] InitialReadForge.onBeforeSend: SKIP (fr=true syn=false hasRead=true)
[2026-07-22T10:09:08.146Z] LiveUpdateForge: EndTurn fallback flush
[2026-07-22T10:09:08.147Z] onEndTurn: naturalStop=false toolCalls=6 nudgeMsg=no
[2026-07-22T10:09:08.157Z] LiveUpdateForge: AfterToolExec flush
[2026-07-22T10:09:08.272Z] InitialReadForge.onBeforeSend: SKIP (fr=true syn=false hasRead=true)
[2026-07-22T10:09:17.840Z] LiveUpdateForge: EndTurn fallback flush
[2026-07-22T10:09:17.841Z] onEndTurn: naturalStop=false toolCalls=7 nudgeMsg=no
[2026-07-22T10:09:17.950Z] LiveUpdateForge: AfterToolExec flush
[2026-07-22T10:09:18.072Z] InitialReadForge.onBeforeSend: SKIP (fr=true syn=false hasRead=true)
[2026-07-22T10:09:26.114Z] LiveUpdateForge: EndTurn fallback flush
[2026-07-22T10:09:26.115Z] onEndTurn: naturalStop=false toolCalls=8 nudgeMsg=no
[2026-07-22T10:09:26.124Z] LiveUpdateForge: AfterToolExec flush
[2026-07-22T10:09:26.228Z] InitialReadForge.onBeforeSend: SKIP (fr=true syn=false hasRead=true)
[2026-07-22T10:09:36.257Z] LiveUpdateForge: EndTurn fallback flush
[2026-07-22T10:09:36.258Z] onEndTurn: naturalStop=false toolCalls=9 nudgeMsg=no
[2026-07-22T10:09:36.274Z] LiveUpdateForge: AfterToolExec flush
[2026-07-22T10:09:36.380Z] InitialReadForge.onBeforeSend: SKIP (fr=true syn=false hasRead=true)
[2026-07-22T10:09:46.079Z] LiveUpdateForge: EndTurn fallback flush
[2026-07-22T10:09:46.080Z] onEndTurn: naturalStop=false toolCalls=10 nudgeMsg=no
[2026-07-22T10:09:46.282Z] LiveUpdateForge: AfterToolExec flush
[2026-07-22T10:09:46.372Z] InitialReadForge.onBeforeSend: SKIP (fr=true syn=false hasRead=true)
[2026-07-22T10:09:57.633Z] LiveUpdateForge: EndTurn fallback flush
[2026-07-22T10:09:57.633Z] onEndTurn: naturalStop=false toolCalls=11 nudgeMsg=no
[2026-07-22T10:09:57.841Z] LiveUpdateForge: AfterToolExec flush
[2026-07-22T10:09:57.958Z] InitialReadForge.onBeforeSend: SKIP (fr=true syn=false hasRead=true)
[2026-07-22T10:10:09.532Z] LiveUpdateForge: EndTurn fallback flush
[2026-07-22T10:10:09.533Z] onEndTurn: naturalStop=false toolCalls=12 nudgeMsg=no
[2026-07-22T10:10:09.636Z] LiveUpdateForge: AfterToolExec flush
[2026-07-22T10:10:09.744Z] InitialReadForge.onBeforeSend: SKIP (fr=true syn=false hasRead=true)
[2026-07-22T10:10:19.394Z] LiveUpdateForge: EndTurn fallback flush
[2026-07-22T10:10:19.395Z] onEndTurn: naturalStop=false toolCalls=13 nudgeMsg=no
[2026-07-22T10:10:19.542Z] LiveUpdateForge: AfterToolExec flush
[2026-07-22T10:10:19.749Z] InitialReadForge.onBeforeSend: SKIP (fr=true syn=false hasRead=true)
[2026-07-22T10:10:31.381Z] LiveUpdateForge: EndTurn fallback flush
[2026-07-22T10:10:31.382Z] onEndTurn: naturalStop=false toolCalls=14 nudgeMsg=no
[2026-07-22T10:10:31.569Z] LiveUpdateForge: AfterToolExec flush
[2026-07-22T10:10:31.859Z] InitialReadForge.onBeforeSend: SKIP (fr=true syn=false hasRead=true)
[2026-07-22T10:10:40.075Z] LiveUpdateForge: EndTurn fallback flush
[2026-07-22T10:10:40.076Z] onEndTurn: naturalStop=false toolCalls=15 nudgeMsg=no
[2026-07-22T10:10:40.278Z] LiveUpdateForge: AfterToolExec flush
[2026-07-22T10:10:40.398Z] InitialReadForge.onBeforeSend: SKIP (fr=true syn=false hasRead=true)
[2026-07-22T10:10:49.074Z] LiveUpdateForge: EndTurn fallback flush
[2026-07-22T10:10:49.075Z] onEndTurn: naturalStop=false toolCalls=16 nudgeMsg=no
[2026-07-22T10:10:49.358Z] LiveUpdateForge: AfterToolExec flush
[2026-07-22T10:10:49.465Z] InitialReadForge.onBeforeSend: SKIP (fr=true syn=false hasRead=true)
[2026-07-22T10:10:59.902Z] LiveUpdateForge: EndTurn fallback flush
[2026-07-22T10:10:59.903Z] onEndTurn: naturalStop=false toolCalls=17 nudgeMsg=no
[2026-07-22T10:10:59.914Z] LiveUpdateForge: AfterToolExec flush
[2026-07-22T10:11:00.052Z] InitialReadForge.onBeforeSend: SKIP (fr=true syn=false hasRead=true)
[2026-07-22T10:11:09.580Z] LiveUpdateForge: EndTurn fallback flush
[2026-07-22T10:11:09.581Z] onEndTurn: naturalStop=false toolCalls=18 nudgeMsg=no
[2026-07-22T10:11:09.605Z] LiveUpdateForge: AfterToolExec flush
[2026-07-22T10:11:09.748Z] InitialReadForge.onBeforeSend: SKIP (fr=true syn=false hasRead=true)
[2026-07-22T10:11:21.993Z] LiveUpdateForge: EndTurn fallback flush
[2026-07-22T10:11:21.994Z] onEndTurn: naturalStop=false toolCalls=19 nudgeMsg=no
[2026-07-22T10:11:22.246Z] LiveUpdateForge: AfterToolExec flush
[2026-07-22T10:11:22.398Z] InitialReadForge.onBeforeSend: SKIP (fr=true syn=false hasRead=true)
[2026-07-22T10:11:34.886Z] LiveUpdateForge: EndTurn fallback flush
[2026-07-22T10:11:34.887Z] onEndTurn: naturalStop=false toolCalls=20 nudgeMsg=no
[2026-07-22T10:11:34.895Z] LiveUpdateForge: AfterToolExec flush
[2026-07-22T10:11:35.054Z] InitialReadForge.onBeforeSend: SKIP (fr=true syn=false hasRead=true)
[2026-07-22T10:11:42.556Z] LiveUpdateForge: EndTurn fallback flush
[2026-07-22T10:11:42.557Z] onEndTurn: naturalStop=false toolCalls=21 nudgeMsg=no
[2026-07-22T10:11:42.571Z] LiveUpdateForge: AfterToolExec flush
[2026-07-22T10:11:42.658Z] InitialReadForge.onBeforeSend: SKIP (fr=true syn=false hasRead=true)
[2026-07-22T10:11:51.142Z] LiveUpdateForge: EndTurn fallback flush
[2026-07-22T10:11:51.142Z] onEndTurn: naturalStop=false toolCalls=22 nudgeMsg=no
[2026-07-22T10:11:51.347Z] LiveUpdateForge: AfterToolExec flush
[2026-07-22T10:11:51.452Z] InitialReadForge.onBeforeSend: SKIP (fr=true syn=false hasRead=true)
[2026-07-22T10:12:00.096Z] LiveUpdateForge: EndTurn fallback flush
[2026-07-22T10:12:00.097Z] onEndTurn: naturalStop=false toolCalls=23 nudgeMsg=no
[2026-07-22T10:12:00.121Z] LiveUpdateForge: AfterToolExec flush
[2026-07-22T10:12:00.322Z] InitialReadForge.onBeforeSend: SKIP (fr=true syn=false hasRead=true)
[2026-07-22T10:12:08.516Z] LiveUpdateForge: EndTurn fallback flush
[2026-07-22T10:12:08.517Z] onEndTurn: naturalStop=false toolCalls=24 nudgeMsg=no
[2026-07-22T10:12:08.626Z] LiveUpdateForge: AfterToolExec flush
[2026-07-22T10:12:08.765Z] InitialReadForge.onBeforeSend: SKIP (fr=true syn=false hasRead=true)
[2026-07-22T10:12:17.345Z] LiveUpdateForge: EndTurn fallback flush
[2026-07-22T10:12:17.346Z] onEndTurn: naturalStop=false toolCalls=25 nudgeMsg=no
[2026-07-22T10:12:17.363Z] LiveUpdateForge: AfterToolExec flush
[2026-07-22T10:12:17.476Z] InitialReadForge.onBeforeSend: SKIP (fr=true syn=false hasRead=true)
[2026-07-22T10:12:25.439Z] LiveUpdateForge: EndTurn fallback flush
[2026-07-22T10:12:25.440Z] onEndTurn: naturalStop=false toolCalls=26 nudgeMsg=no
[2026-07-22T10:12:25.525Z] LiveUpdateForge: AfterToolExec flush
[2026-07-22T10:12:25.631Z] InitialReadForge.onBeforeSend: SKIP (fr=true syn=false hasRead=true)
[2026-07-22T10:12:35.680Z] LiveUpdateForge: EndTurn fallback flush
[2026-07-22T10:12:35.681Z] onEndTurn: naturalStop=false toolCalls=27 nudgeMsg=no
[2026-07-22T10:12:35.687Z] LiveUpdateForge: AfterToolExec flush
[2026-07-22T10:12:35.798Z] InitialReadForge.onBeforeSend: SKIP (fr=true syn=false hasRead=true)
[2026-07-22T10:12:44.195Z] LiveUpdateForge: EndTurn fallback flush
[2026-07-22T10:12:44.195Z] onEndTurn: naturalStop=false toolCalls=28 nudgeMsg=no
[2026-07-22T10:12:44.211Z] LiveUpdateForge: AfterToolExec flush
[2026-07-22T10:12:44.437Z] InitialReadForge.onBeforeSend: SKIP (fr=true syn=false hasRead=true)
[2026-07-22T10:12:53.032Z] LiveUpdateForge: EndTurn fallback flush
[2026-07-22T10:12:53.032Z] onEndTurn: naturalStop=false toolCalls=29 nudgeMsg=no
[2026-07-22T10:12:53.275Z] LiveUpdateForge: AfterToolExec flush
[2026-07-22T10:12:53.388Z] InitialReadForge.onBeforeSend: SKIP (fr=true syn=false hasRead=true)
[2026-07-22T10:13:01.579Z] LiveUpdateForge: EndTurn fallback flush
[2026-07-22T10:13:01.580Z] onEndTurn: naturalStop=false toolCalls=30 nudgeMsg=no
[2026-07-22T10:13:01.924Z] LiveUpdateForge: AfterToolExec flush
[2026-07-22T10:13:02.025Z] InitialReadForge.onBeforeSend: SKIP (fr=true syn=false hasRead=true)
[2026-07-22T10:13:10.621Z] LiveUpdateForge: EndTurn fallback flush
[2026-07-22T10:13:10.622Z] onEndTurn: naturalStop=false toolCalls=31 nudgeMsg=no
[2026-07-22T10:13:10.655Z] LiveUpdateForge: AfterToolExec flush
[2026-07-22T10:13:10.879Z] InitialReadForge.onBeforeSend: SKIP (fr=true syn=false hasRead=true)
[2026-07-22T10:13:19.720Z] LiveUpdateForge: EndTurn fallback flush
[2026-07-22T10:13:19.721Z] onEndTurn: naturalStop=false toolCalls=32 nudgeMsg=no
[2026-07-22T10:13:20.183Z] LiveUpdateForge: AfterToolExec flush
[2026-07-22T10:13:20.481Z] InitialReadForge.onBeforeSend: SKIP (fr=true syn=false hasRead=true)
[2026-07-22T10:13:32.600Z] LiveUpdateForge: EndTurn fallback flush
[2026-07-22T10:13:32.601Z] onEndTurn: naturalStop=false toolCalls=33 nudgeMsg=no
[2026-07-22T10:13:32.629Z] LiveUpdateForge: AfterToolExec flush
[2026-07-22T10:13:32.760Z] InitialReadForge.onBeforeSend: SKIP (fr=true syn=false hasRead=true)
[2026-07-22T10:13:42.598Z] LiveUpdateForge: EndTurn fallback flush
[2026-07-22T10:13:42.599Z] onEndTurn: naturalStop=false toolCalls=34 nudgeMsg=no
[2026-07-22T10:13:42.609Z] LiveUpdateForge: AfterToolExec flush
[2026-07-22T10:13:42.715Z] InitialReadForge.onBeforeSend: SKIP (fr=true syn=false hasRead=true)
[2026-07-22T10:13:53.882Z] LiveUpdateForge: EndTurn fallback flush
[2026-07-22T10:13:53.883Z] onEndTurn: naturalStop=false toolCalls=35 nudgeMsg=no
[2026-07-22T10:13:54.012Z] LiveUpdateForge: AfterToolExec flush
[2026-07-22T10:13:54.132Z] InitialReadForge.onBeforeSend: SKIP (fr=true syn=false hasRead=true)
[2026-07-22T10:14:03.677Z] LiveUpdateForge: EndTurn fallback flush
[2026-07-22T10:14:03.678Z] onEndTurn: naturalStop=false toolCalls=36 nudgeMsg=no
[2026-07-22T10:14:03.791Z] LiveUpdateForge: AfterToolExec flush
[2026-07-22T10:14:03.932Z] InitialReadForge.onBeforeSend: SKIP (fr=true syn=false hasRead=true)
[2026-07-22T10:14:14.369Z] LiveUpdateForge: EndTurn fallback flush
[2026-07-22T10:14:14.370Z] onEndTurn: naturalStop=false toolCalls=37 nudgeMsg=no
[2026-07-22T10:14:15.008Z] LiveUpdateForge: AfterToolExec flush
[2026-07-22T10:14:15.171Z] InitialReadForge.onBeforeSend: SKIP (fr=true syn=false hasRead=true)
[2026-07-22T10:14:22.222Z] LiveUpdateForge: EndTurn fallback flush
[2026-07-22T10:14:22.223Z] onEndTurn: naturalStop=false toolCalls=38 nudgeMsg=no
[2026-07-22T10:14:22.249Z] LiveUpdateForge: AfterToolExec flush
[2026-07-22T10:14:22.357Z] InitialReadForge.onBeforeSend: SKIP (fr=true syn=false hasRead=true)
[2026-07-22T10:14:32.562Z] LiveUpdateForge: EndTurn fallback flush
[2026-07-22T10:14:32.562Z] onEndTurn: naturalStop=false toolCalls=39 nudgeMsg=no
[2026-07-22T10:14:32.659Z] LiveUpdateForge: AfterToolExec flush
[2026-07-22T10:14:32.776Z] InitialReadForge.onBeforeSend: SKIP (fr=true syn=false hasRead=true)
[2026-07-22T10:14:41.310Z] LiveUpdateForge: EndTurn fallback flush
[2026-07-22T10:14:41.311Z] onEndTurn: naturalStop=false toolCalls=40 nudgeMsg=no
[2026-07-22T10:14:41.868Z] LiveUpdateForge: AfterToolExec flush
[2026-07-22T10:14:41.968Z] InitialReadForge.onBeforeSend: SKIP (fr=true syn=false hasRead=true)
[2026-07-22T10:14:48.979Z] LiveUpdateForge: EndTurn fallback flush
[2026-07-22T10:14:48.980Z] onEndTurn: naturalStop=false toolCalls=41 nudgeMsg=no
[2026-07-22T10:14:59.631Z] LiveUpdateForge: AfterToolExec flush
[2026-07-22T10:14:59.741Z] InitialReadForge.onBeforeSend: SKIP (fr=true syn=false hasRead=true)
[2026-07-22T10:15:09.309Z] LiveUpdateForge: EndTurn fallback flush
[2026-07-22T10:15:09.310Z] onEndTurn: naturalStop=false toolCalls=42 nudgeMsg=no
[2026-07-22T10:15:09.489Z] LiveUpdateForge: AfterToolExec flush
[2026-07-22T10:15:09.584Z] InitialReadForge.onBeforeSend: SKIP (fr=true syn=false hasRead=true)
[2026-07-22T10:15:31.171Z] LiveUpdateForge: EndTurn fallback flush
[2026-07-22T10:15:31.172Z] onEndTurn: naturalStop=true toolCalls=43 nudgeMsg=no
[2026-07-22T10:15:59.778Z] ResumeDiffForge: running checkResumeConsistency
[2026-07-22T10:15:59.779Z] checkResumeConsistency: forgedTimestamps=[]
[2026-07-22T10:15:59.810Z] checkResumeConsistency: no changes detected
[2026-07-22T10:15:59.810Z] LiveUpdateForge: session reset, allowLiveUpdate = false
[2026-07-22T10:15:59.811Z] NudgeForge: ResumeComplete — restoring count from history
[2026-07-22T10:15:59.812Z] restoreNudgeCountFromHistory: found last write at idx=2850 count=43
[2026-07-22T10:15:59.991Z] LiveUpdateForge: allowLiveUpdate = true (first real BeforeSend)
[2026-07-22T10:15:59.993Z] InitialReadForge.onBeforeSend: SKIP (fr=false syn=false hasRead=true)
[2026-07-22T10:16:10.415Z] LiveUpdateForge: EndTurn fallback flush
[2026-07-22T10:16:10.416Z] onEndTurn: naturalStop=false toolCalls=43 nudgeMsg=no
[2026-07-22T10:16:10.466Z] LiveUpdateForge: self-write on D:\unity\demo\CODELY.md, baseline aligned
[2026-07-22T10:16:10.467Z] LiveUpdateForge: AfterToolExec flush
[2026-07-22T10:16:10.566Z] InitialReadForge.onBeforeSend: SKIP (fr=true syn=false hasRead=true)
[2026-07-22T10:16:11.152Z] LiveUpdateForge: pending external change on D:\unity\demo\CODELY.md
[2026-07-22T10:16:22.165Z] LiveUpdateForge: EndTurn fallback flush
[2026-07-22T10:16:22.165Z] onEndTurn: naturalStop=true toolCalls=0 nudgeMsg=no
[2026-07-22T10:16:26.592Z] ResumeDiffForge: running checkResumeConsistency
[2026-07-22T10:16:26.594Z] checkResumeConsistency: forgedTimestamps=[]
[2026-07-22T10:16:26.615Z] checkResumeConsistency: no changes detected
[2026-07-22T10:16:26.615Z] LiveUpdateForge: session reset, allowLiveUpdate = false
[2026-07-22T10:16:26.616Z] NudgeForge: ResumeComplete — restoring count from history
[2026-07-22T10:16:26.617Z] restoreNudgeCountFromHistory: found last write at idx=2942 count=0
[2026-07-22T10:16:26.776Z] LiveUpdateForge: allowLiveUpdate = true (first real BeforeSend)
[2026-07-22T10:16:26.778Z] InitialReadForge.onBeforeSend: SKIP (fr=false syn=false hasRead=true)
[2026-07-22T10:16:37.061Z] LiveUpdateForge: EndTurn fallback flush
[2026-07-22T10:16:37.062Z] onEndTurn: naturalStop=false toolCalls=0 nudgeMsg=no
[2026-07-22T10:16:37.491Z] LiveUpdateForge: AfterToolExec flush
[2026-07-22T10:16:37.590Z] InitialReadForge.onBeforeSend: SKIP (fr=true syn=false hasRead=true)
[2026-07-22T10:16:48.852Z] LiveUpdateForge: EndTurn fallback flush
[2026-07-22T10:16:48.853Z] onEndTurn: naturalStop=false toolCalls=1 nudgeMsg=no
[2026-07-22T10:16:49.326Z] LiveUpdateForge: AfterToolExec flush
[2026-07-22T10:16:49.417Z] InitialReadForge.onBeforeSend: SKIP (fr=true syn=false hasRead=true)
[2026-07-22T10:16:58.275Z] LiveUpdateForge: EndTurn fallback flush
[2026-07-22T10:16:58.275Z] onEndTurn: naturalStop=false toolCalls=2 nudgeMsg=no
[2026-07-22T10:16:58.619Z] LiveUpdateForge: AfterToolExec flush
[2026-07-22T10:16:58.717Z] InitialReadForge.onBeforeSend: SKIP (fr=true syn=false hasRead=true)
[2026-07-22T10:17:07.098Z] LiveUpdateForge: EndTurn fallback flush
[2026-07-22T10:17:07.099Z] onEndTurn: naturalStop=false toolCalls=3 nudgeMsg=no
[2026-07-22T10:17:07.115Z] LiveUpdateForge: AfterToolExec flush
[2026-07-22T10:17:07.211Z] InitialReadForge.onBeforeSend: SKIP (fr=true syn=false hasRead=true)
[2026-07-22T10:17:15.208Z] LiveUpdateForge: EndTurn fallback flush
[2026-07-22T10:17:15.209Z] onEndTurn: naturalStop=false toolCalls=4 nudgeMsg=no
[2026-07-22T10:17:15.422Z] LiveUpdateForge: AfterToolExec flush
[2026-07-22T10:17:15.529Z] InitialReadForge.onBeforeSend: SKIP (fr=true syn=false hasRead=true)
[2026-07-22T10:17:31.052Z] LiveUpdateForge: EndTurn fallback flush
[2026-07-22T10:17:31.053Z] onEndTurn: naturalStop=false toolCalls=5 nudgeMsg=no
[2026-07-22T10:17:31.247Z] LiveUpdateForge: AfterToolExec flush
[2026-07-22T10:17:31.337Z] InitialReadForge.onBeforeSend: SKIP (fr=true syn=false hasRead=true)
[2026-07-22T10:17:51.646Z] LiveUpdateForge: EndTurn fallback flush
[2026-07-22T10:17:51.647Z] onEndTurn: naturalStop=false toolCalls=6 nudgeMsg=no
[2026-07-22T10:17:51.826Z] LiveUpdateForge: AfterToolExec flush
[2026-07-22T10:17:51.936Z] InitialReadForge.onBeforeSend: SKIP (fr=true syn=false hasRead=true)
[2026-07-22T10:18:00.265Z] LiveUpdateForge: EndTurn fallback flush
[2026-07-22T10:18:00.266Z] onEndTurn: naturalStop=false toolCalls=7 nudgeMsg=no
[2026-07-22T10:18:00.283Z] LiveUpdateForge: AfterToolExec flush
[2026-07-22T10:18:00.381Z] InitialReadForge.onBeforeSend: SKIP (fr=true syn=false hasRead=true)
[2026-07-22T10:18:11.329Z] LiveUpdateForge: EndTurn fallback flush
[2026-07-22T10:18:11.330Z] onEndTurn: naturalStop=false toolCalls=8 nudgeMsg=no
[2026-07-22T10:18:11.620Z] LiveUpdateForge: AfterToolExec flush
[2026-07-22T10:18:11.714Z] InitialReadForge.onBeforeSend: SKIP (fr=true syn=false hasRead=true)
[2026-07-22T10:18:20.530Z] LiveUpdateForge: EndTurn fallback flush
[2026-07-22T10:18:20.531Z] onEndTurn: naturalStop=false toolCalls=9 nudgeMsg=no
[2026-07-22T10:18:20.606Z] LiveUpdateForge: AfterToolExec flush
[2026-07-22T10:18:20.710Z] InitialReadForge.onBeforeSend: SKIP (fr=true syn=false hasRead=true)
[2026-07-22T10:18:32.859Z] LiveUpdateForge: EndTurn fallback flush
[2026-07-22T10:18:32.860Z] onEndTurn: naturalStop=false toolCalls=10 nudgeMsg=no
[2026-07-22T10:18:32.878Z] LiveUpdateForge: AfterToolExec flush
[2026-07-22T10:18:33.002Z] InitialReadForge.onBeforeSend: SKIP (fr=true syn=false hasRead=true)
[2026-07-22T10:19:54.257Z] LiveUpdateForge: EndTurn fallback flush
[2026-07-22T10:19:54.258Z] onEndTurn: naturalStop=false toolCalls=11 nudgeMsg=no
[2026-07-22T10:19:54.453Z] LiveUpdateForge: AfterToolExec flush
[2026-07-22T10:19:54.557Z] InitialReadForge.onBeforeSend: SKIP (fr=true syn=false hasRead=true)
[2026-07-22T10:20:03.758Z] LiveUpdateForge: EndTurn fallback flush
[2026-07-22T10:20:03.759Z] onEndTurn: naturalStop=false toolCalls=12 nudgeMsg=no
[2026-07-22T10:20:04.349Z] LiveUpdateForge: AfterToolExec flush
[2026-07-22T10:20:04.456Z] InitialReadForge.onBeforeSend: SKIP (fr=true syn=false hasRead=true)
[2026-07-22T10:20:17.352Z] LiveUpdateForge: EndTurn fallback flush
[2026-07-22T10:20:17.353Z] onEndTurn: naturalStop=false toolCalls=13 nudgeMsg=no
[2026-07-22T10:20:17.717Z] LiveUpdateForge: AfterToolExec flush
[2026-07-22T10:20:17.835Z] InitialReadForge.onBeforeSend: SKIP (fr=true syn=false hasRead=true)
[2026-07-22T10:21:04.371Z] LiveUpdateForge: EndTurn fallback flush
[2026-07-22T10:21:04.372Z] onEndTurn: naturalStop=false toolCalls=14 nudgeMsg=no
[2026-07-22T10:21:04.394Z] LiveUpdateForge: AfterToolExec flush
[2026-07-22T10:21:04.507Z] InitialReadForge.onBeforeSend: SKIP (fr=true syn=false hasRead=true)
[2026-07-22T10:21:46.632Z] LiveUpdateForge: EndTurn fallback flush
[2026-07-22T10:21:46.632Z] onEndTurn: naturalStop=false toolCalls=15 nudgeMsg=no
[2026-07-22T10:21:46.659Z] LiveUpdateForge: AfterToolExec flush
[2026-07-22T10:21:46.755Z] InitialReadForge.onBeforeSend: SKIP (fr=true syn=false hasRead=true)
[2026-07-22T10:21:56.213Z] LiveUpdateForge: EndTurn fallback flush
[2026-07-22T10:21:56.213Z] onEndTurn: naturalStop=false toolCalls=16 nudgeMsg=no
[2026-07-22T10:22:12.198Z] LiveUpdateForge: AfterToolExec flush
[2026-07-22T10:22:12.317Z] InitialReadForge.onBeforeSend: SKIP (fr=true syn=false hasRead=true)
[2026-07-22T10:22:20.117Z] LiveUpdateForge: EndTurn fallback flush
[2026-07-22T10:22:20.118Z] onEndTurn: naturalStop=false toolCalls=17 nudgeMsg=no
[2026-07-22T10:22:20.349Z] LiveUpdateForge: AfterToolExec flush
[2026-07-22T10:22:20.532Z] InitialReadForge.onBeforeSend: SKIP (fr=true syn=false hasRead=true)
[2026-07-22T10:22:40.108Z] LiveUpdateForge: EndTurn fallback flush
[2026-07-22T10:22:40.109Z] onEndTurn: naturalStop=true toolCalls=18 nudgeMsg=no
