[2026-08-05T01:19:19.204Z] MemoryForge: attached 5 listener(s)
[2026-08-05T01:19:19.205Z] InitialReadForge: armed one-shot BeforeSend after NewSessionStart
[2026-08-05T01:19:19.205Z] LiveUpdateForge: session reset, allowLiveUpdate = false
[2026-08-05T01:23:34.858Z] LiveUpdateForge: session reset, allowLiveUpdate = false
[2026-08-05T01:23:39.302Z] ResumeDiffForge: running checkResumeConsistency
[2026-08-05T01:23:40.255Z] checkResumeConsistency: forgedTimestamps=[]
[2026-08-05T01:23:42.464Z] checkResumeConsistency: no changes detected
[2026-08-05T01:23:42.465Z] LiveUpdateForge: session reset, allowLiveUpdate = false
[2026-08-05T01:23:42.471Z] NudgeForge: ResumeComplete — restoring count from history
[2026-08-05T01:23:42.508Z] restoreNudgeCountFromHistory: found nudge message at idx=1338 count=15
[2026-08-05T01:24:18.065Z] ResumeDiffForge: running checkResumeConsistency
[2026-08-05T01:24:18.066Z] checkResumeConsistency: forgedTimestamps=[]
[2026-08-05T01:24:18.279Z] checkResumeConsistency: no changes detected
[2026-08-05T01:24:18.279Z] LiveUpdateForge: session reset, allowLiveUpdate = false
[2026-08-05T01:24:18.280Z] NudgeForge: ResumeComplete — restoring count from history
[2026-08-05T01:24:18.280Z] restoreNudgeCountFromHistory: found nudge message at idx=1338 count=15
[2026-08-05T01:24:21.028Z] ResumeDiffForge: running checkResumeConsistency
[2026-08-05T01:24:21.029Z] checkResumeConsistency: forgedTimestamps=[]
[2026-08-05T01:24:21.252Z] checkResumeConsistency: no changes detected
[2026-08-05T01:24:21.253Z] LiveUpdateForge: session reset, allowLiveUpdate = false
[2026-08-05T01:24:21.253Z] NudgeForge: ResumeComplete — restoring count from history
[2026-08-05T01:24:21.254Z] restoreNudgeCountFromHistory: found nudge message at idx=1338 count=15
[2026-08-05T01:24:24.781Z] MemoryForge: attached 5 listener(s)
[2026-08-05T01:24:24.782Z] InitialReadForge: armed one-shot BeforeSend after NewSessionStart
[2026-08-05T01:24:24.782Z] LiveUpdateForge: session reset, allowLiveUpdate = false
[2026-08-05T01:24:24.808Z] MemoryForge: detached all listeners
[2026-08-05T01:24:24.809Z] ResumeDiffForge: running checkResumeConsistency
[2026-08-05T01:24:24.810Z] checkResumeConsistency: forgedTimestamps=[]
[2026-08-05T01:24:25.290Z] checkResumeConsistency: no changes detected
[2026-08-05T01:24:25.290Z] LiveUpdateForge: session reset, allowLiveUpdate = false
[2026-08-05T01:24:25.291Z] NudgeForge: ResumeComplete — restoring count from history
[2026-08-05T01:24:25.291Z] restoreNudgeCountFromHistory: found nudge message at idx=1338 count=15
[2026-08-05T01:24:26.658Z] LiveUpdateForge: allowLiveUpdate = true (first real BeforeSend)
[2026-08-05T01:24:26.659Z] InitialReadForge.onBeforeSend: SKIP (fr=false syn=false hasRead=true)
[2026-08-05T01:25:21.196Z] LiveUpdateForge: EndTurn fallback flush
[2026-08-05T01:25:21.197Z] onEndTurn: naturalStop=false toolCalls=15 nudgeMsg=no
[2026-08-05T01:25:41.827Z] LiveUpdateForge: AfterToolExec flush
[2026-08-05T01:25:42.020Z] InitialReadForge.onBeforeSend: SKIP (fr=true syn=false hasRead=true)
[2026-08-05T01:25:47.374Z] LiveUpdateForge: EndTurn fallback flush
[2026-08-05T01:25:47.375Z] onEndTurn: naturalStop=true toolCalls=16 nudgeMsg=no
[2026-08-05T01:35:02.701Z] MemoryForge: attached 5 listener(s)
[2026-08-05T01:35:02.702Z] InitialReadForge: armed one-shot BeforeSend after NewSessionStart
[2026-08-05T01:35:02.702Z] LiveUpdateForge: session reset, allowLiveUpdate = false
[2026-08-05T01:42:05.159Z] LiveUpdateForge: session reset, allowLiveUpdate = false
[2026-08-05T01:42:08.074Z] ResumeDiffForge: running checkResumeConsistency
[2026-08-05T01:42:08.201Z] checkResumeConsistency: forgedTimestamps=[]
[2026-08-05T01:42:10.384Z] checkResumeConsistency: no changes detected
[2026-08-05T01:42:10.385Z] LiveUpdateForge: session reset, allowLiveUpdate = false
[2026-08-05T01:42:10.385Z] NudgeForge: ResumeComplete — restoring count from history
[2026-08-05T01:42:10.440Z] restoreNudgeCountFromHistory: found nudge message at idx=1338 count=16
[2026-08-05T01:42:54.866Z] ResumeDiffForge: running checkResumeConsistency
[2026-08-05T01:42:54.867Z] checkResumeConsistency: forgedTimestamps=[]
[2026-08-05T01:42:54.965Z] checkResumeConsistency: no changes detected
[2026-08-05T01:42:54.966Z] LiveUpdateForge: session reset, allowLiveUpdate = false
[2026-08-05T01:42:54.966Z] NudgeForge: ResumeComplete — restoring count from history
[2026-08-05T01:42:54.967Z] restoreNudgeCountFromHistory: found nudge message at idx=1338 count=16
[2026-08-05T01:43:19.623Z] ResumeDiffForge: running checkResumeConsistency
[2026-08-05T01:43:19.624Z] checkResumeConsistency: forgedTimestamps=[]
[2026-08-05T01:43:19.834Z] checkResumeConsistency: no changes detected
[2026-08-05T01:43:19.835Z] LiveUpdateForge: session reset, allowLiveUpdate = false
[2026-08-05T01:43:19.835Z] NudgeForge: ResumeComplete — restoring count from history
[2026-08-05T01:43:19.836Z] restoreNudgeCountFromHistory: found nudge message at idx=1338 count=16
[2026-08-05T01:43:38.387Z] MemoryForge: attached 5 listener(s)
[2026-08-05T01:43:38.387Z] InitialReadForge: armed one-shot BeforeSend after NewSessionStart
[2026-08-05T01:43:38.388Z] LiveUpdateForge: session reset, allowLiveUpdate = false
[2026-08-05T01:43:38.418Z] MemoryForge: detached all listeners
[2026-08-05T01:43:38.508Z] ResumeDiffForge: running checkResumeConsistency
[2026-08-05T01:43:38.579Z] checkResumeConsistency: forgedTimestamps=[]
[2026-08-05T01:43:39.322Z] checkResumeConsistency: no changes detected
[2026-08-05T01:43:39.578Z] LiveUpdateForge: session reset, allowLiveUpdate = false
[2026-08-05T01:43:39.650Z] NudgeForge: ResumeComplete — restoring count from history
[2026-08-05T01:43:39.651Z] restoreNudgeCountFromHistory: found nudge message at idx=1338 count=16
[2026-08-05T01:43:40.184Z] LiveUpdateForge: allowLiveUpdate = true (first real BeforeSend)
[2026-08-05T01:43:40.307Z] InitialReadForge.onBeforeSend: SKIP (fr=false syn=false hasRead=true)
[2026-08-05T01:44:19.339Z] LiveUpdateForge: EndTurn fallback flush
[2026-08-05T01:44:19.340Z] onEndTurn: naturalStop=false toolCalls=16 nudgeMsg=no
[2026-08-05T01:46:27.803Z] LiveUpdateForge: AfterToolExec flush
[2026-08-05T01:46:27.880Z] InitialReadForge.onBeforeSend: SKIP (fr=true syn=false hasRead=true)
[2026-08-05T01:46:34.894Z] LiveUpdateForge: EndTurn fallback flush
[2026-08-05T01:46:34.894Z] onEndTurn: naturalStop=false toolCalls=17 nudgeMsg=no
[2026-08-05T01:46:35.061Z] InitialReadForge.onBeforeSend: SKIP (fr=true syn=false hasRead=true)
[2026-08-05T01:46:40.019Z] LiveUpdateForge: EndTurn fallback flush
[2026-08-05T01:46:40.019Z] onEndTurn: naturalStop=false toolCalls=17 nudgeMsg=no
[2026-08-05T01:46:42.622Z] LiveUpdateForge: AfterToolExec flush
[2026-08-05T01:46:42.695Z] InitialReadForge.onBeforeSend: SKIP (fr=true syn=false hasRead=true)
[2026-08-05T01:46:47.111Z] LiveUpdateForge: EndTurn fallback flush
[2026-08-05T01:46:47.112Z] onEndTurn: naturalStop=true toolCalls=18 nudgeMsg=no
[2026-08-05T01:55:32.772Z] ResumeDiffForge: running checkResumeConsistency
[2026-08-05T01:55:32.773Z] checkResumeConsistency: forgedTimestamps=[]
[2026-08-05T01:55:32.791Z] checkResumeConsistency: no changes detected
[2026-08-05T01:55:32.792Z] LiveUpdateForge: session reset, allowLiveUpdate = false
[2026-08-05T01:55:32.793Z] NudgeForge: ResumeComplete — restoring count from history
[2026-08-05T01:55:32.794Z] restoreNudgeCountFromHistory: found nudge message at idx=1338 count=19
[2026-08-05T01:55:33.090Z] LiveUpdateForge: allowLiveUpdate = true (first real BeforeSend)
[2026-08-05T01:55:33.092Z] InitialReadForge.onBeforeSend: SKIP (fr=false syn=false hasRead=true)
[2026-08-05T01:55:43.338Z] LiveUpdateForge: EndTurn fallback flush
[2026-08-05T01:55:43.339Z] onEndTurn: naturalStop=false toolCalls=19 nudgeMsg=no
[2026-08-05T01:56:00.148Z] LiveUpdateForge: AfterToolExec flush
[2026-08-05T01:56:00.227Z] InitialReadForge.onBeforeSend: SKIP (fr=true syn=false hasRead=true)
[2026-08-05T01:56:05.785Z] LiveUpdateForge: EndTurn fallback flush
[2026-08-05T01:56:05.786Z] onEndTurn: naturalStop=false toolCalls=20 nudgeMsg=no
[2026-08-05T01:56:06.403Z] LiveUpdateForge: AfterToolExec flush
[2026-08-05T01:56:06.489Z] InitialReadForge.onBeforeSend: SKIP (fr=true syn=false hasRead=true)
[2026-08-05T01:56:11.364Z] LiveUpdateForge: EndTurn fallback flush
[2026-08-05T01:56:11.364Z] onEndTurn: naturalStop=false toolCalls=21 nudgeMsg=no
[2026-08-05T01:56:12.106Z] LiveUpdateForge: AfterToolExec flush
[2026-08-05T01:56:12.195Z] InitialReadForge.onBeforeSend: SKIP (fr=true syn=false hasRead=true)
[2026-08-05T01:56:22.622Z] LiveUpdateForge: EndTurn fallback flush
[2026-08-05T01:56:22.622Z] onEndTurn: naturalStop=false toolCalls=22 nudgeMsg=no
[2026-08-05T01:56:22.956Z] LiveUpdateForge: AfterToolExec flush
[2026-08-05T01:56:23.045Z] InitialReadForge.onBeforeSend: SKIP (fr=true syn=false hasRead=true)
[2026-08-05T01:56:33.298Z] LiveUpdateForge: EndTurn fallback flush
[2026-08-05T01:56:33.299Z] onEndTurn: naturalStop=true toolCalls=23 nudgeMsg=no
[2026-08-05T01:58:36.823Z] ResumeDiffForge: running checkResumeConsistency
[2026-08-05T01:58:36.824Z] checkResumeConsistency: forgedTimestamps=[]
[2026-08-05T01:58:36.842Z] checkResumeConsistency: no changes detected
[2026-08-05T01:58:36.843Z] LiveUpdateForge: session reset, allowLiveUpdate = false
[2026-08-05T01:58:36.843Z] NudgeForge: ResumeComplete — restoring count from history
[2026-08-05T01:58:36.844Z] restoreNudgeCountFromHistory: found nudge message at idx=1338 count=23
[2026-08-05T01:58:37.174Z] LiveUpdateForge: allowLiveUpdate = true (first real BeforeSend)
[2026-08-05T01:58:37.177Z] InitialReadForge.onBeforeSend: SKIP (fr=false syn=false hasRead=true)
[2026-08-05T01:58:44.667Z] LiveUpdateForge: EndTurn fallback flush
[2026-08-05T01:58:44.668Z] onEndTurn: naturalStop=false toolCalls=23 nudgeMsg=no
[2026-08-05T01:58:45.094Z] LiveUpdateForge: AfterToolExec flush
[2026-08-05T01:58:45.172Z] InitialReadForge.onBeforeSend: SKIP (fr=true syn=false hasRead=true)
[2026-08-05T01:58:49.567Z] LiveUpdateForge: EndTurn fallback flush
[2026-08-05T01:58:49.567Z] onEndTurn: naturalStop=false toolCalls=24 nudgeMsg=no
[2026-08-05T01:58:49.614Z] LiveUpdateForge: AfterToolExec flush
[2026-08-05T01:58:49.691Z] InitialReadForge.onBeforeSend: SKIP (fr=true syn=false hasRead=true)
[2026-08-05T01:58:53.594Z] LiveUpdateForge: EndTurn fallback flush
[2026-08-05T01:58:53.595Z] onEndTurn: naturalStop=false toolCalls=25 nudgeMsg=no
[2026-08-05T01:58:57.253Z] LiveUpdateForge: AfterToolExec flush
[2026-08-05T01:58:57.345Z] InitialReadForge.onBeforeSend: SKIP (fr=true syn=false hasRead=true)
[2026-08-05T01:59:03.199Z] LiveUpdateForge: EndTurn fallback flush
[2026-08-05T01:59:03.199Z] onEndTurn: naturalStop=true toolCalls=26 nudgeMsg=no
[2026-08-05T02:12:54.220Z] ResumeDiffForge: running checkResumeConsistency
[2026-08-05T02:12:54.222Z] checkResumeConsistency: forgedTimestamps=[]
[2026-08-05T02:12:54.251Z] checkResumeConsistency: no changes detected
[2026-08-05T02:12:54.252Z] LiveUpdateForge: session reset, allowLiveUpdate = false
[2026-08-05T02:12:54.252Z] NudgeForge: ResumeComplete — restoring count from history
[2026-08-05T02:12:54.253Z] restoreNudgeCountFromHistory: found nudge message at idx=1338 count=26
[2026-08-05T02:12:54.686Z] LiveUpdateForge: allowLiveUpdate = true (first real BeforeSend)
[2026-08-05T02:12:54.689Z] InitialReadForge.onBeforeSend: SKIP (fr=false syn=false hasRead=true)
[2026-08-05T02:13:14.606Z] LiveUpdateForge: EndTurn fallback flush
[2026-08-05T02:13:14.607Z] onEndTurn: naturalStop=false toolCalls=26 nudgeMsg=no
[2026-08-05T02:13:14.960Z] LiveUpdateForge: AfterToolExec flush
[2026-08-05T02:13:15.050Z] InitialReadForge.onBeforeSend: SKIP (fr=true syn=false hasRead=true)
[2026-08-05T02:13:33.754Z] LiveUpdateForge: EndTurn fallback flush
[2026-08-05T02:13:33.755Z] onEndTurn: naturalStop=false toolCalls=27 nudgeMsg=no
[2026-08-05T02:13:33.771Z] LiveUpdateForge: AfterToolExec flush
[2026-08-05T02:13:33.852Z] InitialReadForge.onBeforeSend: SKIP (fr=true syn=false hasRead=true)
[2026-08-05T02:13:40.785Z] ResumeDiffForge: running checkResumeConsistency
[2026-08-05T02:13:40.787Z] checkResumeConsistency: forgedTimestamps=[]
[2026-08-05T02:13:40.821Z] checkResumeConsistency: no changes detected
[2026-08-05T02:13:40.822Z] LiveUpdateForge: session reset, allowLiveUpdate = false
[2026-08-05T02:13:40.823Z] NudgeForge: ResumeComplete — restoring count from history
[2026-08-05T02:13:40.824Z] restoreNudgeCountFromHistory: found nudge message at idx=1338 count=26
[2026-08-05T02:13:41.175Z] LiveUpdateForge: allowLiveUpdate = true (first real BeforeSend)
[2026-08-05T02:13:41.177Z] InitialReadForge.onBeforeSend: SKIP (fr=false syn=false hasRead=true)
[2026-08-05T02:14:12.090Z] LiveUpdateForge: EndTurn fallback flush
[2026-08-05T02:14:12.090Z] onEndTurn: naturalStop=false toolCalls=26 nudgeMsg=no
[2026-08-05T02:14:12.113Z] LiveUpdateForge: AfterToolExec flush
[2026-08-05T02:14:12.190Z] InitialReadForge.onBeforeSend: SKIP (fr=true syn=false hasRead=true)
[2026-08-05T02:14:21.956Z] LiveUpdateForge: EndTurn fallback flush
[2026-08-05T02:14:21.956Z] onEndTurn: naturalStop=false toolCalls=27 nudgeMsg=no
[2026-08-05T02:14:22.287Z] LiveUpdateForge: AfterToolExec flush
[2026-08-05T02:14:22.352Z] InitialReadForge.onBeforeSend: SKIP (fr=true syn=false hasRead=true)
[2026-08-05T02:14:26.909Z] LiveUpdateForge: EndTurn fallback flush
[2026-08-05T02:14:26.910Z] onEndTurn: naturalStop=false toolCalls=28 nudgeMsg=no
[2026-08-05T02:14:27.256Z] LiveUpdateForge: AfterToolExec flush
[2026-08-05T02:14:27.327Z] InitialReadForge.onBeforeSend: SKIP (fr=true syn=false hasRead=true)
[2026-08-05T02:14:32.360Z] LiveUpdateForge: EndTurn fallback flush
[2026-08-05T02:14:32.360Z] onEndTurn: naturalStop=false toolCalls=29 nudgeMsg=no
[2026-08-05T02:14:32.533Z] LiveUpdateForge: AfterToolExec flush
[2026-08-05T02:14:32.602Z] InitialReadForge.onBeforeSend: SKIP (fr=true syn=false hasRead=true)
[2026-08-05T02:14:37.085Z] LiveUpdateForge: EndTurn fallback flush
[2026-08-05T02:14:37.086Z] onEndTurn: naturalStop=true toolCalls=30 nudgeMsg=no
[2026-08-05T02:18:28.173Z] ResumeDiffForge: running checkResumeConsistency
[2026-08-05T02:18:28.175Z] checkResumeConsistency: forgedTimestamps=[]
[2026-08-05T02:18:28.194Z] checkResumeConsistency: no changes detected
[2026-08-05T02:18:28.195Z] LiveUpdateForge: session reset, allowLiveUpdate = false
[2026-08-05T02:18:28.196Z] NudgeForge: ResumeComplete — restoring count from history
[2026-08-05T02:18:28.197Z] restoreNudgeCountFromHistory: found nudge message at idx=1338 count=30
[2026-08-05T02:18:28.594Z] LiveUpdateForge: allowLiveUpdate = true (first real BeforeSend)
[2026-08-05T02:18:28.595Z] InitialReadForge.onBeforeSend: SKIP (fr=false syn=false hasRead=true)
[2026-08-05T02:18:38.712Z] LiveUpdateForge: EndTurn fallback flush
[2026-08-05T02:18:38.713Z] onEndTurn: naturalStop=false toolCalls=30 nudgeMsg=no
[2026-08-05T02:18:38.748Z] LiveUpdateForge: AfterToolExec flush
[2026-08-05T02:18:38.841Z] InitialReadForge.onBeforeSend: SKIP (fr=true syn=false hasRead=true)
[2026-08-05T02:19:04.173Z] LiveUpdateForge: EndTurn fallback flush
[2026-08-05T02:19:04.173Z] onEndTurn: naturalStop=true toolCalls=31 nudgeMsg=no
[2026-08-05T02:20:36.959Z] ResumeDiffForge: running checkResumeConsistency
[2026-08-05T02:20:36.960Z] checkResumeConsistency: forgedTimestamps=[]
[2026-08-05T02:20:36.980Z] checkResumeConsistency: no changes detected
[2026-08-05T02:20:36.980Z] LiveUpdateForge: session reset, allowLiveUpdate = false
[2026-08-05T02:20:36.981Z] NudgeForge: ResumeComplete — restoring count from history
[2026-08-05T02:20:36.982Z] restoreNudgeCountFromHistory: found nudge message at idx=1338 count=31
[2026-08-05T02:20:37.347Z] LiveUpdateForge: allowLiveUpdate = true (first real BeforeSend)
[2026-08-05T02:20:37.348Z] InitialReadForge.onBeforeSend: SKIP (fr=false syn=false hasRead=true)
[2026-08-05T02:20:44.529Z] LiveUpdateForge: EndTurn fallback flush
[2026-08-05T02:20:44.530Z] onEndTurn: naturalStop=false toolCalls=31 nudgeMsg=no
[2026-08-05T02:20:44.558Z] LiveUpdateForge: AfterToolExec flush
[2026-08-05T02:20:44.632Z] InitialReadForge.onBeforeSend: SKIP (fr=true syn=false hasRead=true)
[2026-08-05T02:20:52.590Z] LiveUpdateForge: EndTurn fallback flush
[2026-08-05T02:20:52.591Z] onEndTurn: naturalStop=false toolCalls=32 nudgeMsg=no
[2026-08-05T02:20:52.647Z] LiveUpdateForge: AfterToolExec flush
[2026-08-05T02:20:52.729Z] InitialReadForge.onBeforeSend: SKIP (fr=true syn=false hasRead=true)
[2026-08-05T02:21:01.713Z] LiveUpdateForge: EndTurn fallback flush
[2026-08-05T02:21:01.714Z] onEndTurn: naturalStop=false toolCalls=33 nudgeMsg=no
[2026-08-05T02:21:01.739Z] LiveUpdateForge: AfterToolExec flush
[2026-08-05T02:21:01.800Z] InitialReadForge.onBeforeSend: SKIP (fr=true syn=false hasRead=true)
[2026-08-05T02:21:16.483Z] LiveUpdateForge: EndTurn fallback flush
[2026-08-05T02:21:16.483Z] onEndTurn: naturalStop=false toolCalls=34 nudgeMsg=no
[2026-08-05T02:21:21.450Z] LiveUpdateForge: AfterToolExec flush
[2026-08-05T02:21:21.531Z] InitialReadForge.onBeforeSend: SKIP (fr=true syn=false hasRead=true)
[2026-08-05T02:21:29.134Z] LiveUpdateForge: EndTurn fallback flush
[2026-08-05T02:21:29.136Z] onEndTurn: naturalStop=false toolCalls=35 nudgeMsg=no
[2026-08-05T02:21:29.236Z] LiveUpdateForge: AfterToolExec flush
[2026-08-05T02:21:29.313Z] InitialReadForge.onBeforeSend: SKIP (fr=true syn=false hasRead=true)
[2026-08-05T02:21:39.603Z] LiveUpdateForge: EndTurn fallback flush
[2026-08-05T02:21:39.604Z] onEndTurn: naturalStop=false toolCalls=36 nudgeMsg=no
[2026-08-05T02:21:40.418Z] LiveUpdateForge: AfterToolExec flush
[2026-08-05T02:21:40.496Z] InitialReadForge.onBeforeSend: SKIP (fr=true syn=false hasRead=true)
[2026-08-05T02:21:46.494Z] LiveUpdateForge: EndTurn fallback flush
[2026-08-05T02:21:46.495Z] onEndTurn: naturalStop=false toolCalls=37 nudgeMsg=no
[2026-08-05T02:21:55.057Z] LiveUpdateForge: AfterToolExec flush
[2026-08-05T02:21:55.166Z] InitialReadForge.onBeforeSend: SKIP (fr=true syn=false hasRead=true)
[2026-08-05T02:22:05.084Z] LiveUpdateForge: EndTurn fallback flush
[2026-08-05T02:22:05.085Z] onEndTurn: naturalStop=false toolCalls=38 nudgeMsg=no
[2026-08-05T02:22:05.336Z] LiveUpdateForge: AfterToolExec flush
[2026-08-05T02:22:05.408Z] InitialReadForge.onBeforeSend: SKIP (fr=true syn=false hasRead=true)
[2026-08-05T02:22:23.240Z] LiveUpdateForge: EndTurn fallback flush
[2026-08-05T02:22:23.240Z] onEndTurn: naturalStop=true toolCalls=39 nudgeMsg=no
[2026-08-05T02:24:02.434Z] ResumeDiffForge: running checkResumeConsistency
[2026-08-05T02:24:02.436Z] checkResumeConsistency: forgedTimestamps=[]
[2026-08-05T02:24:02.454Z] checkResumeConsistency: no changes detected
[2026-08-05T02:24:02.455Z] LiveUpdateForge: session reset, allowLiveUpdate = false
[2026-08-05T02:24:02.455Z] NudgeForge: ResumeComplete — restoring count from history
[2026-08-05T02:24:02.457Z] restoreNudgeCountFromHistory: found nudge message at idx=1338 count=39
[2026-08-05T02:24:02.795Z] LiveUpdateForge: allowLiveUpdate = true (first real BeforeSend)
[2026-08-05T02:24:02.796Z] InitialReadForge.onBeforeSend: SKIP (fr=false syn=false hasRead=true)
[2026-08-05T02:28:27.107Z] ResumeDiffForge: running checkResumeConsistency
[2026-08-05T02:28:27.109Z] checkResumeConsistency: forgedTimestamps=[]
[2026-08-05T02:28:27.127Z] checkResumeConsistency: no changes detected
[2026-08-05T02:28:27.128Z] LiveUpdateForge: session reset, allowLiveUpdate = false
[2026-08-05T02:28:27.128Z] NudgeForge: ResumeComplete — restoring count from history
[2026-08-05T02:28:27.129Z] restoreNudgeCountFromHistory: found nudge message at idx=1338 count=39
[2026-08-05T02:28:27.440Z] LiveUpdateForge: allowLiveUpdate = true (first real BeforeSend)
[2026-08-05T02:28:27.441Z] InitialReadForge.onBeforeSend: SKIP (fr=false syn=false hasRead=true)
[2026-08-05T02:28:37.416Z] LiveUpdateForge: EndTurn fallback flush
[2026-08-05T02:28:37.417Z] onEndTurn: naturalStop=false toolCalls=39 nudgeMsg=no
[2026-08-05T02:28:37.446Z] LiveUpdateForge: AfterToolExec flush
[2026-08-05T02:28:37.532Z] InitialReadForge.onBeforeSend: SKIP (fr=true syn=false hasRead=true)
[2026-08-05T02:28:51.402Z] LiveUpdateForge: EndTurn fallback flush
[2026-08-05T02:28:51.402Z] onEndTurn: naturalStop=false toolCalls=40 nudgeMsg=no
[2026-08-05T02:28:51.418Z] LiveUpdateForge: AfterToolExec flush
[2026-08-05T02:28:51.515Z] InitialReadForge.onBeforeSend: SKIP (fr=true syn=false hasRead=true)
[2026-08-05T02:29:01.452Z] LiveUpdateForge: EndTurn fallback flush
[2026-08-05T02:29:01.453Z] onEndTurn: naturalStop=true toolCalls=41 nudgeMsg=no
[2026-08-05T02:33:27.729Z] ResumeDiffForge: running checkResumeConsistency
[2026-08-05T02:33:27.731Z] checkResumeConsistency: forgedTimestamps=[]
[2026-08-05T02:33:27.762Z] checkResumeConsistency: no changes detected
[2026-08-05T02:33:27.763Z] LiveUpdateForge: session reset, allowLiveUpdate = false
[2026-08-05T02:33:27.764Z] NudgeForge: ResumeComplete — restoring count from history
[2026-08-05T02:33:27.766Z] restoreNudgeCountFromHistory: found nudge message at idx=1338 count=41
[2026-08-05T02:40:51.422Z] ResumeDiffForge: running checkResumeConsistency
[2026-08-05T02:40:51.424Z] checkResumeConsistency: forgedTimestamps=[]
[2026-08-05T02:40:51.442Z] checkResumeConsistency: no changes detected
[2026-08-05T02:40:51.443Z] LiveUpdateForge: session reset, allowLiveUpdate = false
[2026-08-05T02:40:51.443Z] NudgeForge: ResumeComplete — restoring count from history
[2026-08-05T02:40:51.444Z] restoreNudgeCountFromHistory: found nudge message at idx=1338 count=41
[2026-08-05T02:40:51.806Z] LiveUpdateForge: allowLiveUpdate = true (first real BeforeSend)
[2026-08-05T02:40:51.808Z] InitialReadForge.onBeforeSend: SKIP (fr=false syn=false hasRead=true)
[2026-08-05T02:40:59.225Z] LiveUpdateForge: EndTurn fallback flush
[2026-08-05T02:40:59.226Z] onEndTurn: naturalStop=false toolCalls=41 nudgeMsg=no
[2026-08-05T02:41:46.948Z] LiveUpdateForge: AfterToolExec flush
[2026-08-05T02:41:47.032Z] InitialReadForge.onBeforeSend: SKIP (fr=true syn=false hasRead=true)
[2026-08-05T02:41:57.742Z] LiveUpdateForge: EndTurn fallback flush
[2026-08-05T02:41:57.743Z] onEndTurn: naturalStop=false toolCalls=42 nudgeMsg=no
[2026-08-05T02:41:57.776Z] LiveUpdateForge: AfterToolExec flush
[2026-08-05T02:41:57.851Z] InitialReadForge.onBeforeSend: SKIP (fr=true syn=false hasRead=true)
[2026-08-05T02:42:12.165Z] LiveUpdateForge: EndTurn fallback flush
[2026-08-05T02:42:12.166Z] onEndTurn: naturalStop=false toolCalls=43 nudgeMsg=no
[2026-08-05T02:42:35.762Z] LiveUpdateForge: AfterToolExec flush
[2026-08-05T02:42:35.852Z] InitialReadForge.onBeforeSend: SKIP (fr=true syn=false hasRead=true)
[2026-08-05T02:42:47.695Z] LiveUpdateForge: EndTurn fallback flush
[2026-08-05T02:42:47.696Z] onEndTurn: naturalStop=true toolCalls=44 nudgeMsg=no
[2026-08-05T02:46:49.492Z] ResumeDiffForge: running checkResumeConsistency
[2026-08-05T02:46:49.494Z] checkResumeConsistency: forgedTimestamps=[]
[2026-08-05T02:46:49.517Z] checkResumeConsistency: no changes detected
[2026-08-05T02:46:49.517Z] LiveUpdateForge: session reset, allowLiveUpdate = false
[2026-08-05T02:46:49.517Z] NudgeForge: ResumeComplete — restoring count from history
[2026-08-05T02:46:49.519Z] restoreNudgeCountFromHistory: found nudge message at idx=1338 count=44
[2026-08-05T02:46:49.855Z] LiveUpdateForge: allowLiveUpdate = true (first real BeforeSend)
[2026-08-05T02:46:49.857Z] InitialReadForge.onBeforeSend: SKIP (fr=false syn=false hasRead=true)
[2026-08-05T02:47:02.438Z] LiveUpdateForge: EndTurn fallback flush
[2026-08-05T02:47:02.439Z] onEndTurn: naturalStop=false toolCalls=44 nudgeMsg=no
[2026-08-05T02:47:02.477Z] LiveUpdateForge: AfterToolExec flush
[2026-08-05T02:47:02.558Z] InitialReadForge.onBeforeSend: SKIP (fr=true syn=false hasRead=true)
[2026-08-05T02:47:14.443Z] LiveUpdateForge: EndTurn fallback flush
[2026-08-05T02:47:14.444Z] onEndTurn: naturalStop=false toolCalls=45 nudgeMsg=no
[2026-08-05T02:47:14.459Z] LiveUpdateForge: AfterToolExec flush
[2026-08-05T02:47:14.549Z] InitialReadForge.onBeforeSend: SKIP (fr=true syn=false hasRead=true)
[2026-08-05T02:47:35.531Z] LiveUpdateForge: EndTurn fallback flush
[2026-08-05T02:47:35.532Z] onEndTurn: naturalStop=false toolCalls=46 nudgeMsg=no
[2026-08-05T02:48:13.099Z] LiveUpdateForge: AfterToolExec flush
[2026-08-05T02:48:13.175Z] InitialReadForge.onBeforeSend: SKIP (fr=true syn=false hasRead=true)
[2026-08-05T02:48:27.520Z] LiveUpdateForge: EndTurn fallback flush
[2026-08-05T02:48:27.520Z] onEndTurn: naturalStop=false toolCalls=47 nudgeMsg=no
[2026-08-05T02:48:27.584Z] LiveUpdateForge: AfterToolExec flush
[2026-08-05T02:48:27.671Z] InitialReadForge.onBeforeSend: SKIP (fr=true syn=false hasRead=true)
[2026-08-05T02:48:41.494Z] LiveUpdateForge: EndTurn fallback flush
[2026-08-05T02:48:41.495Z] onEndTurn: naturalStop=false toolCalls=48 nudgeMsg=no
[2026-08-05T02:48:42.199Z] LiveUpdateForge: AfterToolExec flush
[2026-08-05T02:48:42.276Z] InitialReadForge.onBeforeSend: SKIP (fr=true syn=false hasRead=true)
[2026-08-05T02:49:11.399Z] LiveUpdateForge: EndTurn fallback flush
[2026-08-05T02:49:11.400Z] onEndTurn: naturalStop=false toolCalls=49 nudgeMsg=no
[2026-08-05T02:49:21.384Z] LiveUpdateForge: AfterToolExec flush
[2026-08-05T02:49:21.488Z] InitialReadForge.onBeforeSend: SKIP (fr=true syn=false hasRead=true)
[2026-08-05T02:49:30.830Z] LiveUpdateForge: EndTurn fallback flush
[2026-08-05T02:49:30.830Z] onEndTurn: naturalStop=true toolCalls=0 nudgeMsg=YES
[2026-08-05T02:49:30.839Z] InitialReadForge.onBeforeSend: SKIP (fr=false syn=false hasRead=true)
[2026-08-05T02:49:48.220Z] LiveUpdateForge: EndTurn fallback flush
[2026-08-05T02:49:48.221Z] onEndTurn: naturalStop=false toolCalls=0 nudgeMsg=no
[2026-08-05T02:49:48.260Z] LiveUpdateForge: self-write on D:\unity\demo\CODELY.md, baseline aligned
[2026-08-05T02:49:48.273Z] LiveUpdateForge: AfterToolExec flush
[2026-08-05T02:49:48.338Z] InitialReadForge.onBeforeSend: SKIP (fr=true syn=false hasRead=true)
[2026-08-05T02:49:48.881Z] LiveUpdateForge: pending external change on D:\unity\demo\CODELY.md
[2026-08-05T02:50:12.201Z] LiveUpdateForge: EndTurn fallback flush
[2026-08-05T02:50:12.202Z] onEndTurn: naturalStop=true toolCalls=0 nudgeMsg=no
[2026-08-05T02:50:16.601Z] ResumeDiffForge: running checkResumeConsistency
[2026-08-05T02:50:16.603Z] checkResumeConsistency: forgedTimestamps=[]
[2026-08-05T02:50:16.620Z] checkResumeConsistency: no changes detected
[2026-08-05T02:50:16.620Z] LiveUpdateForge: session reset, allowLiveUpdate = false
[2026-08-05T02:50:16.621Z] NudgeForge: ResumeComplete — restoring count from history
[2026-08-05T02:50:16.622Z] restoreNudgeCountFromHistory: found last write at idx=1468 count=0
[2026-08-05T02:50:16.899Z] LiveUpdateForge: allowLiveUpdate = true (first real BeforeSend)
[2026-08-05T02:50:16.900Z] InitialReadForge.onBeforeSend: SKIP (fr=false syn=false hasRead=true)
[2026-08-05T02:50:21.113Z] LiveUpdateForge: EndTurn fallback flush
[2026-08-05T02:50:21.113Z] onEndTurn: naturalStop=false toolCalls=0 nudgeMsg=no
[2026-08-05T02:50:21.136Z] LiveUpdateForge: AfterToolExec flush
[2026-08-05T02:50:21.197Z] InitialReadForge.onBeforeSend: SKIP (fr=true syn=false hasRead=true)
[2026-08-05T02:50:28.202Z] LiveUpdateForge: EndTurn fallback flush
[2026-08-05T02:50:28.203Z] onEndTurn: naturalStop=false toolCalls=1 nudgeMsg=no
[2026-08-05T02:50:29.587Z] LiveUpdateForge: AfterToolExec flush
[2026-08-05T02:50:29.668Z] InitialReadForge.onBeforeSend: SKIP (fr=true syn=false hasRead=true)
[2026-08-05T02:50:34.605Z] LiveUpdateForge: EndTurn fallback flush
[2026-08-05T02:50:34.606Z] onEndTurn: naturalStop=false toolCalls=2 nudgeMsg=no
[2026-08-05T02:50:45.095Z] LiveUpdateForge: AfterToolExec flush
[2026-08-05T02:50:45.177Z] InitialReadForge.onBeforeSend: SKIP (fr=true syn=false hasRead=true)
[2026-08-05T02:50:49.070Z] LiveUpdateForge: EndTurn fallback flush
[2026-08-05T02:50:49.070Z] onEndTurn: naturalStop=true toolCalls=3 nudgeMsg=no
[2026-08-05T02:53:57.775Z] ResumeDiffForge: running checkResumeConsistency
[2026-08-05T02:53:57.776Z] checkResumeConsistency: forgedTimestamps=[]
[2026-08-05T02:53:57.795Z] checkResumeConsistency: no changes detected
[2026-08-05T02:53:57.795Z] LiveUpdateForge: session reset, allowLiveUpdate = false
[2026-08-05T02:53:57.796Z] NudgeForge: ResumeComplete — restoring count from history
[2026-08-05T02:53:57.797Z] restoreNudgeCountFromHistory: found last write at idx=1468 count=3
[2026-08-05T02:53:58.130Z] LiveUpdateForge: allowLiveUpdate = true (first real BeforeSend)
[2026-08-05T02:53:58.131Z] InitialReadForge.onBeforeSend: SKIP (fr=false syn=false hasRead=true)
[2026-08-05T02:54:06.205Z] LiveUpdateForge: EndTurn fallback flush
[2026-08-05T02:54:06.205Z] onEndTurn: naturalStop=false toolCalls=3 nudgeMsg=no
[2026-08-05T02:54:06.246Z] LiveUpdateForge: AfterToolExec flush
[2026-08-05T02:54:06.362Z] InitialReadForge.onBeforeSend: SKIP (fr=true syn=false hasRead=true)
[2026-08-05T02:54:31.558Z] LiveUpdateForge: EndTurn fallback flush
[2026-08-05T02:54:31.559Z] onEndTurn: naturalStop=false toolCalls=4 nudgeMsg=no
[2026-08-05T02:56:14.112Z] LiveUpdateForge: AfterToolExec flush
[2026-08-05T02:56:14.192Z] InitialReadForge.onBeforeSend: SKIP (fr=true syn=false hasRead=true)
[2026-08-05T02:56:51.479Z] LiveUpdateForge: EndTurn fallback flush
[2026-08-05T02:56:51.480Z] onEndTurn: naturalStop=false toolCalls=5 nudgeMsg=no
[2026-08-05T02:56:51.660Z] LiveUpdateForge: AfterToolExec flush
[2026-08-05T02:56:51.724Z] InitialReadForge.onBeforeSend: SKIP (fr=true syn=false hasRead=true)
[2026-08-05T02:57:08.023Z] LiveUpdateForge: EndTurn fallback flush
[2026-08-05T02:57:08.024Z] onEndTurn: naturalStop=false toolCalls=6 nudgeMsg=no
[2026-08-05T02:57:08.730Z] LiveUpdateForge: AfterToolExec flush
[2026-08-05T02:57:08.804Z] InitialReadForge.onBeforeSend: SKIP (fr=true syn=false hasRead=true)
[2026-08-05T02:57:22.624Z] LiveUpdateForge: EndTurn fallback flush
[2026-08-05T02:57:22.625Z] onEndTurn: naturalStop=false toolCalls=7 nudgeMsg=no
[2026-08-05T02:57:32.396Z] LiveUpdateForge: AfterToolExec flush
[2026-08-05T02:57:32.475Z] InitialReadForge.onBeforeSend: SKIP (fr=true syn=false hasRead=true)
[2026-08-05T02:57:40.922Z] LiveUpdateForge: EndTurn fallback flush
[2026-08-05T02:57:40.922Z] onEndTurn: naturalStop=true toolCalls=8 nudgeMsg=no
[2026-08-05T03:02:28.617Z] ResumeDiffForge: running checkResumeConsistency
[2026-08-05T03:02:28.619Z] checkResumeConsistency: forgedTimestamps=[]
[2026-08-05T03:02:28.638Z] checkResumeConsistency: no changes detected
[2026-08-05T03:02:28.639Z] LiveUpdateForge: session reset, allowLiveUpdate = false
[2026-08-05T03:02:28.640Z] NudgeForge: ResumeComplete — restoring count from history
[2026-08-05T03:02:28.641Z] restoreNudgeCountFromHistory: found last write at idx=1468 count=8
[2026-08-05T03:02:28.984Z] LiveUpdateForge: allowLiveUpdate = true (first real BeforeSend)
[2026-08-05T03:02:28.985Z] InitialReadForge.onBeforeSend: SKIP (fr=false syn=false hasRead=true)
[2026-08-05T03:03:01.241Z] LiveUpdateForge: EndTurn fallback flush
[2026-08-05T03:03:01.242Z] onEndTurn: naturalStop=false toolCalls=8 nudgeMsg=no
[2026-08-05T03:03:02.062Z] LiveUpdateForge: AfterToolExec flush
[2026-08-05T03:03:02.130Z] InitialReadForge.onBeforeSend: SKIP (fr=true syn=false hasRead=true)
[2026-08-05T03:03:09.263Z] LiveUpdateForge: EndTurn fallback flush
[2026-08-05T03:03:09.264Z] onEndTurn: naturalStop=false toolCalls=9 nudgeMsg=no
[2026-08-05T03:03:09.277Z] LiveUpdateForge: AfterToolExec flush
[2026-08-05T03:03:09.354Z] InitialReadForge.onBeforeSend: SKIP (fr=true syn=false hasRead=true)
[2026-08-05T03:03:20.031Z] LiveUpdateForge: EndTurn fallback flush
[2026-08-05T03:03:20.031Z] onEndTurn: naturalStop=false toolCalls=10 nudgeMsg=no
[2026-08-05T03:03:20.045Z] LiveUpdateForge: AfterToolExec flush
[2026-08-05T03:03:20.120Z] InitialReadForge.onBeforeSend: SKIP (fr=true syn=false hasRead=true)
[2026-08-05T03:03:35.008Z] LiveUpdateForge: EndTurn fallback flush
[2026-08-05T03:03:35.009Z] onEndTurn: naturalStop=false toolCalls=11 nudgeMsg=no
[2026-08-05T03:03:35.023Z] LiveUpdateForge: AfterToolExec flush
[2026-08-05T03:03:35.090Z] InitialReadForge.onBeforeSend: SKIP (fr=true syn=false hasRead=true)
[2026-08-05T03:03:50.007Z] LiveUpdateForge: EndTurn fallback flush
[2026-08-05T03:03:50.007Z] onEndTurn: naturalStop=false toolCalls=12 nudgeMsg=no
[2026-08-05T03:03:50.019Z] LiveUpdateForge: AfterToolExec flush
[2026-08-05T03:03:50.082Z] InitialReadForge.onBeforeSend: SKIP (fr=true syn=false hasRead=true)
[2026-08-05T03:04:11.301Z] LiveUpdateForge: EndTurn fallback flush
[2026-08-05T03:04:11.302Z] onEndTurn: naturalStop=false toolCalls=13 nudgeMsg=no
[2026-08-05T03:04:11.320Z] LiveUpdateForge: AfterToolExec flush
[2026-08-05T03:04:11.422Z] InitialReadForge.onBeforeSend: SKIP (fr=true syn=false hasRead=true)
[2026-08-05T03:04:37.698Z] LiveUpdateForge: EndTurn fallback flush
[2026-08-05T03:04:37.699Z] onEndTurn: naturalStop=false toolCalls=14 nudgeMsg=no
[2026-08-05T03:04:37.901Z] LiveUpdateForge: AfterToolExec flush
[2026-08-05T03:04:37.970Z] InitialReadForge.onBeforeSend: SKIP (fr=true syn=false hasRead=true)
[2026-08-05T03:04:57.408Z] LiveUpdateForge: EndTurn fallback flush
[2026-08-05T03:04:57.409Z] onEndTurn: naturalStop=false toolCalls=15 nudgeMsg=no
[2026-08-05T03:04:57.605Z] LiveUpdateForge: AfterToolExec flush
[2026-08-05T03:04:57.679Z] InitialReadForge.onBeforeSend: SKIP (fr=true syn=false hasRead=true)
[2026-08-05T03:05:12.030Z] LiveUpdateForge: EndTurn fallback flush
[2026-08-05T03:05:12.031Z] onEndTurn: naturalStop=false toolCalls=16 nudgeMsg=no
[2026-08-05T03:05:22.519Z] LiveUpdateForge: AfterToolExec flush
[2026-08-05T03:05:22.614Z] InitialReadForge.onBeforeSend: SKIP (fr=true syn=false hasRead=true)
[2026-08-05T03:05:41.848Z] LiveUpdateForge: EndTurn fallback flush
[2026-08-05T03:05:41.849Z] onEndTurn: naturalStop=true toolCalls=17 nudgeMsg=no
[2026-08-05T03:16:17.473Z] MemoryForge: attached 5 listener(s)
[2026-08-05T03:16:17.474Z] InitialReadForge: armed one-shot BeforeSend after NewSessionStart
[2026-08-05T03:16:17.474Z] LiveUpdateForge: session reset, allowLiveUpdate = false
[2026-08-05T03:28:02.394Z] LiveUpdateForge: session reset, allowLiveUpdate = false
[2026-08-05T03:28:44.603Z] ResumeDiffForge: running checkResumeConsistency
[2026-08-05T03:28:49.342Z] checkResumeConsistency: forgedTimestamps=[]
[2026-08-05T03:29:17.782Z] checkResumeConsistency: no changes detected
[2026-08-05T03:29:17.789Z] LiveUpdateForge: session reset, allowLiveUpdate = false
[2026-08-05T03:29:18.294Z] NudgeForge: ResumeComplete — restoring count from history
[2026-08-05T03:29:19.517Z] restoreNudgeCountFromHistory: found last write at idx=1468 count=17
[2026-08-05T03:32:24.326Z] ResumeDiffForge: running checkResumeConsistency
[2026-08-05T03:32:24.525Z] checkResumeConsistency: forgedTimestamps=[]
[2026-08-05T03:32:25.854Z] checkResumeConsistency: no changes detected
[2026-08-05T03:32:26.750Z] LiveUpdateForge: session reset, allowLiveUpdate = false
[2026-08-05T03:32:27.639Z] NudgeForge: ResumeComplete — restoring count from history
[2026-08-05T03:32:27.843Z] restoreNudgeCountFromHistory: found last write at idx=1468 count=17
[2026-08-05T03:57:19.912Z] MemoryForge: attached 5 listener(s)
[2026-08-05T03:57:19.957Z] InitialReadForge: armed one-shot BeforeSend after NewSessionStart
[2026-08-05T03:57:19.958Z] LiveUpdateForge: session reset, allowLiveUpdate = false
[2026-08-05T03:57:23.376Z] MemoryForge: attached 5 listener(s)
[2026-08-05T03:57:23.380Z] InitialReadForge: armed one-shot BeforeSend after NewSessionStart
[2026-08-05T03:57:23.380Z] LiveUpdateForge: session reset, allowLiveUpdate = false
[2026-08-05T03:57:26.673Z] MemoryForge: attached 5 listener(s)
[2026-08-05T03:57:26.674Z] InitialReadForge: armed one-shot BeforeSend after NewSessionStart
[2026-08-05T03:57:26.675Z] LiveUpdateForge: session reset, allowLiveUpdate = false
[2026-08-05T04:04:44.762Z] LiveUpdateForge: session reset, allowLiveUpdate = false
[2026-08-05T04:04:45.534Z] ResumeDiffForge: running checkResumeConsistency
[2026-08-05T04:04:45.565Z] checkResumeConsistency: forgedTimestamps=[]
[2026-08-05T04:04:46.403Z] checkResumeConsistency: no changes detected
[2026-08-05T04:04:46.403Z] LiveUpdateForge: session reset, allowLiveUpdate = false
[2026-08-05T04:04:46.404Z] NudgeForge: ResumeComplete — restoring count from history
[2026-08-05T04:04:46.404Z] restoreNudgeCountFromHistory: found last write at idx=1468 count=17
[2026-08-05T04:11:35.535Z] MemoryForge: attached 5 listener(s)
[2026-08-05T04:11:35.535Z] InitialReadForge: armed one-shot BeforeSend after NewSessionStart
[2026-08-05T04:11:35.536Z] LiveUpdateForge: session reset, allowLiveUpdate = false
[2026-08-05T04:17:09.909Z] LiveUpdateForge: session reset, allowLiveUpdate = false
[2026-08-05T04:17:13.188Z] ResumeDiffForge: running checkResumeConsistency
[2026-08-05T04:17:13.554Z] checkResumeConsistency: forgedTimestamps=[]
[2026-08-05T04:17:16.437Z] checkResumeConsistency: no changes detected
[2026-08-05T04:17:16.490Z] LiveUpdateForge: session reset, allowLiveUpdate = false
[2026-08-05T04:17:16.490Z] NudgeForge: ResumeComplete — restoring count from history
[2026-08-05T04:17:16.635Z] restoreNudgeCountFromHistory: found last write at idx=1468 count=17
[2026-08-05T04:18:53.873Z] ResumeDiffForge: running checkResumeConsistency
[2026-08-05T04:18:53.874Z] checkResumeConsistency: forgedTimestamps=[]
[2026-08-05T04:18:53.917Z] checkResumeConsistency: no changes detected
[2026-08-05T04:18:53.917Z] LiveUpdateForge: session reset, allowLiveUpdate = false
[2026-08-05T04:18:53.917Z] NudgeForge: ResumeComplete — restoring count from history
[2026-08-05T04:18:53.918Z] restoreNudgeCountFromHistory: found last write at idx=1468 count=17
[2026-08-05T04:19:14.663Z] ResumeDiffForge: running checkResumeConsistency
[2026-08-05T04:19:14.665Z] checkResumeConsistency: forgedTimestamps=[]
[2026-08-05T04:19:14.679Z] checkResumeConsistency: no changes detected
[2026-08-05T04:19:14.680Z] LiveUpdateForge: session reset, allowLiveUpdate = false
[2026-08-05T04:19:14.680Z] NudgeForge: ResumeComplete — restoring count from history
[2026-08-05T04:19:14.681Z] restoreNudgeCountFromHistory: found last write at idx=1468 count=17
[2026-08-05T04:19:35.267Z] MemoryForge: attached 5 listener(s)
[2026-08-05T04:19:35.268Z] InitialReadForge: armed one-shot BeforeSend after NewSessionStart
[2026-08-05T04:19:35.268Z] LiveUpdateForge: session reset, allowLiveUpdate = false
[2026-08-05T04:19:35.297Z] MemoryForge: detached all listeners
[2026-08-05T04:19:35.298Z] ResumeDiffForge: running checkResumeConsistency
[2026-08-05T04:19:35.299Z] checkResumeConsistency: forgedTimestamps=[]
[2026-08-05T04:19:35.376Z] checkResumeConsistency: no changes detected
[2026-08-05T04:19:35.376Z] LiveUpdateForge: session reset, allowLiveUpdate = false
[2026-08-05T04:19:35.377Z] NudgeForge: ResumeComplete — restoring count from history
[2026-08-05T04:19:35.378Z] restoreNudgeCountFromHistory: found last write at idx=1468 count=17
[2026-08-05T04:19:46.836Z] LiveUpdateForge: allowLiveUpdate = true (first real BeforeSend)
[2026-08-05T04:19:46.838Z] InitialReadForge.onBeforeSend: SKIP (fr=false syn=false hasRead=true)
[2026-08-05T04:20:37.041Z] LiveUpdateForge: EndTurn fallback flush
[2026-08-05T04:20:37.042Z] onEndTurn: naturalStop=false toolCalls=17 nudgeMsg=no
[2026-08-05T04:20:47.539Z] LiveUpdateForge: AfterToolExec flush
[2026-08-05T04:20:47.629Z] InitialReadForge.onBeforeSend: SKIP (fr=true syn=false hasRead=true)
[2026-08-05T04:20:52.185Z] LiveUpdateForge: EndTurn fallback flush
[2026-08-05T04:20:52.186Z] onEndTurn: naturalStop=false toolCalls=18 nudgeMsg=no
[2026-08-05T04:20:52.672Z] LiveUpdateForge: AfterToolExec flush
[2026-08-05T04:20:52.740Z] InitialReadForge.onBeforeSend: SKIP (fr=true syn=false hasRead=true)
[2026-08-05T04:20:56.232Z] LiveUpdateForge: EndTurn fallback flush
[2026-08-05T04:20:56.233Z] onEndTurn: naturalStop=false toolCalls=19 nudgeMsg=no
[2026-08-05T04:20:56.278Z] LiveUpdateForge: AfterToolExec flush
[2026-08-05T04:20:56.333Z] InitialReadForge.onBeforeSend: SKIP (fr=true syn=false hasRead=true)
[2026-08-05T04:21:00.692Z] LiveUpdateForge: EndTurn fallback flush
[2026-08-05T04:21:00.693Z] onEndTurn: naturalStop=false toolCalls=20 nudgeMsg=no
[2026-08-05T04:21:00.706Z] LiveUpdateForge: AfterToolExec flush
[2026-08-05T04:21:00.771Z] InitialReadForge.onBeforeSend: SKIP (fr=true syn=false hasRead=true)
[2026-08-05T04:21:06.210Z] LiveUpdateForge: EndTurn fallback flush
[2026-08-05T04:21:06.210Z] onEndTurn: naturalStop=false toolCalls=21 nudgeMsg=no
[2026-08-05T04:21:06.216Z] LiveUpdateForge: AfterToolExec flush
[2026-08-05T04:21:06.282Z] InitialReadForge.onBeforeSend: SKIP (fr=true syn=false hasRead=true)
[2026-08-05T04:21:11.004Z] LiveUpdateForge: EndTurn fallback flush
[2026-08-05T04:21:11.004Z] onEndTurn: naturalStop=false toolCalls=22 nudgeMsg=no
[2026-08-05T04:21:11.020Z] LiveUpdateForge: AfterToolExec flush
[2026-08-05T04:21:11.079Z] InitialReadForge.onBeforeSend: SKIP (fr=true syn=false hasRead=true)
[2026-08-05T04:21:19.078Z] LiveUpdateForge: EndTurn fallback flush
[2026-08-05T04:21:19.079Z] onEndTurn: naturalStop=false toolCalls=23 nudgeMsg=no
[2026-08-05T04:21:19.092Z] LiveUpdateForge: AfterToolExec flush
[2026-08-05T04:21:19.163Z] InitialReadForge.onBeforeSend: SKIP (fr=true syn=false hasRead=true)
[2026-08-05T04:21:24.670Z] LiveUpdateForge: EndTurn fallback flush
[2026-08-05T04:21:24.671Z] onEndTurn: naturalStop=false toolCalls=24 nudgeMsg=no
[2026-08-05T04:21:24.681Z] LiveUpdateForge: AfterToolExec flush
[2026-08-05T04:21:24.741Z] InitialReadForge.onBeforeSend: SKIP (fr=true syn=false hasRead=true)
[2026-08-05T04:21:43.136Z] LiveUpdateForge: EndTurn fallback flush
[2026-08-05T04:21:43.137Z] onEndTurn: naturalStop=false toolCalls=25 nudgeMsg=no
[2026-08-05T04:21:47.399Z] LiveUpdateForge: AfterToolExec flush
[2026-08-05T04:21:47.467Z] InitialReadForge.onBeforeSend: SKIP (fr=true syn=false hasRead=true)
[2026-08-05T04:21:58.550Z] LiveUpdateForge: EndTurn fallback flush
[2026-08-05T04:21:58.550Z] onEndTurn: naturalStop=false toolCalls=26 nudgeMsg=no
[2026-08-05T04:21:58.623Z] InitialReadForge.onBeforeSend: SKIP (fr=true syn=false hasRead=true)
[2026-08-05T04:22:12.449Z] LiveUpdateForge: EndTurn fallback flush
[2026-08-05T04:22:12.449Z] onEndTurn: naturalStop=false toolCalls=26 nudgeMsg=no
[2026-08-05T04:22:12.773Z] LiveUpdateForge: AfterToolExec flush
[2026-08-05T04:22:12.844Z] InitialReadForge.onBeforeSend: SKIP (fr=true syn=false hasRead=true)
[2026-08-05T04:22:57.466Z] LiveUpdateForge: EndTurn fallback flush
[2026-08-05T04:22:57.467Z] onEndTurn: naturalStop=false toolCalls=27 nudgeMsg=no
[2026-08-05T04:26:49.812Z] LiveUpdateForge: AfterToolExec flush
[2026-08-05T04:26:49.892Z] InitialReadForge.onBeforeSend: SKIP (fr=true syn=false hasRead=true)
[2026-08-05T04:26:59.200Z] LiveUpdateForge: EndTurn fallback flush
[2026-08-05T04:26:59.201Z] onEndTurn: naturalStop=true toolCalls=28 nudgeMsg=no
[2026-08-05T04:32:18.878Z] ResumeDiffForge: running checkResumeConsistency
[2026-08-05T04:32:18.880Z] checkResumeConsistency: forgedTimestamps=[]
[2026-08-05T04:32:18.908Z] checkResumeConsistency: no changes detected
[2026-08-05T04:32:18.909Z] LiveUpdateForge: session reset, allowLiveUpdate = false
[2026-08-05T04:32:18.909Z] NudgeForge: ResumeComplete — restoring count from history
[2026-08-05T04:32:18.911Z] restoreNudgeCountFromHistory: found last write at idx=1468 count=29
[2026-08-05T04:32:19.233Z] LiveUpdateForge: allowLiveUpdate = true (first real BeforeSend)
[2026-08-05T04:32:19.235Z] InitialReadForge.onBeforeSend: SKIP (fr=false syn=false hasRead=true)
[2026-08-05T04:32:48.784Z] LiveUpdateForge: EndTurn fallback flush
[2026-08-05T04:32:48.785Z] onEndTurn: naturalStop=false toolCalls=29 nudgeMsg=no
[2026-08-05T04:32:48.838Z] LiveUpdateForge: AfterToolExec flush
[2026-08-05T04:32:48.926Z] InitialReadForge.onBeforeSend: SKIP (fr=true syn=false hasRead=true)
[2026-08-05T04:32:54.362Z] LiveUpdateForge: EndTurn fallback flush
[2026-08-05T04:32:54.363Z] onEndTurn: naturalStop=false toolCalls=30 nudgeMsg=no
[2026-08-05T04:32:54.420Z] LiveUpdateForge: AfterToolExec flush
[2026-08-05T04:32:54.510Z] InitialReadForge.onBeforeSend: SKIP (fr=true syn=false hasRead=true)
[2026-08-05T04:32:59.752Z] LiveUpdateForge: EndTurn fallback flush
[2026-08-05T04:32:59.752Z] onEndTurn: naturalStop=false toolCalls=31 nudgeMsg=no
[2026-08-05T04:33:21.993Z] LiveUpdateForge: AfterToolExec flush
[2026-08-05T04:33:22.076Z] InitialReadForge.onBeforeSend: SKIP (fr=true syn=false hasRead=true)
[2026-08-05T04:33:26.146Z] LiveUpdateForge: EndTurn fallback flush
[2026-08-05T04:33:26.146Z] onEndTurn: naturalStop=false toolCalls=32 nudgeMsg=no
[2026-08-05T04:33:26.557Z] LiveUpdateForge: AfterToolExec flush
[2026-08-05T04:33:26.640Z] InitialReadForge.onBeforeSend: SKIP (fr=true syn=false hasRead=true)
[2026-08-05T04:33:32.121Z] LiveUpdateForge: EndTurn fallback flush
[2026-08-05T04:33:32.122Z] onEndTurn: naturalStop=false toolCalls=33 nudgeMsg=no
[2026-08-05T04:33:32.469Z] LiveUpdateForge: AfterToolExec flush
[2026-08-05T04:33:32.552Z] InitialReadForge.onBeforeSend: SKIP (fr=true syn=false hasRead=true)
[2026-08-05T04:33:37.861Z] LiveUpdateForge: EndTurn fallback flush
[2026-08-05T04:33:37.862Z] onEndTurn: naturalStop=false toolCalls=34 nudgeMsg=no
[2026-08-05T04:33:37.878Z] LiveUpdateForge: AfterToolExec flush
[2026-08-05T04:33:37.971Z] InitialReadForge.onBeforeSend: SKIP (fr=true syn=false hasRead=true)
[2026-08-05T04:33:50.850Z] LiveUpdateForge: EndTurn fallback flush
[2026-08-05T04:33:50.850Z] onEndTurn: naturalStop=false toolCalls=35 nudgeMsg=no
[2026-08-05T04:33:50.857Z] LiveUpdateForge: AfterToolExec flush
[2026-08-05T04:33:50.948Z] InitialReadForge.onBeforeSend: SKIP (fr=true syn=false hasRead=true)
[2026-08-05T04:33:56.572Z] LiveUpdateForge: EndTurn fallback flush
[2026-08-05T04:33:56.573Z] onEndTurn: naturalStop=true toolCalls=36 nudgeMsg=no
[2026-08-05T04:43:34.067Z] MemoryForge: attached 5 listener(s)
[2026-08-05T04:43:34.068Z] InitialReadForge: armed one-shot BeforeSend after NewSessionStart
[2026-08-05T04:43:34.068Z] LiveUpdateForge: session reset, allowLiveUpdate = false
[2026-08-05T04:50:07.552Z] LiveUpdateForge: session reset, allowLiveUpdate = false
[2026-08-05T04:50:09.142Z] ResumeDiffForge: running checkResumeConsistency
[2026-08-05T04:50:09.160Z] checkResumeConsistency: forgedTimestamps=[]
[2026-08-05T04:50:09.810Z] checkResumeConsistency: no changes detected
[2026-08-05T04:50:09.811Z] LiveUpdateForge: session reset, allowLiveUpdate = false
[2026-08-05T04:50:09.812Z] NudgeForge: ResumeComplete — restoring count from history
[2026-08-05T04:50:09.813Z] restoreNudgeCountFromHistory: found last write at idx=1468 count=36
[2026-08-05T04:50:37.109Z] ResumeDiffForge: running checkResumeConsistency
[2026-08-05T04:50:37.111Z] checkResumeConsistency: forgedTimestamps=[]
[2026-08-05T04:50:37.187Z] checkResumeConsistency: no changes detected
[2026-08-05T04:50:37.188Z] LiveUpdateForge: session reset, allowLiveUpdate = false
[2026-08-05T04:50:37.188Z] NudgeForge: ResumeComplete — restoring count from history
[2026-08-05T04:50:37.189Z] restoreNudgeCountFromHistory: found last write at idx=1468 count=36
[2026-08-05T04:50:55.249Z] ResumeDiffForge: running checkResumeConsistency
[2026-08-05T04:50:55.251Z] checkResumeConsistency: forgedTimestamps=[]
[2026-08-05T04:50:55.320Z] checkResumeConsistency: no changes detected
[2026-08-05T04:50:55.321Z] LiveUpdateForge: session reset, allowLiveUpdate = false
[2026-08-05T04:50:55.321Z] NudgeForge: ResumeComplete — restoring count from history
[2026-08-05T04:50:55.322Z] restoreNudgeCountFromHistory: found last write at idx=1468 count=36
[2026-08-05T04:50:56.053Z] MemoryForge: attached 5 listener(s)
[2026-08-05T04:50:56.054Z] InitialReadForge: armed one-shot BeforeSend after NewSessionStart
[2026-08-05T04:50:56.055Z] LiveUpdateForge: session reset, allowLiveUpdate = false
[2026-08-05T04:50:56.101Z] MemoryForge: detached all listeners
[2026-08-05T04:50:56.103Z] ResumeDiffForge: running checkResumeConsistency
[2026-08-05T04:50:56.105Z] checkResumeConsistency: forgedTimestamps=[]
[2026-08-05T04:50:56.188Z] checkResumeConsistency: no changes detected
[2026-08-05T04:50:56.189Z] LiveUpdateForge: session reset, allowLiveUpdate = false
[2026-08-05T04:50:56.189Z] NudgeForge: ResumeComplete — restoring count from history
[2026-08-05T04:50:56.190Z] restoreNudgeCountFromHistory: found last write at idx=1468 count=36
[2026-08-05T04:50:56.426Z] LiveUpdateForge: allowLiveUpdate = true (first real BeforeSend)
[2026-08-05T04:50:56.428Z] InitialReadForge.onBeforeSend: SKIP (fr=false syn=false hasRead=true)
[2026-08-05T04:51:42.334Z] LiveUpdateForge: EndTurn fallback flush
[2026-08-05T04:51:42.334Z] onEndTurn: naturalStop=false toolCalls=36 nudgeMsg=no
[2026-08-05T04:52:26.573Z] LiveUpdateForge: AfterToolExec flush
[2026-08-05T04:52:26.660Z] InitialReadForge.onBeforeSend: SKIP (fr=true syn=false hasRead=true)
[2026-08-05T04:53:19.895Z] LiveUpdateForge: EndTurn fallback flush
[2026-08-05T04:53:19.895Z] onEndTurn: naturalStop=false toolCalls=37 nudgeMsg=no
[2026-08-05T04:53:27.046Z] LiveUpdateForge: AfterToolExec flush
[2026-08-05T04:53:27.132Z] InitialReadForge.onBeforeSend: SKIP (fr=true syn=false hasRead=true)
[2026-08-05T04:53:44.143Z] LiveUpdateForge: EndTurn fallback flush
[2026-08-05T04:53:44.144Z] onEndTurn: naturalStop=false toolCalls=38 nudgeMsg=no
[2026-08-05T04:53:44.641Z] LiveUpdateForge: AfterToolExec flush
[2026-08-05T04:53:44.734Z] InitialReadForge.onBeforeSend: SKIP (fr=true syn=false hasRead=true)
[2026-08-05T04:53:48.612Z] LiveUpdateForge: EndTurn fallback flush
[2026-08-05T04:53:48.612Z] onEndTurn: naturalStop=false toolCalls=39 nudgeMsg=no
[2026-08-05T04:53:48.635Z] LiveUpdateForge: AfterToolExec flush
[2026-08-05T04:53:48.722Z] InitialReadForge.onBeforeSend: SKIP (fr=true syn=false hasRead=true)
[2026-08-05T04:54:07.965Z] LiveUpdateForge: EndTurn fallback flush
[2026-08-05T04:54:07.966Z] onEndTurn: naturalStop=false toolCalls=40 nudgeMsg=no
[2026-08-05T04:54:07.983Z] LiveUpdateForge: AfterToolExec flush
[2026-08-05T04:54:08.084Z] InitialReadForge.onBeforeSend: SKIP (fr=true syn=false hasRead=true)
[2026-08-05T04:54:16.220Z] LiveUpdateForge: EndTurn fallback flush
[2026-08-05T04:54:16.221Z] onEndTurn: naturalStop=false toolCalls=41 nudgeMsg=no
[2026-08-05T04:54:16.234Z] LiveUpdateForge: AfterToolExec flush
[2026-08-05T04:54:16.316Z] InitialReadForge.onBeforeSend: SKIP (fr=true syn=false hasRead=true)
[2026-08-05T04:54:21.560Z] LiveUpdateForge: EndTurn fallback flush
[2026-08-05T04:54:21.560Z] onEndTurn: naturalStop=false toolCalls=42 nudgeMsg=no
[2026-08-05T04:54:21.571Z] LiveUpdateForge: AfterToolExec flush
[2026-08-05T04:54:21.657Z] InitialReadForge.onBeforeSend: SKIP (fr=true syn=false hasRead=true)
[2026-08-05T04:54:27.356Z] LiveUpdateForge: EndTurn fallback flush
[2026-08-05T04:54:27.356Z] onEndTurn: naturalStop=false toolCalls=43 nudgeMsg=no
[2026-08-05T04:54:27.368Z] LiveUpdateForge: AfterToolExec flush
[2026-08-05T04:54:27.441Z] InitialReadForge.onBeforeSend: SKIP (fr=true syn=false hasRead=true)
[2026-08-05T04:54:35.869Z] LiveUpdateForge: EndTurn fallback flush
[2026-08-05T04:54:35.870Z] onEndTurn: naturalStop=false toolCalls=44 nudgeMsg=no
[2026-08-05T04:54:35.885Z] LiveUpdateForge: AfterToolExec flush
[2026-08-05T04:54:35.966Z] InitialReadForge.onBeforeSend: SKIP (fr=true syn=false hasRead=true)
[2026-08-05T04:54:45.246Z] LiveUpdateForge: EndTurn fallback flush
[2026-08-05T04:54:45.247Z] onEndTurn: naturalStop=false toolCalls=45 nudgeMsg=no
[2026-08-05T04:54:45.263Z] LiveUpdateForge: AfterToolExec flush
[2026-08-05T04:54:45.338Z] InitialReadForge.onBeforeSend: SKIP (fr=true syn=false hasRead=true)
[2026-08-05T04:54:58.690Z] LiveUpdateForge: EndTurn fallback flush
[2026-08-05T04:54:58.691Z] onEndTurn: naturalStop=false toolCalls=46 nudgeMsg=no
[2026-08-05T04:54:59.120Z] LiveUpdateForge: AfterToolExec flush
[2026-08-05T04:54:59.209Z] InitialReadForge.onBeforeSend: SKIP (fr=true syn=false hasRead=true)
[2026-08-05T04:55:10.247Z] LiveUpdateForge: EndTurn fallback flush
[2026-08-05T04:55:10.248Z] onEndTurn: naturalStop=false toolCalls=47 nudgeMsg=no
[2026-08-05T04:55:10.603Z] LiveUpdateForge: AfterToolExec flush
[2026-08-05T04:55:10.683Z] InitialReadForge.onBeforeSend: SKIP (fr=true syn=false hasRead=true)
[2026-08-05T04:55:19.052Z] LiveUpdateForge: EndTurn fallback flush
[2026-08-05T04:55:19.053Z] onEndTurn: naturalStop=false toolCalls=48 nudgeMsg=no
[2026-08-05T04:55:19.067Z] LiveUpdateForge: AfterToolExec flush
[2026-08-05T04:55:19.149Z] InitialReadForge.onBeforeSend: SKIP (fr=true syn=false hasRead=true)
[2026-08-05T04:55:29.409Z] LiveUpdateForge: EndTurn fallback flush
[2026-08-05T04:55:29.410Z] onEndTurn: naturalStop=false toolCalls=49 nudgeMsg=no
[2026-08-05T04:55:29.824Z] LiveUpdateForge: AfterToolExec flush
[2026-08-05T04:55:29.899Z] InitialReadForge.onBeforeSend: SKIP (fr=true syn=false hasRead=true)
[2026-08-05T04:55:35.542Z] LiveUpdateForge: EndTurn fallback flush
[2026-08-05T04:55:35.542Z] onEndTurn: naturalStop=false toolCalls=50 nudgeMsg=no
[2026-08-05T04:55:35.549Z] LiveUpdateForge: AfterToolExec flush
[2026-08-05T04:55:35.634Z] InitialReadForge.onBeforeSend: SKIP (fr=true syn=false hasRead=true)
[2026-08-05T04:55:41.765Z] LiveUpdateForge: EndTurn fallback flush
[2026-08-05T04:55:41.766Z] onEndTurn: naturalStop=false toolCalls=51 nudgeMsg=no
[2026-08-05T04:55:41.780Z] LiveUpdateForge: AfterToolExec flush
[2026-08-05T04:55:41.866Z] InitialReadForge.onBeforeSend: SKIP (fr=true syn=false hasRead=true)
[2026-08-05T04:55:49.925Z] LiveUpdateForge: EndTurn fallback flush
[2026-08-05T04:55:49.925Z] onEndTurn: naturalStop=false toolCalls=52 nudgeMsg=no
[2026-08-05T04:55:49.940Z] LiveUpdateForge: AfterToolExec flush
[2026-08-05T04:55:50.024Z] InitialReadForge.onBeforeSend: SKIP (fr=true syn=false hasRead=true)
[2026-08-05T04:55:58.519Z] LiveUpdateForge: EndTurn fallback flush
[2026-08-05T04:55:58.520Z] onEndTurn: naturalStop=false toolCalls=53 nudgeMsg=no
[2026-08-05T04:55:58.526Z] LiveUpdateForge: AfterToolExec flush
[2026-08-05T04:55:58.611Z] InitialReadForge.onBeforeSend: SKIP (fr=true syn=false hasRead=true)
[2026-08-05T04:56:16.056Z] LiveUpdateForge: EndTurn fallback flush
[2026-08-05T04:56:16.056Z] onEndTurn: naturalStop=false toolCalls=54 nudgeMsg=no
[2026-08-05T04:56:16.457Z] LiveUpdateForge: AfterToolExec flush
[2026-08-05T04:56:16.543Z] InitialReadForge.onBeforeSend: SKIP (fr=true syn=false hasRead=true)
[2026-08-05T04:56:51.410Z] LiveUpdateForge: EndTurn fallback flush
[2026-08-05T04:56:51.410Z] onEndTurn: naturalStop=false toolCalls=55 nudgeMsg=no
[2026-08-05T04:56:51.881Z] LiveUpdateForge: AfterToolExec flush
[2026-08-05T04:56:51.967Z] InitialReadForge.onBeforeSend: SKIP (fr=true syn=false hasRead=true)
[2026-08-05T04:57:46.627Z] LiveUpdateForge: EndTurn fallback flush
[2026-08-05T04:57:46.628Z] onEndTurn: naturalStop=false toolCalls=56 nudgeMsg=no
[2026-08-05T04:57:46.640Z] LiveUpdateForge: AfterToolExec flush
[2026-08-05T04:57:46.717Z] InitialReadForge.onBeforeSend: SKIP (fr=true syn=false hasRead=true)
[2026-08-05T04:57:57.268Z] LiveUpdateForge: EndTurn fallback flush
[2026-08-05T04:57:57.268Z] onEndTurn: naturalStop=false toolCalls=57 nudgeMsg=no
[2026-08-05T04:57:57.283Z] LiveUpdateForge: AfterToolExec flush
[2026-08-05T04:57:57.368Z] InitialReadForge.onBeforeSend: SKIP (fr=true syn=false hasRead=true)
[2026-08-05T04:58:15.202Z] LiveUpdateForge: EndTurn fallback flush
[2026-08-05T04:58:15.203Z] onEndTurn: naturalStop=false toolCalls=58 nudgeMsg=no
[2026-08-05T04:58:15.235Z] LiveUpdateForge: AfterToolExec flush
[2026-08-05T04:58:15.297Z] InitialReadForge.onBeforeSend: SKIP (fr=true syn=false hasRead=true)
[2026-08-05T04:58:25.920Z] LiveUpdateForge: EndTurn fallback flush
[2026-08-05T04:58:25.920Z] onEndTurn: naturalStop=false toolCalls=59 nudgeMsg=no
[2026-08-05T04:58:25.934Z] LiveUpdateForge: AfterToolExec flush
[2026-08-05T04:58:26.012Z] InitialReadForge.onBeforeSend: SKIP (fr=true syn=false hasRead=true)
[2026-08-05T04:58:32.199Z] LiveUpdateForge: EndTurn fallback flush
[2026-08-05T04:58:32.200Z] onEndTurn: naturalStop=false toolCalls=60 nudgeMsg=no
[2026-08-05T04:58:32.216Z] LiveUpdateForge: AfterToolExec flush
[2026-08-05T04:58:32.295Z] InitialReadForge.onBeforeSend: SKIP (fr=true syn=false hasRead=true)
[2026-08-05T04:58:39.983Z] LiveUpdateForge: EndTurn fallback flush
[2026-08-05T04:58:39.984Z] onEndTurn: naturalStop=false toolCalls=61 nudgeMsg=no
[2026-08-05T04:58:39.990Z] LiveUpdateForge: AfterToolExec flush
[2026-08-05T04:58:40.070Z] InitialReadForge.onBeforeSend: SKIP (fr=true syn=false hasRead=true)
[2026-08-05T04:58:51.873Z] LiveUpdateForge: EndTurn fallback flush
[2026-08-05T04:58:51.874Z] onEndTurn: naturalStop=false toolCalls=62 nudgeMsg=no
[2026-08-05T04:58:52.313Z] LiveUpdateForge: AfterToolExec flush
[2026-08-05T04:58:52.398Z] InitialReadForge.onBeforeSend: SKIP (fr=true syn=false hasRead=true)
[2026-08-05T04:59:03.073Z] LiveUpdateForge: EndTurn fallback flush
[2026-08-05T04:59:03.074Z] onEndTurn: naturalStop=false toolCalls=63 nudgeMsg=no
[2026-08-05T04:59:03.485Z] LiveUpdateForge: AfterToolExec flush
[2026-08-05T04:59:03.577Z] InitialReadForge.onBeforeSend: SKIP (fr=true syn=false hasRead=true)
[2026-08-05T05:00:05.160Z] LiveUpdateForge: EndTurn fallback flush
[2026-08-05T05:00:05.160Z] onEndTurn: naturalStop=false toolCalls=64 nudgeMsg=no
[2026-08-05T05:00:09.861Z] LiveUpdateForge: AfterToolExec flush
[2026-08-05T05:00:09.957Z] InitialReadForge.onBeforeSend: SKIP (fr=true syn=false hasRead=true)
[2026-08-05T05:00:20.939Z] LiveUpdateForge: EndTurn fallback flush
[2026-08-05T05:00:20.940Z] onEndTurn: naturalStop=false toolCalls=65 nudgeMsg=no
[2026-08-05T05:00:21.466Z] LiveUpdateForge: AfterToolExec flush
[2026-08-05T05:00:21.565Z] InitialReadForge.onBeforeSend: SKIP (fr=true syn=false hasRead=true)
[2026-08-05T05:00:28.013Z] LiveUpdateForge: EndTurn fallback flush
[2026-08-05T05:00:28.014Z] onEndTurn: naturalStop=false toolCalls=66 nudgeMsg=no
[2026-08-05T05:00:28.169Z] LiveUpdateForge: AfterToolExec flush
[2026-08-05T05:00:28.251Z] InitialReadForge.onBeforeSend: SKIP (fr=true syn=false hasRead=true)
[2026-08-05T05:00:35.165Z] LiveUpdateForge: EndTurn fallback flush
[2026-08-05T05:00:35.166Z] onEndTurn: naturalStop=false toolCalls=67 nudgeMsg=no
[2026-08-05T05:00:35.265Z] LiveUpdateForge: AfterToolExec flush
[2026-08-05T05:00:35.347Z] InitialReadForge.onBeforeSend: SKIP (fr=true syn=false hasRead=true)
[2026-08-05T05:00:43.978Z] LiveUpdateForge: EndTurn fallback flush
[2026-08-05T05:00:43.979Z] onEndTurn: naturalStop=false toolCalls=68 nudgeMsg=no
[2026-08-05T05:00:44.057Z] LiveUpdateForge: AfterToolExec flush
[2026-08-05T05:00:44.139Z] InitialReadForge.onBeforeSend: SKIP (fr=true syn=false hasRead=true)
[2026-08-05T05:00:57.250Z] LiveUpdateForge: EndTurn fallback flush
[2026-08-05T05:00:57.251Z] onEndTurn: naturalStop=false toolCalls=69 nudgeMsg=no
[2026-08-05T05:00:57.330Z] LiveUpdateForge: AfterToolExec flush
[2026-08-05T05:00:57.415Z] InitialReadForge.onBeforeSend: SKIP (fr=true syn=false hasRead=true)
[2026-08-05T05:01:04.064Z] LiveUpdateForge: EndTurn fallback flush
[2026-08-05T05:01:04.064Z] onEndTurn: naturalStop=false toolCalls=70 nudgeMsg=no
[2026-08-05T05:01:04.145Z] LiveUpdateForge: AfterToolExec flush
[2026-08-05T05:01:04.232Z] InitialReadForge.onBeforeSend: SKIP (fr=true syn=false hasRead=true)
[2026-08-05T05:01:10.271Z] LiveUpdateForge: EndTurn fallback flush
[2026-08-05T05:01:10.271Z] onEndTurn: naturalStop=false toolCalls=71 nudgeMsg=no
[2026-08-05T05:01:10.699Z] LiveUpdateForge: AfterToolExec flush
[2026-08-05T05:01:10.796Z] InitialReadForge.onBeforeSend: SKIP (fr=true syn=false hasRead=true)
[2026-08-05T05:01:16.998Z] LiveUpdateForge: EndTurn fallback flush
[2026-08-05T05:01:16.998Z] onEndTurn: naturalStop=false toolCalls=72 nudgeMsg=no
[2026-08-05T05:01:27.818Z] LiveUpdateForge: AfterToolExec flush
[2026-08-05T05:01:27.901Z] InitialReadForge.onBeforeSend: SKIP (fr=true syn=false hasRead=true)
[2026-08-05T05:01:35.855Z] LiveUpdateForge: EndTurn fallback flush
[2026-08-05T05:01:35.856Z] onEndTurn: naturalStop=false toolCalls=73 nudgeMsg=no
[2026-08-05T05:02:35.292Z] LiveUpdateForge: AfterToolExec flush
[2026-08-05T05:02:35.367Z] InitialReadForge.onBeforeSend: SKIP (fr=true syn=false hasRead=true)
[2026-08-05T05:02:53.266Z] LiveUpdateForge: EndTurn fallback flush
[2026-08-05T05:02:53.267Z] onEndTurn: naturalStop=true toolCalls=0 nudgeMsg=YES
[2026-08-05T05:02:53.273Z] InitialReadForge.onBeforeSend: SKIP (fr=false syn=false hasRead=true)
[2026-08-05T05:03:01.533Z] LiveUpdateForge: EndTurn fallback flush
[2026-08-05T05:03:01.534Z] onEndTurn: naturalStop=false toolCalls=0 nudgeMsg=no
[2026-08-05T05:03:01.612Z] LiveUpdateForge: self-write on D:\unity\demo\CODELY.md, baseline aligned
[2026-08-05T05:03:01.685Z] LiveUpdateForge: AfterToolExec flush
[2026-08-05T05:03:01.757Z] InitialReadForge.onBeforeSend: SKIP (fr=true syn=false hasRead=true)
[2026-08-05T05:03:02.314Z] LiveUpdateForge: pending external change on D:\unity\demo\CODELY.md
[2026-08-05T05:03:05.539Z] LiveUpdateForge: EndTurn fallback flush
[2026-08-05T05:03:05.540Z] onEndTurn: naturalStop=true toolCalls=0 nudgeMsg=no
[2026-08-05T05:04:59.116Z] ResumeDiffForge: running checkResumeConsistency
[2026-08-05T05:04:59.117Z] checkResumeConsistency: forgedTimestamps=[]
[2026-08-05T05:04:59.143Z] checkResumeConsistency: no changes detected
[2026-08-05T05:04:59.143Z] LiveUpdateForge: session reset, allowLiveUpdate = false
[2026-08-05T05:04:59.144Z] NudgeForge: ResumeComplete — restoring count from history
[2026-08-05T05:04:59.145Z] restoreNudgeCountFromHistory: found last write at idx=1634 count=0
[2026-08-05T05:04:59.480Z] LiveUpdateForge: allowLiveUpdate = true (first real BeforeSend)
[2026-08-05T05:04:59.482Z] InitialReadForge.onBeforeSend: SKIP (fr=false syn=false hasRead=true)
[2026-08-05T05:05:19.742Z] LiveUpdateForge: EndTurn fallback flush
[2026-08-05T05:05:19.743Z] onEndTurn: naturalStop=false toolCalls=0 nudgeMsg=no
[2026-08-05T05:05:20.095Z] LiveUpdateForge: AfterToolExec flush
[2026-08-05T05:05:20.184Z] InitialReadForge.onBeforeSend: SKIP (fr=true syn=false hasRead=true)
[2026-08-05T05:05:24.852Z] LiveUpdateForge: EndTurn fallback flush
[2026-08-05T05:05:24.853Z] onEndTurn: naturalStop=false toolCalls=1 nudgeMsg=no
[2026-08-05T05:05:24.870Z] LiveUpdateForge: AfterToolExec flush
[2026-08-05T05:05:24.948Z] InitialReadForge.onBeforeSend: SKIP (fr=true syn=false hasRead=true)
[2026-08-05T05:05:30.699Z] LiveUpdateForge: EndTurn fallback flush
[2026-08-05T05:05:30.700Z] onEndTurn: naturalStop=false toolCalls=2 nudgeMsg=no
[2026-08-05T05:05:30.864Z] LiveUpdateForge: AfterToolExec flush
[2026-08-05T05:05:30.972Z] InitialReadForge.onBeforeSend: SKIP (fr=true syn=false hasRead=true)
[2026-08-05T05:05:34.763Z] LiveUpdateForge: EndTurn fallback flush
[2026-08-05T05:05:34.763Z] onEndTurn: naturalStop=false toolCalls=3 nudgeMsg=no
[2026-08-05T05:05:34.927Z] LiveUpdateForge: AfterToolExec flush
[2026-08-05T05:05:35.020Z] InitialReadForge.onBeforeSend: SKIP (fr=true syn=false hasRead=true)
[2026-08-05T05:05:39.083Z] LiveUpdateForge: EndTurn fallback flush
[2026-08-05T05:05:39.083Z] onEndTurn: naturalStop=false toolCalls=4 nudgeMsg=no
[2026-08-05T05:05:39.754Z] LiveUpdateForge: AfterToolExec flush
[2026-08-05T05:05:39.826Z] InitialReadForge.onBeforeSend: SKIP (fr=true syn=false hasRead=true)
[2026-08-05T05:05:43.897Z] LiveUpdateForge: EndTurn fallback flush
[2026-08-05T05:05:43.898Z] onEndTurn: naturalStop=false toolCalls=5 nudgeMsg=no
[2026-08-05T05:05:53.951Z] LiveUpdateForge: AfterToolExec flush
[2026-08-05T05:05:54.033Z] InitialReadForge.onBeforeSend: SKIP (fr=true syn=false hasRead=true)
[2026-08-05T05:05:58.428Z] LiveUpdateForge: EndTurn fallback flush
[2026-08-05T05:05:58.428Z] onEndTurn: naturalStop=true toolCalls=6 nudgeMsg=no
[2026-08-05T05:06:02.913Z] ResumeDiffForge: running checkResumeConsistency
[2026-08-05T05:06:02.914Z] checkResumeConsistency: forgedTimestamps=[]
[2026-08-05T05:06:02.932Z] checkResumeConsistency: no changes detected
[2026-08-05T05:06:02.932Z] LiveUpdateForge: session reset, allowLiveUpdate = false
[2026-08-05T05:06:02.933Z] NudgeForge: ResumeComplete — restoring count from history
[2026-08-05T05:06:02.934Z] restoreNudgeCountFromHistory: found last write at idx=1634 count=6
[2026-08-05T05:06:03.174Z] LiveUpdateForge: allowLiveUpdate = true (first real BeforeSend)
[2026-08-05T05:06:03.175Z] InitialReadForge.onBeforeSend: SKIP (fr=false syn=false hasRead=true)
[2026-08-05T05:06:11.138Z] LiveUpdateForge: EndTurn fallback flush
[2026-08-05T05:06:11.139Z] onEndTurn: naturalStop=false toolCalls=6 nudgeMsg=no
[2026-08-05T05:06:11.527Z] LiveUpdateForge: AfterToolExec flush
[2026-08-05T05:06:11.601Z] InitialReadForge.onBeforeSend: SKIP (fr=true syn=false hasRead=true)
[2026-08-05T05:06:17.672Z] LiveUpdateForge: EndTurn fallback flush
[2026-08-05T05:06:17.672Z] onEndTurn: naturalStop=false toolCalls=7 nudgeMsg=no
[2026-08-05T05:06:17.684Z] LiveUpdateForge: AfterToolExec flush
[2026-08-05T05:06:17.752Z] InitialReadForge.onBeforeSend: SKIP (fr=true syn=false hasRead=true)
[2026-08-05T05:06:24.311Z] LiveUpdateForge: EndTurn fallback flush
[2026-08-05T05:06:24.311Z] onEndTurn: naturalStop=false toolCalls=8 nudgeMsg=no
[2026-08-05T05:06:24.322Z] LiveUpdateForge: AfterToolExec flush
[2026-08-05T05:06:24.392Z] InitialReadForge.onBeforeSend: SKIP (fr=true syn=false hasRead=true)
[2026-08-05T05:06:29.449Z] LiveUpdateForge: EndTurn fallback flush
[2026-08-05T05:06:29.450Z] onEndTurn: naturalStop=false toolCalls=9 nudgeMsg=no
[2026-08-05T05:06:29.460Z] LiveUpdateForge: AfterToolExec flush
[2026-08-05T05:06:29.540Z] InitialReadForge.onBeforeSend: SKIP (fr=true syn=false hasRead=true)
[2026-08-05T05:06:34.156Z] LiveUpdateForge: EndTurn fallback flush
[2026-08-05T05:06:34.156Z] onEndTurn: naturalStop=false toolCalls=10 nudgeMsg=no
[2026-08-05T05:06:34.170Z] LiveUpdateForge: AfterToolExec flush
[2026-08-05T05:06:34.241Z] InitialReadForge.onBeforeSend: SKIP (fr=true syn=false hasRead=true)
[2026-08-05T05:06:39.031Z] LiveUpdateForge: EndTurn fallback flush
[2026-08-05T05:06:39.032Z] onEndTurn: naturalStop=false toolCalls=11 nudgeMsg=no
[2026-08-05T05:06:39.209Z] LiveUpdateForge: AfterToolExec flush
[2026-08-05T05:06:39.270Z] InitialReadForge.onBeforeSend: SKIP (fr=true syn=false hasRead=true)
[2026-08-05T05:06:43.220Z] LiveUpdateForge: EndTurn fallback flush
[2026-08-05T05:06:43.220Z] onEndTurn: naturalStop=false toolCalls=12 nudgeMsg=no
[2026-08-05T05:06:43.231Z] LiveUpdateForge: AfterToolExec flush
[2026-08-05T05:06:43.297Z] InitialReadForge.onBeforeSend: SKIP (fr=true syn=false hasRead=true)
[2026-08-05T05:06:47.317Z] LiveUpdateForge: EndTurn fallback flush
[2026-08-05T05:06:47.318Z] onEndTurn: naturalStop=false toolCalls=13 nudgeMsg=no
[2026-08-05T05:06:47.456Z] LiveUpdateForge: AfterToolExec flush
[2026-08-05T05:06:47.519Z] InitialReadForge.onBeforeSend: SKIP (fr=true syn=false hasRead=true)
[2026-08-05T05:06:51.911Z] LiveUpdateForge: EndTurn fallback flush
[2026-08-05T05:06:51.912Z] onEndTurn: naturalStop=false toolCalls=14 nudgeMsg=no
[2026-08-05T05:06:51.923Z] LiveUpdateForge: AfterToolExec flush
[2026-08-05T05:06:51.995Z] InitialReadForge.onBeforeSend: SKIP (fr=true syn=false hasRead=true)
[2026-08-05T05:06:56.379Z] LiveUpdateForge: EndTurn fallback flush
[2026-08-05T05:06:56.380Z] onEndTurn: naturalStop=false toolCalls=15 nudgeMsg=no
[2026-08-05T05:06:56.629Z] LiveUpdateForge: AfterToolExec flush
[2026-08-05T05:06:56.698Z] InitialReadForge.onBeforeSend: SKIP (fr=true syn=false hasRead=true)
[2026-08-05T05:07:01.167Z] LiveUpdateForge: EndTurn fallback flush
[2026-08-05T05:07:01.167Z] onEndTurn: naturalStop=false toolCalls=16 nudgeMsg=no
[2026-08-05T05:07:01.239Z] LiveUpdateForge: AfterToolExec flush
[2026-08-05T05:07:01.306Z] InitialReadForge.onBeforeSend: SKIP (fr=true syn=false hasRead=true)
[2026-08-05T05:07:05.497Z] LiveUpdateForge: EndTurn fallback flush
[2026-08-05T05:07:05.497Z] onEndTurn: naturalStop=false toolCalls=17 nudgeMsg=no
[2026-08-05T05:07:14.751Z] LiveUpdateForge: AfterToolExec flush
[2026-08-05T05:07:14.829Z] InitialReadForge.onBeforeSend: SKIP (fr=true syn=false hasRead=true)
[2026-08-05T05:07:19.542Z] LiveUpdateForge: EndTurn fallback flush
[2026-08-05T05:07:19.542Z] onEndTurn: naturalStop=true toolCalls=18 nudgeMsg=no
[2026-08-05T05:09:14.828Z] ResumeDiffForge: running checkResumeConsistency
[2026-08-05T05:09:14.830Z] checkResumeConsistency: forgedTimestamps=[]
[2026-08-05T05:09:14.847Z] checkResumeConsistency: no changes detected
[2026-08-05T05:09:14.847Z] LiveUpdateForge: session reset, allowLiveUpdate = false
[2026-08-05T05:09:14.848Z] NudgeForge: ResumeComplete — restoring count from history
[2026-08-05T05:09:14.849Z] restoreNudgeCountFromHistory: found last write at idx=1634 count=18
[2026-08-05T05:09:15.090Z] LiveUpdateForge: allowLiveUpdate = true (first real BeforeSend)
[2026-08-05T05:09:15.093Z] InitialReadForge.onBeforeSend: SKIP (fr=false syn=false hasRead=true)
[2026-08-05T05:09:30.463Z] LiveUpdateForge: EndTurn fallback flush
[2026-08-05T05:09:30.464Z] onEndTurn: naturalStop=false toolCalls=18 nudgeMsg=no
[2026-08-05T05:10:55.449Z] LiveUpdateForge: AfterToolExec flush
[2026-08-05T05:10:55.540Z] InitialReadForge.onBeforeSend: SKIP (fr=true syn=false hasRead=true)
[2026-08-05T05:11:04.820Z] LiveUpdateForge: EndTurn fallback flush
[2026-08-05T05:11:04.820Z] onEndTurn: naturalStop=false toolCalls=19 nudgeMsg=no
[2026-08-05T05:11:05.185Z] LiveUpdateForge: AfterToolExec flush
[2026-08-05T05:11:05.280Z] InitialReadForge.onBeforeSend: SKIP (fr=true syn=false hasRead=true)
[2026-08-05T05:11:11.509Z] LiveUpdateForge: EndTurn fallback flush
[2026-08-05T05:11:11.510Z] onEndTurn: naturalStop=false toolCalls=20 nudgeMsg=no
[2026-08-05T05:11:11.521Z] LiveUpdateForge: AfterToolExec flush
[2026-08-05T05:11:11.589Z] InitialReadForge.onBeforeSend: SKIP (fr=true syn=false hasRead=true)
[2026-08-05T05:11:16.875Z] LiveUpdateForge: EndTurn fallback flush
[2026-08-05T05:11:16.876Z] onEndTurn: naturalStop=false toolCalls=21 nudgeMsg=no
[2026-08-05T05:11:16.890Z] LiveUpdateForge: AfterToolExec flush
[2026-08-05T05:11:16.955Z] InitialReadForge.onBeforeSend: SKIP (fr=true syn=false hasRead=true)
[2026-08-05T05:11:20.985Z] LiveUpdateForge: EndTurn fallback flush
[2026-08-05T05:11:20.986Z] onEndTurn: naturalStop=false toolCalls=22 nudgeMsg=no
[2026-08-05T05:11:21.001Z] LiveUpdateForge: AfterToolExec flush
[2026-08-05T05:11:21.082Z] InitialReadForge.onBeforeSend: SKIP (fr=true syn=false hasRead=true)
[2026-08-05T05:11:27.535Z] LiveUpdateForge: EndTurn fallback flush
[2026-08-05T05:11:27.535Z] onEndTurn: naturalStop=false toolCalls=23 nudgeMsg=no
[2026-08-05T05:11:27.547Z] LiveUpdateForge: AfterToolExec flush
[2026-08-05T05:11:27.613Z] InitialReadForge.onBeforeSend: SKIP (fr=true syn=false hasRead=true)
[2026-08-05T05:11:36.424Z] LiveUpdateForge: EndTurn fallback flush
[2026-08-05T05:11:36.425Z] onEndTurn: naturalStop=false toolCalls=24 nudgeMsg=no
[2026-08-05T05:11:36.619Z] LiveUpdateForge: AfterToolExec flush
[2026-08-05T05:11:36.686Z] InitialReadForge.onBeforeSend: SKIP (fr=true syn=false hasRead=true)
[2026-08-05T05:11:41.507Z] LiveUpdateForge: EndTurn fallback flush
[2026-08-05T05:11:41.508Z] onEndTurn: naturalStop=false toolCalls=25 nudgeMsg=no
[2026-08-05T05:11:41.672Z] LiveUpdateForge: AfterToolExec flush
[2026-08-05T05:11:41.737Z] InitialReadForge.onBeforeSend: SKIP (fr=true syn=false hasRead=true)
[2026-08-05T05:11:47.267Z] LiveUpdateForge: EndTurn fallback flush
[2026-08-05T05:11:47.267Z] onEndTurn: naturalStop=false toolCalls=26 nudgeMsg=no
[2026-08-05T05:11:47.829Z] LiveUpdateForge: AfterToolExec flush
[2026-08-05T05:11:47.907Z] InitialReadForge.onBeforeSend: SKIP (fr=true syn=false hasRead=true)
[2026-08-05T05:11:52.465Z] LiveUpdateForge: EndTurn fallback flush
[2026-08-05T05:11:52.466Z] onEndTurn: naturalStop=false toolCalls=27 nudgeMsg=no
[2026-08-05T05:12:01.399Z] LiveUpdateForge: AfterToolExec flush
[2026-08-05T05:12:01.484Z] InitialReadForge.onBeforeSend: SKIP (fr=true syn=false hasRead=true)
[2026-08-05T05:12:05.987Z] LiveUpdateForge: EndTurn fallback flush
[2026-08-05T05:12:05.988Z] onEndTurn: naturalStop=true toolCalls=28 nudgeMsg=no
[2026-08-05T05:15:47.935Z] ResumeDiffForge: running checkResumeConsistency
[2026-08-05T05:15:47.938Z] checkResumeConsistency: forgedTimestamps=[]
[2026-08-05T05:15:47.962Z] checkResumeConsistency: no changes detected
[2026-08-05T05:15:47.963Z] LiveUpdateForge: session reset, allowLiveUpdate = false
[2026-08-05T05:15:47.963Z] NudgeForge: ResumeComplete — restoring count from history
[2026-08-05T05:15:47.965Z] restoreNudgeCountFromHistory: found last write at idx=1634 count=28
[2026-08-05T05:15:48.282Z] LiveUpdateForge: allowLiveUpdate = true (first real BeforeSend)
[2026-08-05T05:15:48.286Z] InitialReadForge.onBeforeSend: SKIP (fr=false syn=false hasRead=true)
[2026-08-05T05:16:00.709Z] LiveUpdateForge: EndTurn fallback flush
[2026-08-05T05:16:00.710Z] onEndTurn: naturalStop=false toolCalls=28 nudgeMsg=no
[2026-08-05T05:16:38.875Z] LiveUpdateForge: AfterToolExec flush
[2026-08-05T05:16:56.339Z] LiveUpdateForge: AfterToolExec flush
[2026-08-05T05:16:56.430Z] InitialReadForge.onBeforeSend: SKIP (fr=true syn=false hasRead=true)
[2026-08-05T05:17:01.095Z] LiveUpdateForge: EndTurn fallback flush
[2026-08-05T05:17:01.095Z] onEndTurn: naturalStop=false toolCalls=30 nudgeMsg=no
[2026-08-05T05:17:01.516Z] LiveUpdateForge: AfterToolExec flush
[2026-08-05T05:17:01.608Z] InitialReadForge.onBeforeSend: SKIP (fr=true syn=false hasRead=true)
[2026-08-05T05:17:05.765Z] LiveUpdateForge: EndTurn fallback flush
[2026-08-05T05:17:05.765Z] onEndTurn: naturalStop=false toolCalls=31 nudgeMsg=no
[2026-08-05T05:17:05.784Z] LiveUpdateForge: AfterToolExec flush
[2026-08-05T05:17:05.863Z] InitialReadForge.onBeforeSend: SKIP (fr=true syn=false hasRead=true)
[2026-08-05T05:17:11.003Z] LiveUpdateForge: EndTurn fallback flush
[2026-08-05T05:17:11.004Z] onEndTurn: naturalStop=false toolCalls=32 nudgeMsg=no
[2026-08-05T05:17:11.022Z] LiveUpdateForge: AfterToolExec flush
[2026-08-05T05:17:11.105Z] InitialReadForge.onBeforeSend: SKIP (fr=true syn=false hasRead=true)
[2026-08-05T05:17:15.985Z] LiveUpdateForge: EndTurn fallback flush
[2026-08-05T05:17:15.986Z] onEndTurn: naturalStop=false toolCalls=33 nudgeMsg=no
[2026-08-05T05:17:16.003Z] LiveUpdateForge: AfterToolExec flush
[2026-08-05T05:17:16.091Z] InitialReadForge.onBeforeSend: SKIP (fr=true syn=false hasRead=true)
[2026-08-05T05:17:20.444Z] LiveUpdateForge: EndTurn fallback flush
[2026-08-05T05:17:20.444Z] onEndTurn: naturalStop=false toolCalls=34 nudgeMsg=no
[2026-08-05T05:17:20.456Z] LiveUpdateForge: AfterToolExec flush
[2026-08-05T05:17:20.537Z] InitialReadForge.onBeforeSend: SKIP (fr=true syn=false hasRead=true)
[2026-08-05T05:17:25.291Z] LiveUpdateForge: EndTurn fallback flush
[2026-08-05T05:17:25.292Z] onEndTurn: naturalStop=false toolCalls=35 nudgeMsg=no
[2026-08-05T05:17:25.309Z] LiveUpdateForge: AfterToolExec flush
[2026-08-05T05:17:25.386Z] InitialReadForge.onBeforeSend: SKIP (fr=true syn=false hasRead=true)
[2026-08-05T05:17:40.490Z] LiveUpdateForge: EndTurn fallback flush
[2026-08-05T05:17:40.490Z] onEndTurn: naturalStop=false toolCalls=36 nudgeMsg=no
[2026-08-05T05:17:40.892Z] LiveUpdateForge: AfterToolExec flush
[2026-08-05T05:17:40.977Z] InitialReadForge.onBeforeSend: SKIP (fr=true syn=false hasRead=true)
[2026-08-05T05:17:45.538Z] LiveUpdateForge: EndTurn fallback flush
[2026-08-05T05:17:45.538Z] onEndTurn: naturalStop=false toolCalls=37 nudgeMsg=no
[2026-08-05T05:17:45.551Z] LiveUpdateForge: AfterToolExec flush
[2026-08-05T05:17:45.645Z] InitialReadForge.onBeforeSend: SKIP (fr=true syn=false hasRead=true)
[2026-08-05T05:17:49.986Z] LiveUpdateForge: EndTurn fallback flush
[2026-08-05T05:17:49.986Z] onEndTurn: naturalStop=false toolCalls=38 nudgeMsg=no
[2026-08-05T05:17:50.004Z] LiveUpdateForge: AfterToolExec flush
[2026-08-05T05:17:50.101Z] InitialReadForge.onBeforeSend: SKIP (fr=true syn=false hasRead=true)
[2026-08-05T05:17:54.461Z] LiveUpdateForge: EndTurn fallback flush
[2026-08-05T05:17:54.461Z] onEndTurn: naturalStop=false toolCalls=39 nudgeMsg=no
[2026-08-05T05:17:54.473Z] LiveUpdateForge: AfterToolExec flush
[2026-08-05T05:17:54.557Z] InitialReadForge.onBeforeSend: SKIP (fr=true syn=false hasRead=true)
[2026-08-05T05:17:58.606Z] LiveUpdateForge: EndTurn fallback flush
[2026-08-05T05:17:58.607Z] onEndTurn: naturalStop=false toolCalls=40 nudgeMsg=no
[2026-08-05T05:17:58.621Z] LiveUpdateForge: AfterToolExec flush
[2026-08-05T05:17:58.697Z] InitialReadForge.onBeforeSend: SKIP (fr=true syn=false hasRead=true)
[2026-08-05T05:18:03.892Z] LiveUpdateForge: EndTurn fallback flush
[2026-08-05T05:18:03.893Z] onEndTurn: naturalStop=false toolCalls=41 nudgeMsg=no
[2026-08-05T05:18:04.074Z] LiveUpdateForge: AfterToolExec flush
[2026-08-05T05:18:04.156Z] InitialReadForge.onBeforeSend: SKIP (fr=true syn=false hasRead=true)
[2026-08-05T05:18:09.489Z] LiveUpdateForge: EndTurn fallback flush
[2026-08-05T05:18:09.490Z] onEndTurn: naturalStop=false toolCalls=42 nudgeMsg=no
[2026-08-05T05:18:09.558Z] LiveUpdateForge: AfterToolExec flush
[2026-08-05T05:18:09.643Z] InitialReadForge.onBeforeSend: SKIP (fr=true syn=false hasRead=true)
[2026-08-05T05:18:14.018Z] LiveUpdateForge: EndTurn fallback flush
[2026-08-05T05:18:14.019Z] onEndTurn: naturalStop=false toolCalls=43 nudgeMsg=no
[2026-08-05T05:18:14.101Z] LiveUpdateForge: AfterToolExec flush
[2026-08-05T05:18:14.170Z] InitialReadForge.onBeforeSend: SKIP (fr=true syn=false hasRead=true)
[2026-08-05T05:18:18.420Z] LiveUpdateForge: EndTurn fallback flush
[2026-08-05T05:18:18.420Z] onEndTurn: naturalStop=false toolCalls=44 nudgeMsg=no
[2026-08-05T05:18:18.645Z] LiveUpdateForge: AfterToolExec flush
[2026-08-05T05:18:18.717Z] InitialReadForge.onBeforeSend: SKIP (fr=true syn=false hasRead=true)
[2026-08-05T05:18:24.439Z] LiveUpdateForge: EndTurn fallback flush
[2026-08-05T05:18:24.441Z] onEndTurn: naturalStop=false toolCalls=45 nudgeMsg=no
[2026-08-05T05:18:24.528Z] LiveUpdateForge: AfterToolExec flush
[2026-08-05T05:18:24.601Z] InitialReadForge.onBeforeSend: SKIP (fr=true syn=false hasRead=true)
[2026-08-05T05:18:41.234Z] LiveUpdateForge: EndTurn fallback flush
[2026-08-05T05:18:41.235Z] onEndTurn: naturalStop=false toolCalls=46 nudgeMsg=no
[2026-08-05T05:18:41.399Z] LiveUpdateForge: AfterToolExec flush
[2026-08-05T05:18:41.506Z] InitialReadForge.onBeforeSend: SKIP (fr=true syn=false hasRead=true)
[2026-08-05T05:18:46.030Z] LiveUpdateForge: EndTurn fallback flush
[2026-08-05T05:18:46.031Z] onEndTurn: naturalStop=false toolCalls=47 nudgeMsg=no
[2026-08-05T05:18:46.040Z] LiveUpdateForge: AfterToolExec flush
[2026-08-05T05:18:46.198Z] InitialReadForge.onBeforeSend: SKIP (fr=true syn=false hasRead=true)
[2026-08-05T05:18:52.361Z] LiveUpdateForge: EndTurn fallback flush
[2026-08-05T05:18:52.362Z] onEndTurn: naturalStop=false toolCalls=48 nudgeMsg=no
[2026-08-05T05:18:52.576Z] LiveUpdateForge: AfterToolExec flush
[2026-08-05T05:18:52.703Z] InitialReadForge.onBeforeSend: SKIP (fr=true syn=false hasRead=true)
[2026-08-05T05:18:57.398Z] LiveUpdateForge: EndTurn fallback flush
[2026-08-05T05:18:57.399Z] onEndTurn: naturalStop=false toolCalls=49 nudgeMsg=no
[2026-08-05T05:18:57.479Z] LiveUpdateForge: AfterToolExec flush
[2026-08-05T05:18:57.552Z] InitialReadForge.onBeforeSend: SKIP (fr=true syn=false hasRead=true)
[2026-08-05T05:19:01.575Z] LiveUpdateForge: EndTurn fallback flush
[2026-08-05T05:19:01.576Z] onEndTurn: naturalStop=false toolCalls=50 nudgeMsg=no
[2026-08-05T05:19:02.317Z] LiveUpdateForge: AfterToolExec flush
[2026-08-05T05:19:02.385Z] InitialReadForge.onBeforeSend: SKIP (fr=true syn=false hasRead=true)
[2026-08-05T05:19:06.685Z] LiveUpdateForge: EndTurn fallback flush
[2026-08-05T05:19:06.686Z] onEndTurn: naturalStop=false toolCalls=51 nudgeMsg=no
[2026-08-05T05:19:17.447Z] LiveUpdateForge: AfterToolExec flush
[2026-08-05T05:19:17.533Z] InitialReadForge.onBeforeSend: SKIP (fr=true syn=false hasRead=true)
[2026-08-05T05:19:27.614Z] LiveUpdateForge: EndTurn fallback flush
[2026-08-05T05:19:27.614Z] onEndTurn: naturalStop=true toolCalls=0 nudgeMsg=YES
[2026-08-05T05:19:27.623Z] InitialReadForge.onBeforeSend: SKIP (fr=false syn=false hasRead=true)
[2026-08-05T05:19:34.924Z] LiveUpdateForge: EndTurn fallback flush
[2026-08-05T05:19:34.924Z] onEndTurn: naturalStop=false toolCalls=0 nudgeMsg=no
[2026-08-05T05:19:34.953Z] LiveUpdateForge: self-write on D:\unity\demo\CODELY.md, baseline aligned
[2026-08-05T05:19:34.955Z] LiveUpdateForge: AfterToolExec flush
[2026-08-05T05:19:35.027Z] InitialReadForge.onBeforeSend: SKIP (fr=true syn=false hasRead=true)
[2026-08-05T05:19:35.571Z] LiveUpdateForge: pending external change on D:\unity\demo\CODELY.md
[2026-08-05T05:19:39.607Z] LiveUpdateForge: EndTurn fallback flush
[2026-08-05T05:19:39.607Z] onEndTurn: naturalStop=true toolCalls=0 nudgeMsg=no
[2026-08-05T05:22:37.741Z] ResumeDiffForge: running checkResumeConsistency
[2026-08-05T05:22:37.742Z] checkResumeConsistency: forgedTimestamps=[]
[2026-08-05T05:22:37.767Z] checkResumeConsistency: no changes detected
[2026-08-05T05:22:37.767Z] LiveUpdateForge: session reset, allowLiveUpdate = false
[2026-08-05T05:22:37.767Z] NudgeForge: ResumeComplete — restoring count from history
[2026-08-05T05:22:37.768Z] restoreNudgeCountFromHistory: found last write at idx=1748 count=0
[2026-08-05T05:22:38.019Z] LiveUpdateForge: allowLiveUpdate = true (first real BeforeSend)
[2026-08-05T05:22:38.020Z] InitialReadForge.onBeforeSend: SKIP (fr=false syn=false hasRead=true)
[2026-08-05T05:22:49.132Z] LiveUpdateForge: EndTurn fallback flush
[2026-08-05T05:22:49.132Z] onEndTurn: naturalStop=false toolCalls=0 nudgeMsg=no
[2026-08-05T05:22:49.160Z] LiveUpdateForge: AfterToolExec flush
[2026-08-05T05:22:49.230Z] InitialReadForge.onBeforeSend: SKIP (fr=true syn=false hasRead=true)
[2026-08-05T05:22:59.048Z] LiveUpdateForge: EndTurn fallback flush
[2026-08-05T05:22:59.048Z] onEndTurn: naturalStop=true toolCalls=1 nudgeMsg=no
[2026-08-05T05:23:28.239Z] ResumeDiffForge: running checkResumeConsistency
[2026-08-05T05:23:28.240Z] checkResumeConsistency: forgedTimestamps=[]
[2026-08-05T05:23:28.255Z] checkResumeConsistency: no changes detected
[2026-08-05T05:23:28.255Z] LiveUpdateForge: session reset, allowLiveUpdate = false
[2026-08-05T05:23:28.255Z] NudgeForge: ResumeComplete — restoring count from history
[2026-08-05T05:23:28.256Z] restoreNudgeCountFromHistory: found last write at idx=1748 count=1
[2026-08-05T05:23:28.526Z] LiveUpdateForge: allowLiveUpdate = true (first real BeforeSend)
[2026-08-05T05:23:28.527Z] InitialReadForge.onBeforeSend: SKIP (fr=false syn=false hasRead=true)
[2026-08-05T05:24:03.721Z] LiveUpdateForge: EndTurn fallback flush
[2026-08-05T05:24:03.722Z] onEndTurn: naturalStop=false toolCalls=1 nudgeMsg=no
[2026-08-05T05:24:03.749Z] LiveUpdateForge: AfterToolExec flush
[2026-08-05T05:24:03.817Z] InitialReadForge.onBeforeSend: SKIP (fr=true syn=false hasRead=true)
[2026-08-05T05:24:08.904Z] LiveUpdateForge: EndTurn fallback flush
[2026-08-05T05:24:08.904Z] onEndTurn: naturalStop=false toolCalls=2 nudgeMsg=no
[2026-08-05T05:24:08.916Z] LiveUpdateForge: AfterToolExec flush
[2026-08-05T05:24:08.982Z] InitialReadForge.onBeforeSend: SKIP (fr=true syn=false hasRead=true)
[2026-08-05T05:24:13.424Z] LiveUpdateForge: EndTurn fallback flush
[2026-08-05T05:24:13.424Z] onEndTurn: naturalStop=false toolCalls=3 nudgeMsg=no
[2026-08-05T05:24:13.436Z] LiveUpdateForge: AfterToolExec flush
[2026-08-05T05:24:13.505Z] InitialReadForge.onBeforeSend: SKIP (fr=true syn=false hasRead=true)
[2026-08-05T05:24:19.739Z] LiveUpdateForge: EndTurn fallback flush
[2026-08-05T05:24:19.740Z] onEndTurn: naturalStop=true toolCalls=4 nudgeMsg=no
[2026-08-05T05:28:12.587Z] ResumeDiffForge: running checkResumeConsistency
[2026-08-05T05:28:12.588Z] checkResumeConsistency: forgedTimestamps=[]
[2026-08-05T05:28:12.604Z] checkResumeConsistency: no changes detected
[2026-08-05T05:28:12.604Z] LiveUpdateForge: session reset, allowLiveUpdate = false
[2026-08-05T05:28:12.605Z] NudgeForge: ResumeComplete — restoring count from history
[2026-08-05T05:28:12.605Z] restoreNudgeCountFromHistory: found last write at idx=1748 count=4
[2026-08-05T05:28:12.904Z] LiveUpdateForge: allowLiveUpdate = true (first real BeforeSend)
[2026-08-05T05:28:12.905Z] InitialReadForge.onBeforeSend: SKIP (fr=false syn=false hasRead=true)
[2026-08-05T05:28:59.147Z] LiveUpdateForge: EndTurn fallback flush
[2026-08-05T05:28:59.148Z] onEndTurn: naturalStop=false toolCalls=4 nudgeMsg=no
[2026-08-05T05:28:59.176Z] LiveUpdateForge: AfterToolExec flush
[2026-08-05T05:28:59.238Z] InitialReadForge.onBeforeSend: SKIP (fr=true syn=false hasRead=true)
[2026-08-05T05:29:20.125Z] LiveUpdateForge: EndTurn fallback flush
[2026-08-05T05:29:20.125Z] onEndTurn: naturalStop=false toolCalls=5 nudgeMsg=no
[2026-08-05T05:29:20.345Z] LiveUpdateForge: AfterToolExec flush
[2026-08-05T05:29:20.426Z] InitialReadForge.onBeforeSend: SKIP (fr=true syn=false hasRead=true)
[2026-08-05T05:29:25.267Z] LiveUpdateForge: EndTurn fallback flush
[2026-08-05T05:29:25.267Z] onEndTurn: naturalStop=false toolCalls=6 nudgeMsg=no
[2026-08-05T05:29:39.652Z] LiveUpdateForge: AfterToolExec flush
[2026-08-05T05:29:39.753Z] InitialReadForge.onBeforeSend: SKIP (fr=true syn=false hasRead=true)
[2026-08-05T05:30:14.756Z] LiveUpdateForge: EndTurn fallback flush
[2026-08-05T05:30:14.756Z] onEndTurn: naturalStop=true toolCalls=7 nudgeMsg=no
[2026-08-05T05:33:53.498Z] ResumeDiffForge: running checkResumeConsistency
[2026-08-05T05:33:53.500Z] checkResumeConsistency: forgedTimestamps=[]
[2026-08-05T05:33:53.534Z] checkResumeConsistency: no changes detected
[2026-08-05T05:33:53.534Z] LiveUpdateForge: session reset, allowLiveUpdate = false
[2026-08-05T05:33:53.535Z] NudgeForge: ResumeComplete — restoring count from history
[2026-08-05T05:33:53.538Z] restoreNudgeCountFromHistory: found last write at idx=1748 count=7
[2026-08-05T05:33:53.899Z] LiveUpdateForge: allowLiveUpdate = true (first real BeforeSend)
[2026-08-05T05:33:53.901Z] InitialReadForge.onBeforeSend: SKIP (fr=false syn=false hasRead=true)
[2026-08-05T05:34:05.150Z] LiveUpdateForge: EndTurn fallback flush
[2026-08-05T05:34:05.150Z] onEndTurn: naturalStop=false toolCalls=7 nudgeMsg=no
[2026-08-05T05:35:18.406Z] LiveUpdateForge: AfterToolExec flush
[2026-08-05T05:36:43.991Z] LiveUpdateForge: AfterToolExec flush
[2026-08-05T05:36:44.079Z] InitialReadForge.onBeforeSend: SKIP (fr=true syn=false hasRead=true)
[2026-08-05T05:37:10.556Z] LiveUpdateForge: EndTurn fallback flush
[2026-08-05T05:37:10.556Z] onEndTurn: naturalStop=false toolCalls=9 nudgeMsg=no
[2026-08-05T05:37:14.203Z] LiveUpdateForge: AfterToolExec flush
[2026-08-05T05:37:14.284Z] InitialReadForge.onBeforeSend: SKIP (fr=true syn=false hasRead=true)
[2026-08-05T05:37:18.925Z] LiveUpdateForge: EndTurn fallback flush
[2026-08-05T05:37:18.925Z] onEndTurn: naturalStop=false toolCalls=10 nudgeMsg=no
[2026-08-05T05:37:18.932Z] LiveUpdateForge: AfterToolExec flush
[2026-08-05T05:37:19.003Z] InitialReadForge.onBeforeSend: SKIP (fr=true syn=false hasRead=true)
[2026-08-05T05:37:23.813Z] LiveUpdateForge: EndTurn fallback flush
[2026-08-05T05:37:23.813Z] onEndTurn: naturalStop=false toolCalls=11 nudgeMsg=no
[2026-08-05T05:37:23.825Z] LiveUpdateForge: AfterToolExec flush
[2026-08-05T05:37:23.901Z] InitialReadForge.onBeforeSend: SKIP (fr=true syn=false hasRead=true)
[2026-08-05T05:37:31.165Z] LiveUpdateForge: EndTurn fallback flush
[2026-08-05T05:37:31.165Z] onEndTurn: naturalStop=false toolCalls=12 nudgeMsg=no
[2026-08-05T05:37:31.562Z] LiveUpdateForge: AfterToolExec flush
[2026-08-05T05:37:33.594Z] InitialReadForge.onBeforeSend: SKIP (fr=true syn=false hasRead=true)
[2026-08-05T05:37:38.800Z] LiveUpdateForge: EndTurn fallback flush
[2026-08-05T05:37:38.801Z] onEndTurn: naturalStop=false toolCalls=13 nudgeMsg=no
[2026-08-05T05:37:38.807Z] LiveUpdateForge: AfterToolExec flush
[2026-08-05T05:37:39.196Z] InitialReadForge.onBeforeSend: SKIP (fr=true syn=false hasRead=true)
[2026-08-05T05:37:43.609Z] LiveUpdateForge: EndTurn fallback flush
[2026-08-05T05:37:43.610Z] onEndTurn: naturalStop=false toolCalls=14 nudgeMsg=no
[2026-08-05T05:37:43.646Z] LiveUpdateForge: AfterToolExec flush
[2026-08-05T05:37:43.842Z] InitialReadForge.onBeforeSend: SKIP (fr=true syn=false hasRead=true)
[2026-08-05T05:37:48.668Z] LiveUpdateForge: EndTurn fallback flush
[2026-08-05T05:37:48.668Z] onEndTurn: naturalStop=false toolCalls=15 nudgeMsg=no
[2026-08-05T05:37:48.681Z] LiveUpdateForge: AfterToolExec flush
[2026-08-05T05:37:48.752Z] InitialReadForge.onBeforeSend: SKIP (fr=true syn=false hasRead=true)
[2026-08-05T05:38:53.984Z] LiveUpdateForge: EndTurn fallback flush
[2026-08-05T05:38:53.984Z] onEndTurn: naturalStop=false toolCalls=16 nudgeMsg=no
[2026-08-05T05:38:53.996Z] LiveUpdateForge: AfterToolExec flush
[2026-08-05T05:38:54.145Z] InitialReadForge.onBeforeSend: SKIP (fr=true syn=false hasRead=true)
[2026-08-05T05:39:03.632Z] LiveUpdateForge: EndTurn fallback flush
[2026-08-05T05:39:03.633Z] onEndTurn: naturalStop=false toolCalls=17 nudgeMsg=no
[2026-08-05T05:39:04.014Z] LiveUpdateForge: AfterToolExec flush
[2026-08-05T05:39:04.086Z] InitialReadForge.onBeforeSend: SKIP (fr=true syn=false hasRead=true)
[2026-08-05T05:39:12.218Z] LiveUpdateForge: EndTurn fallback flush
[2026-08-05T05:39:12.218Z] onEndTurn: naturalStop=false toolCalls=18 nudgeMsg=no
[2026-08-05T05:39:12.590Z] LiveUpdateForge: AfterToolExec flush
[2026-08-05T05:39:12.669Z] InitialReadForge.onBeforeSend: SKIP (fr=true syn=false hasRead=true)
[2026-08-05T05:39:17.814Z] LiveUpdateForge: EndTurn fallback flush
[2026-08-05T05:39:17.814Z] onEndTurn: naturalStop=false toolCalls=19 nudgeMsg=no
[2026-08-05T05:39:17.830Z] LiveUpdateForge: AfterToolExec flush
[2026-08-05T05:39:17.911Z] InitialReadForge.onBeforeSend: SKIP (fr=true syn=false hasRead=true)
[2026-08-05T05:39:24.100Z] LiveUpdateForge: EndTurn fallback flush
[2026-08-05T05:39:24.258Z] onEndTurn: naturalStop=false toolCalls=20 nudgeMsg=no
[2026-08-05T05:39:24.272Z] LiveUpdateForge: AfterToolExec flush
[2026-08-05T05:39:24.413Z] InitialReadForge.onBeforeSend: SKIP (fr=true syn=false hasRead=true)
[2026-08-05T05:39:35.310Z] LiveUpdateForge: EndTurn fallback flush
[2026-08-05T05:39:35.311Z] onEndTurn: naturalStop=false toolCalls=21 nudgeMsg=no
[2026-08-05T05:39:36.441Z] LiveUpdateForge: AfterToolExec flush
[2026-08-05T05:39:36.541Z] InitialReadForge.onBeforeSend: SKIP (fr=true syn=false hasRead=true)
[2026-08-05T05:40:27.107Z] LiveUpdateForge: EndTurn fallback flush
[2026-08-05T05:40:27.107Z] onEndTurn: naturalStop=false toolCalls=22 nudgeMsg=no
[2026-08-05T05:40:27.564Z] LiveUpdateForge: AfterToolExec flush
[2026-08-05T05:40:27.639Z] InitialReadForge.onBeforeSend: SKIP (fr=true syn=false hasRead=true)
[2026-08-05T05:40:33.789Z] LiveUpdateForge: EndTurn fallback flush
[2026-08-05T05:40:33.790Z] onEndTurn: naturalStop=false toolCalls=23 nudgeMsg=no
[2026-08-05T05:40:33.956Z] LiveUpdateForge: AfterToolExec flush
[2026-08-05T05:40:34.025Z] InitialReadForge.onBeforeSend: SKIP (fr=true syn=false hasRead=true)
[2026-08-05T05:40:39.987Z] LiveUpdateForge: EndTurn fallback flush
[2026-08-05T05:40:39.987Z] onEndTurn: naturalStop=false toolCalls=24 nudgeMsg=no
[2026-08-05T05:42:02.459Z] LiveUpdateForge: AfterToolExec flush
[2026-08-05T05:42:02.541Z] InitialReadForge.onBeforeSend: SKIP (fr=true syn=false hasRead=true)
[2026-08-05T05:42:11.382Z] LiveUpdateForge: EndTurn fallback flush
[2026-08-05T05:42:11.383Z] onEndTurn: naturalStop=true toolCalls=25 nudgeMsg=no
[2026-08-05T06:07:20.561Z] MemoryForge: attached 5 listener(s)
[2026-08-05T06:07:20.561Z] InitialReadForge: armed one-shot BeforeSend after NewSessionStart
[2026-08-05T06:07:20.562Z] LiveUpdateForge: session reset, allowLiveUpdate = false
[2026-08-05T06:14:17.502Z] LiveUpdateForge: session reset, allowLiveUpdate = false
[2026-08-05T06:14:21.723Z] ResumeDiffForge: running checkResumeConsistency
[2026-08-05T06:14:22.011Z] checkResumeConsistency: forgedTimestamps=[]
[2026-08-05T06:14:25.534Z] checkResumeConsistency: no changes detected
[2026-08-05T06:14:25.534Z] LiveUpdateForge: session reset, allowLiveUpdate = false
[2026-08-05T06:14:25.535Z] NudgeForge: ResumeComplete — restoring count from history
[2026-08-05T06:14:25.535Z] restoreNudgeCountFromHistory: found last write at idx=1748 count=25
[2026-08-05T06:15:32.497Z] ResumeDiffForge: running checkResumeConsistency
[2026-08-05T06:15:32.499Z] checkResumeConsistency: forgedTimestamps=[]
[2026-08-05T06:15:32.656Z] checkResumeConsistency: no changes detected
[2026-08-05T06:15:32.656Z] LiveUpdateForge: session reset, allowLiveUpdate = false
[2026-08-05T06:15:32.656Z] NudgeForge: ResumeComplete — restoring count from history
[2026-08-05T06:15:32.657Z] restoreNudgeCountFromHistory: found last write at idx=1748 count=25
[2026-08-05T06:16:29.173Z] ResumeDiffForge: running checkResumeConsistency
[2026-08-05T06:16:29.174Z] checkResumeConsistency: forgedTimestamps=[]
[2026-08-05T06:16:29.196Z] checkResumeConsistency: no changes detected
[2026-08-05T06:16:29.196Z] LiveUpdateForge: session reset, allowLiveUpdate = false
[2026-08-05T06:16:29.197Z] NudgeForge: ResumeComplete — restoring count from history
[2026-08-05T06:16:29.198Z] restoreNudgeCountFromHistory: found last write at idx=1748 count=25
[2026-08-05T06:16:30.815Z] MemoryForge: attached 5 listener(s)
[2026-08-05T06:16:30.816Z] InitialReadForge: armed one-shot BeforeSend after NewSessionStart
[2026-08-05T06:16:30.816Z] LiveUpdateForge: session reset, allowLiveUpdate = false
[2026-08-05T06:16:30.847Z] MemoryForge: detached all listeners
[2026-08-05T06:16:30.848Z] ResumeDiffForge: running checkResumeConsistency
[2026-08-05T06:16:30.849Z] checkResumeConsistency: forgedTimestamps=[]
[2026-08-05T06:16:30.934Z] checkResumeConsistency: no changes detected
[2026-08-05T06:16:30.934Z] LiveUpdateForge: session reset, allowLiveUpdate = false
[2026-08-05T06:16:30.935Z] NudgeForge: ResumeComplete — restoring count from history
[2026-08-05T06:16:30.935Z] restoreNudgeCountFromHistory: found last write at idx=1748 count=25
[2026-08-05T06:16:31.682Z] LiveUpdateForge: allowLiveUpdate = true (first real BeforeSend)
[2026-08-05T06:16:31.987Z] InitialReadForge.onBeforeSend: SKIP (fr=false syn=false hasRead=true)
[2026-08-05T06:17:29.211Z] LiveUpdateForge: EndTurn fallback flush
[2026-08-05T06:17:29.211Z] onEndTurn: naturalStop=false toolCalls=25 nudgeMsg=no
[2026-08-05T06:17:54.098Z] LiveUpdateForge: AfterToolExec flush
[2026-08-05T06:17:54.171Z] InitialReadForge.onBeforeSend: SKIP (fr=true syn=false hasRead=true)
[2026-08-05T06:18:14.980Z] LiveUpdateForge: EndTurn fallback flush
[2026-08-05T06:18:15.014Z] onEndTurn: naturalStop=false toolCalls=26 nudgeMsg=no
[2026-08-05T06:18:15.129Z] LiveUpdateForge: AfterToolExec flush
[2026-08-05T06:18:15.310Z] InitialReadForge.onBeforeSend: SKIP (fr=true syn=false hasRead=true)
[2026-08-05T06:18:44.973Z] LiveUpdateForge: EndTurn fallback flush
[2026-08-05T06:18:44.974Z] onEndTurn: naturalStop=false toolCalls=27 nudgeMsg=no
[2026-08-05T06:18:47.653Z] LiveUpdateForge: AfterToolExec flush
[2026-08-05T06:18:47.739Z] InitialReadForge.onBeforeSend: SKIP (fr=true syn=false hasRead=true)
[2026-08-05T06:19:16.941Z] LiveUpdateForge: EndTurn fallback flush
[2026-08-05T06:19:16.941Z] onEndTurn: naturalStop=false toolCalls=28 nudgeMsg=no
[2026-08-05T06:19:17.384Z] LiveUpdateForge: AfterToolExec flush
[2026-08-05T06:19:17.463Z] InitialReadForge.onBeforeSend: SKIP (fr=true syn=false hasRead=true)
[2026-08-05T06:19:44.536Z] LiveUpdateForge: EndTurn fallback flush
[2026-08-05T06:19:44.536Z] onEndTurn: naturalStop=false toolCalls=29 nudgeMsg=no
[2026-08-05T06:19:44.623Z] InitialReadForge.onBeforeSend: SKIP (fr=true syn=false hasRead=true)
[2026-08-05T06:20:07.289Z] LiveUpdateForge: EndTurn fallback flush
[2026-08-05T06:20:07.289Z] onEndTurn: naturalStop=false toolCalls=29 nudgeMsg=no
[2026-08-05T06:20:08.713Z] LiveUpdateForge: AfterToolExec flush
[2026-08-05T06:20:08.787Z] InitialReadForge.onBeforeSend: SKIP (fr=true syn=false hasRead=true)
[2026-08-05T06:21:19.084Z] LiveUpdateForge: EndTurn fallback flush
[2026-08-05T06:21:19.085Z] onEndTurn: naturalStop=false toolCalls=30 nudgeMsg=no
[2026-08-05T06:21:20.473Z] LiveUpdateForge: AfterToolExec flush
[2026-08-05T06:21:20.634Z] InitialReadForge.onBeforeSend: SKIP (fr=true syn=false hasRead=true)
[2026-08-05T06:22:38.170Z] LiveUpdateForge: EndTurn fallback flush
[2026-08-05T06:22:38.170Z] onEndTurn: naturalStop=false toolCalls=31 nudgeMsg=no
[2026-08-05T06:22:47.629Z] LiveUpdateForge: AfterToolExec flush
[2026-08-05T06:22:47.705Z] InitialReadForge.onBeforeSend: SKIP (fr=true syn=false hasRead=true)
[2026-08-05T06:23:18.339Z] LiveUpdateForge: EndTurn fallback flush
[2026-08-05T06:23:18.339Z] onEndTurn: naturalStop=true toolCalls=32 nudgeMsg=no
[2026-08-05T06:25:37.608Z] ResumeDiffForge: running checkResumeConsistency
[2026-08-05T06:25:37.610Z] checkResumeConsistency: forgedTimestamps=[]
[2026-08-05T06:25:37.643Z] checkResumeConsistency: no changes detected
[2026-08-05T06:25:37.644Z] LiveUpdateForge: session reset, allowLiveUpdate = false
[2026-08-05T06:25:37.645Z] NudgeForge: ResumeComplete — restoring count from history
[2026-08-05T06:25:37.646Z] restoreNudgeCountFromHistory: found last write at idx=1748 count=33
[2026-08-05T06:25:38.093Z] LiveUpdateForge: allowLiveUpdate = true (first real BeforeSend)
[2026-08-05T06:25:38.096Z] InitialReadForge.onBeforeSend: SKIP (fr=false syn=false hasRead=true)
[2026-08-05T06:25:49.757Z] LiveUpdateForge: EndTurn fallback flush
[2026-08-05T06:25:49.758Z] onEndTurn: naturalStop=false toolCalls=33 nudgeMsg=no
[2026-08-05T06:26:22.167Z] LiveUpdateForge: AfterToolExec flush
[2026-08-05T06:26:22.282Z] InitialReadForge.onBeforeSend: SKIP (fr=true syn=false hasRead=true)
[2026-08-05T06:26:47.484Z] LiveUpdateForge: EndTurn fallback flush
[2026-08-05T06:26:47.485Z] onEndTurn: naturalStop=false toolCalls=34 nudgeMsg=no
[2026-08-05T06:26:55.903Z] LiveUpdateForge: AfterToolExec flush
[2026-08-05T06:26:56.021Z] InitialReadForge.onBeforeSend: SKIP (fr=true syn=false hasRead=true)
[2026-08-05T06:27:10.857Z] LiveUpdateForge: EndTurn fallback flush
[2026-08-05T06:27:10.859Z] onEndTurn: naturalStop=false toolCalls=35 nudgeMsg=no
[2026-08-05T06:27:16.779Z] LiveUpdateForge: AfterToolExec flush
[2026-08-05T06:27:16.895Z] InitialReadForge.onBeforeSend: SKIP (fr=true syn=false hasRead=true)
[2026-08-05T06:27:34.436Z] LiveUpdateForge: EndTurn fallback flush
[2026-08-05T06:27:34.436Z] onEndTurn: naturalStop=false toolCalls=36 nudgeMsg=no
[2026-08-05T06:28:07.745Z] LiveUpdateForge: AfterToolExec flush
[2026-08-05T06:28:08.053Z] InitialReadForge.onBeforeSend: SKIP (fr=true syn=false hasRead=true)
[2026-08-05T06:28:27.794Z] LiveUpdateForge: EndTurn fallback flush
[2026-08-05T06:28:27.795Z] onEndTurn: naturalStop=false toolCalls=37 nudgeMsg=no
[2026-08-05T06:28:27.934Z] LiveUpdateForge: AfterToolExec flush
[2026-08-05T06:28:28.015Z] InitialReadForge.onBeforeSend: SKIP (fr=true syn=false hasRead=true)
[2026-08-05T06:28:51.063Z] LiveUpdateForge: EndTurn fallback flush
[2026-08-05T06:28:51.064Z] onEndTurn: naturalStop=false toolCalls=38 nudgeMsg=no
[2026-08-05T06:29:00.768Z] LiveUpdateForge: AfterToolExec flush
[2026-08-05T06:29:00.903Z] InitialReadForge.onBeforeSend: SKIP (fr=true syn=false hasRead=true)
[2026-08-05T06:29:58.455Z] LiveUpdateForge: EndTurn fallback flush
[2026-08-05T06:29:58.456Z] onEndTurn: naturalStop=false toolCalls=39 nudgeMsg=no
[2026-08-05T06:30:10.098Z] LiveUpdateForge: AfterToolExec flush
[2026-08-05T06:30:10.174Z] LiveUpdateForge: AfterToolExec flush
[2026-08-05T06:30:10.319Z] InitialReadForge.onBeforeSend: SKIP (fr=true syn=false hasRead=true)
[2026-08-05T06:30:34.224Z] LiveUpdateForge: EndTurn fallback flush
[2026-08-05T06:30:34.224Z] onEndTurn: naturalStop=false toolCalls=41 nudgeMsg=no
[2026-08-05T06:30:45.862Z] LiveUpdateForge: AfterToolExec flush
[2026-08-05T06:30:45.986Z] InitialReadForge.onBeforeSend: SKIP (fr=true syn=false hasRead=true)
[2026-08-05T06:31:12.417Z] LiveUpdateForge: EndTurn fallback flush
[2026-08-05T06:31:12.418Z] onEndTurn: naturalStop=false toolCalls=42 nudgeMsg=no
[2026-08-05T06:31:22.136Z] LiveUpdateForge: AfterToolExec flush
[2026-08-05T06:31:22.265Z] InitialReadForge.onBeforeSend: SKIP (fr=true syn=false hasRead=true)
[2026-08-05T06:31:40.642Z] LiveUpdateForge: EndTurn fallback flush
[2026-08-05T06:31:40.643Z] onEndTurn: naturalStop=false toolCalls=43 nudgeMsg=no
[2026-08-05T06:31:41.026Z] LiveUpdateForge: AfterToolExec flush
[2026-08-05T06:31:41.144Z] InitialReadForge.onBeforeSend: SKIP (fr=true syn=false hasRead=true)
[2026-08-05T06:31:50.070Z] LiveUpdateForge: EndTurn fallback flush
[2026-08-05T06:31:50.070Z] onEndTurn: naturalStop=false toolCalls=44 nudgeMsg=no
[2026-08-05T06:32:15.099Z] LiveUpdateForge: AfterToolExec flush
[2026-08-05T06:32:15.229Z] InitialReadForge.onBeforeSend: SKIP (fr=true syn=false hasRead=true)
[2026-08-05T06:33:12.911Z] LiveUpdateForge: EndTurn fallback flush
[2026-08-05T06:33:12.912Z] onEndTurn: naturalStop=false toolCalls=45 nudgeMsg=no
[2026-08-05T06:33:13.050Z] LiveUpdateForge: AfterToolExec flush
[2026-08-05T06:33:13.157Z] InitialReadForge.onBeforeSend: SKIP (fr=true syn=false hasRead=true)
[2026-08-05T06:33:27.340Z] LiveUpdateForge: EndTurn fallback flush
[2026-08-05T06:33:27.341Z] onEndTurn: naturalStop=false toolCalls=46 nudgeMsg=no
[2026-08-05T06:33:55.915Z] LiveUpdateForge: AfterToolExec flush
[2026-08-05T06:33:56.044Z] InitialReadForge.onBeforeSend: SKIP (fr=true syn=false hasRead=true)
[2026-08-05T06:34:16.406Z] LiveUpdateForge: EndTurn fallback flush
[2026-08-05T06:34:16.407Z] onEndTurn: naturalStop=false toolCalls=47 nudgeMsg=no
[2026-08-05T06:34:25.187Z] LiveUpdateForge: AfterToolExec flush
[2026-08-05T06:34:25.288Z] InitialReadForge.onBeforeSend: SKIP (fr=true syn=false hasRead=true)
[2026-08-05T06:34:35.390Z] LiveUpdateForge: EndTurn fallback flush
[2026-08-05T06:34:35.391Z] onEndTurn: naturalStop=false toolCalls=48 nudgeMsg=no
[2026-08-05T06:34:43.733Z] LiveUpdateForge: AfterToolExec flush
[2026-08-05T06:34:43.851Z] InitialReadForge.onBeforeSend: SKIP (fr=true syn=false hasRead=true)
[2026-08-05T06:34:55.611Z] LiveUpdateForge: EndTurn fallback flush
[2026-08-05T06:34:55.612Z] onEndTurn: naturalStop=false toolCalls=49 nudgeMsg=no
[2026-08-05T06:34:55.774Z] LiveUpdateForge: AfterToolExec flush
[2026-08-05T06:34:55.856Z] InitialReadForge.onBeforeSend: SKIP (fr=true syn=false hasRead=true)
[2026-08-05T06:35:12.933Z] LiveUpdateForge: EndTurn fallback flush
[2026-08-05T06:35:12.934Z] onEndTurn: naturalStop=false toolCalls=50 nudgeMsg=no
[2026-08-05T06:35:43.144Z] LiveUpdateForge: AfterToolExec flush
[2026-08-05T06:35:43.260Z] InitialReadForge.onBeforeSend: SKIP (fr=true syn=false hasRead=true)
[2026-08-05T06:35:56.922Z] LiveUpdateForge: EndTurn fallback flush
[2026-08-05T06:35:56.923Z] onEndTurn: naturalStop=false toolCalls=51 nudgeMsg=no
[2026-08-05T06:37:14.704Z] LiveUpdateForge: AfterToolExec flush
[2026-08-05T06:37:14.828Z] InitialReadForge.onBeforeSend: SKIP (fr=true syn=false hasRead=true)
[2026-08-05T06:37:26.980Z] LiveUpdateForge: EndTurn fallback flush
[2026-08-05T06:37:26.981Z] onEndTurn: naturalStop=false toolCalls=52 nudgeMsg=no
[2026-08-05T06:37:50.457Z] LiveUpdateForge: AfterToolExec flush
[2026-08-05T06:37:50.584Z] InitialReadForge.onBeforeSend: SKIP (fr=true syn=false hasRead=true)
[2026-08-05T06:38:25.393Z] MemoryForge: attached 5 listener(s)
[2026-08-05T06:38:25.394Z] InitialReadForge: armed one-shot BeforeSend after NewSessionStart
[2026-08-05T06:38:25.395Z] LiveUpdateForge: session reset, allowLiveUpdate = false
[2026-08-05T06:38:28.293Z] ResumeDiffForge: running checkResumeConsistency
[2026-08-05T06:38:28.296Z] checkResumeConsistency: forgedTimestamps=[]
[2026-08-05T06:38:28.327Z] LiveUpdateForge: EndTurn fallback flush
[2026-08-05T06:38:28.328Z] onEndTurn: naturalStop=false toolCalls=53 nudgeMsg=no
[2026-08-05T06:38:28.311Z] checkResumeConsistency: no changes detected
[2026-08-05T06:38:28.312Z] LiveUpdateForge: session reset, allowLiveUpdate = false
[2026-08-05T06:38:28.312Z] NudgeForge: ResumeComplete — restoring count from history
[2026-08-05T06:38:28.313Z] restoreNudgeCountFromHistory: found last write at idx=2918 count=4
[2026-08-05T06:38:28.842Z] MemoryForge: attached 5 listener(s)
[2026-08-05T06:38:28.843Z] InitialReadForge: armed one-shot BeforeSend after NewSessionStart
[2026-08-05T06:38:28.843Z] LiveUpdateForge: session reset, allowLiveUpdate = false
[2026-08-05T06:38:30.317Z] MemoryForge: attached 5 listener(s)
[2026-08-05T06:38:30.318Z] InitialReadForge: armed one-shot BeforeSend after NewSessionStart
[2026-08-05T06:38:30.319Z] LiveUpdateForge: session reset, allowLiveUpdate = false
[2026-08-05T06:38:34.428Z] ResumeDiffForge: running checkResumeConsistency
[2026-08-05T06:38:34.431Z] checkResumeConsistency: forgedTimestamps=[]
[2026-08-05T06:38:34.453Z] checkResumeConsistency: no changes detected
[2026-08-05T06:38:34.454Z] LiveUpdateForge: session reset, allowLiveUpdate = false
[2026-08-05T06:38:34.455Z] NudgeForge: ResumeComplete — restoring count from history
[2026-08-05T06:38:34.456Z] restoreNudgeCountFromHistory: found last write at idx=2918 count=4
[2026-08-05T06:38:35.211Z] MemoryForge: attached 5 listener(s)
[2026-08-05T06:38:35.212Z] InitialReadForge: armed one-shot BeforeSend after NewSessionStart
[2026-08-05T06:38:35.213Z] LiveUpdateForge: session reset, allowLiveUpdate = false
[2026-08-05T06:38:56.786Z] MemoryForge: attached 5 listener(s)
[2026-08-05T06:38:56.786Z] InitialReadForge: armed one-shot BeforeSend after NewSessionStart
[2026-08-05T06:38:56.787Z] LiveUpdateForge: session reset, allowLiveUpdate = false
[2026-08-05T06:39:01.498Z] LiveUpdateForge: AfterToolExec flush
[2026-08-05T06:39:01.600Z] InitialReadForge.onBeforeSend: SKIP (fr=true syn=false hasRead=true)
[2026-08-05T06:39:11.997Z] LiveUpdateForge: EndTurn fallback flush
[2026-08-05T06:39:11.997Z] onEndTurn: naturalStop=true toolCalls=0 nudgeMsg=YES
[2026-08-05T06:39:12.011Z] InitialReadForge.onBeforeSend: SKIP (fr=false syn=false hasRead=true)
[2026-08-05T06:39:18.563Z] LiveUpdateForge: EndTurn fallback flush
[2026-08-05T06:39:18.564Z] onEndTurn: naturalStop=false toolCalls=0 nudgeMsg=no
[2026-08-05T06:39:18.607Z] LiveUpdateForge: self-write on D:\unity\demo\CODELY.md, baseline aligned
[2026-08-05T06:39:18.609Z] LiveUpdateForge: AfterToolExec flush
[2026-08-05T06:39:18.698Z] InitialReadForge.onBeforeSend: SKIP (fr=true syn=false hasRead=true)
[2026-08-05T06:39:19.107Z] LiveUpdateForge: pending external change on D:\unity\demo\CODELY.md
[2026-08-05T06:39:19.111Z] LiveUpdateForge: pending external change on D:\unity\demo\CODELY.md
[2026-08-05T06:39:19.111Z] LiveUpdateForge: pending external change on D:\unity\demo\CODELY.md
[2026-08-05T06:39:19.254Z] LiveUpdateForge: pending external change on D:\unity\demo\CODELY.md
[2026-08-05T06:39:26.046Z] LiveUpdateForge: EndTurn fallback flush
[2026-08-05T06:39:26.047Z] onEndTurn: naturalStop=true toolCalls=0 nudgeMsg=no
[2026-08-05T06:44:01.526Z] ResumeDiffForge: running checkResumeConsistency
[2026-08-05T06:44:01.527Z] checkResumeConsistency: forgedTimestamps=[]
[2026-08-05T06:44:01.546Z] checkResumeConsistency: no changes detected
[2026-08-05T06:44:01.546Z] LiveUpdateForge: session reset, allowLiveUpdate = false
[2026-08-05T06:44:01.547Z] NudgeForge: ResumeComplete — restoring count from history
[2026-08-05T06:44:01.548Z] restoreNudgeCountFromHistory: found last write at idx=1869 count=0
[2026-08-05T06:44:01.837Z] LiveUpdateForge: allowLiveUpdate = true (first real BeforeSend)
[2026-08-05T06:44:01.874Z] InitialReadForge.onBeforeSend: SKIP (fr=false syn=false hasRead=true)
[2026-08-05T06:44:11.934Z] LiveUpdateForge: EndTurn fallback flush
[2026-08-05T06:44:11.935Z] onEndTurn: naturalStop=false toolCalls=0 nudgeMsg=no
[2026-08-05T06:45:10.922Z] LiveUpdateForge: AfterToolExec flush
[2026-08-05T06:45:11.000Z] InitialReadForge.onBeforeSend: SKIP (fr=true syn=false hasRead=true)
[2026-08-05T06:45:25.451Z] LiveUpdateForge: EndTurn fallback flush
[2026-08-05T06:45:25.452Z] onEndTurn: naturalStop=false toolCalls=1 nudgeMsg=no
[2026-08-05T06:45:25.861Z] LiveUpdateForge: AfterToolExec flush
[2026-08-05T06:45:25.936Z] InitialReadForge.onBeforeSend: SKIP (fr=true syn=false hasRead=true)
[2026-08-05T06:45:46.415Z] LiveUpdateForge: EndTurn fallback flush
[2026-08-05T06:45:46.416Z] onEndTurn: naturalStop=false toolCalls=2 nudgeMsg=no
[2026-08-05T06:45:46.799Z] LiveUpdateForge: AfterToolExec flush
[2026-08-05T06:45:46.872Z] InitialReadForge.onBeforeSend: SKIP (fr=true syn=false hasRead=true)
[2026-08-05T06:45:53.540Z] LiveUpdateForge: EndTurn fallback flush
[2026-08-05T06:45:53.541Z] onEndTurn: naturalStop=false toolCalls=3 nudgeMsg=no
[2026-08-05T06:45:53.558Z] LiveUpdateForge: AfterToolExec flush
[2026-08-05T06:45:53.662Z] InitialReadForge.onBeforeSend: SKIP (fr=true syn=false hasRead=true)
[2026-08-05T06:46:00.117Z] LiveUpdateForge: EndTurn fallback flush
[2026-08-05T06:46:00.118Z] onEndTurn: naturalStop=false toolCalls=4 nudgeMsg=no
[2026-08-05T06:46:00.133Z] LiveUpdateForge: AfterToolExec flush
[2026-08-05T06:46:00.215Z] InitialReadForge.onBeforeSend: SKIP (fr=true syn=false hasRead=true)
[2026-08-05T06:46:12.665Z] LiveUpdateForge: EndTurn fallback flush
[2026-08-05T06:46:12.665Z] onEndTurn: naturalStop=false toolCalls=5 nudgeMsg=no
[2026-08-05T06:46:12.684Z] LiveUpdateForge: AfterToolExec flush
[2026-08-05T06:46:12.772Z] InitialReadForge.onBeforeSend: SKIP (fr=true syn=false hasRead=true)
[2026-08-05T06:46:21.740Z] LiveUpdateForge: EndTurn fallback flush
[2026-08-05T06:46:21.741Z] onEndTurn: naturalStop=false toolCalls=6 nudgeMsg=no
[2026-08-05T06:46:21.962Z] LiveUpdateForge: AfterToolExec flush
[2026-08-05T06:46:22.032Z] InitialReadForge.onBeforeSend: SKIP (fr=true syn=false hasRead=true)
[2026-08-05T06:46:38.355Z] LiveUpdateForge: EndTurn fallback flush
[2026-08-05T06:46:38.356Z] onEndTurn: naturalStop=false toolCalls=7 nudgeMsg=no
[2026-08-05T06:46:38.631Z] LiveUpdateForge: AfterToolExec flush
[2026-08-05T06:46:38.711Z] InitialReadForge.onBeforeSend: SKIP (fr=true syn=false hasRead=true)
[2026-08-05T06:47:03.526Z] LiveUpdateForge: EndTurn fallback flush
[2026-08-05T06:47:03.527Z] onEndTurn: naturalStop=false toolCalls=8 nudgeMsg=no
[2026-08-05T06:47:03.765Z] LiveUpdateForge: AfterToolExec flush
[2026-08-05T06:47:03.848Z] InitialReadForge.onBeforeSend: SKIP (fr=true syn=false hasRead=true)
[2026-08-05T06:48:17.593Z] LiveUpdateForge: EndTurn fallback flush
[2026-08-05T06:48:17.594Z] onEndTurn: naturalStop=false toolCalls=9 nudgeMsg=no
[2026-08-05T06:48:17.619Z] LiveUpdateForge: AfterToolExec flush
[2026-08-05T06:48:17.691Z] InitialReadForge.onBeforeSend: SKIP (fr=true syn=false hasRead=true)
[2026-08-05T06:49:21.294Z] LiveUpdateForge: EndTurn fallback flush
[2026-08-05T06:49:21.294Z] onEndTurn: naturalStop=false toolCalls=10 nudgeMsg=no
[2026-08-05T06:49:21.311Z] LiveUpdateForge: AfterToolExec flush
[2026-08-05T06:49:21.405Z] InitialReadForge.onBeforeSend: SKIP (fr=true syn=false hasRead=true)
[2026-08-05T06:49:35.242Z] LiveUpdateForge: EndTurn fallback flush
[2026-08-05T06:49:35.242Z] onEndTurn: naturalStop=false toolCalls=11 nudgeMsg=no
[2026-08-05T06:49:35.364Z] LiveUpdateForge: AfterToolExec flush
[2026-08-05T06:49:35.433Z] InitialReadForge.onBeforeSend: SKIP (fr=true syn=false hasRead=true)
[2026-08-05T06:49:45.037Z] LiveUpdateForge: EndTurn fallback flush
[2026-08-05T06:49:45.038Z] onEndTurn: naturalStop=false toolCalls=12 nudgeMsg=no
[2026-08-05T06:49:45.161Z] LiveUpdateForge: AfterToolExec flush
[2026-08-05T06:49:45.233Z] InitialReadForge.onBeforeSend: SKIP (fr=true syn=false hasRead=true)
[2026-08-05T06:49:55.329Z] LiveUpdateForge: EndTurn fallback flush
[2026-08-05T06:49:55.330Z] onEndTurn: naturalStop=false toolCalls=13 nudgeMsg=no
[2026-08-05T06:50:05.688Z] LiveUpdateForge: AfterToolExec flush
[2026-08-05T06:50:05.782Z] InitialReadForge.onBeforeSend: SKIP (fr=true syn=false hasRead=true)
[2026-08-05T06:50:22.541Z] LiveUpdateForge: EndTurn fallback flush
[2026-08-05T06:50:22.541Z] onEndTurn: naturalStop=true toolCalls=14 nudgeMsg=no
[2026-08-05T06:54:17.060Z] ResumeDiffForge: running checkResumeConsistency
[2026-08-05T06:54:17.061Z] checkResumeConsistency: forgedTimestamps=[]
[2026-08-05T06:54:17.079Z] checkResumeConsistency: no changes detected
[2026-08-05T06:54:17.079Z] LiveUpdateForge: session reset, allowLiveUpdate = false
[2026-08-05T06:54:17.080Z] NudgeForge: ResumeComplete — restoring count from history
[2026-08-05T06:54:17.081Z] restoreNudgeCountFromHistory: found last write at idx=1869 count=14
[2026-08-05T06:54:17.397Z] LiveUpdateForge: allowLiveUpdate = true (first real BeforeSend)
[2026-08-05T06:54:17.399Z] InitialReadForge.onBeforeSend: SKIP (fr=false syn=false hasRead=true)
[2026-08-05T06:54:26.888Z] LiveUpdateForge: EndTurn fallback flush
[2026-08-05T06:54:26.889Z] onEndTurn: naturalStop=false toolCalls=14 nudgeMsg=no
[2026-08-05T06:54:27.336Z] LiveUpdateForge: AfterToolExec flush
[2026-08-05T06:54:27.422Z] InitialReadForge.onBeforeSend: SKIP (fr=true syn=false hasRead=true)
[2026-08-05T06:54:32.765Z] LiveUpdateForge: EndTurn fallback flush
[2026-08-05T06:54:32.765Z] onEndTurn: naturalStop=false toolCalls=15 nudgeMsg=no
[2026-08-05T06:54:32.773Z] LiveUpdateForge: AfterToolExec flush
[2026-08-05T06:54:32.864Z] InitialReadForge.onBeforeSend: SKIP (fr=true syn=false hasRead=true)
[2026-08-05T06:54:41.287Z] LiveUpdateForge: EndTurn fallback flush
[2026-08-05T06:54:41.288Z] onEndTurn: naturalStop=false toolCalls=16 nudgeMsg=no
[2026-08-05T06:54:41.488Z] LiveUpdateForge: AfterToolExec flush
[2026-08-05T06:54:41.572Z] InitialReadForge.onBeforeSend: SKIP (fr=true syn=false hasRead=true)
[2026-08-05T06:54:46.978Z] LiveUpdateForge: EndTurn fallback flush
[2026-08-05T06:54:46.978Z] onEndTurn: naturalStop=false toolCalls=17 nudgeMsg=no
[2026-08-05T06:54:46.990Z] LiveUpdateForge: AfterToolExec flush
[2026-08-05T06:54:47.063Z] InitialReadForge.onBeforeSend: SKIP (fr=true syn=false hasRead=true)
[2026-08-05T06:54:53.502Z] LiveUpdateForge: EndTurn fallback flush
[2026-08-05T06:54:53.503Z] onEndTurn: naturalStop=false toolCalls=18 nudgeMsg=no
[2026-08-05T06:54:53.649Z] LiveUpdateForge: AfterToolExec flush
[2026-08-05T06:54:53.721Z] InitialReadForge.onBeforeSend: SKIP (fr=true syn=false hasRead=true)
[2026-08-05T06:55:02.205Z] LiveUpdateForge: EndTurn fallback flush
[2026-08-05T06:55:02.205Z] onEndTurn: naturalStop=false toolCalls=19 nudgeMsg=no
[2026-08-05T06:55:02.672Z] LiveUpdateForge: AfterToolExec flush
[2026-08-05T06:55:02.745Z] InitialReadForge.onBeforeSend: SKIP (fr=true syn=false hasRead=true)
[2026-08-05T06:55:07.946Z] LiveUpdateForge: EndTurn fallback flush
[2026-08-05T06:55:07.946Z] onEndTurn: naturalStop=false toolCalls=20 nudgeMsg=no
[2026-08-05T06:55:08.356Z] LiveUpdateForge: AfterToolExec flush
[2026-08-05T06:55:08.431Z] InitialReadForge.onBeforeSend: SKIP (fr=true syn=false hasRead=true)
[2026-08-05T06:55:14.586Z] LiveUpdateForge: EndTurn fallback flush
[2026-08-05T06:55:14.586Z] onEndTurn: naturalStop=false toolCalls=21 nudgeMsg=no
[2026-08-05T06:55:14.874Z] LiveUpdateForge: AfterToolExec flush
[2026-08-05T06:55:14.945Z] InitialReadForge.onBeforeSend: SKIP (fr=true syn=false hasRead=true)
[2026-08-05T06:55:21.152Z] LiveUpdateForge: EndTurn fallback flush
[2026-08-05T06:55:21.152Z] onEndTurn: naturalStop=false toolCalls=22 nudgeMsg=no
[2026-08-05T06:55:21.159Z] LiveUpdateForge: AfterToolExec flush
[2026-08-05T06:55:21.235Z] InitialReadForge.onBeforeSend: SKIP (fr=true syn=false hasRead=true)
[2026-08-05T06:55:36.719Z] LiveUpdateForge: EndTurn fallback flush
[2026-08-05T06:55:36.720Z] onEndTurn: naturalStop=false toolCalls=23 nudgeMsg=no
[2026-08-05T06:55:37.012Z] LiveUpdateForge: AfterToolExec flush
[2026-08-05T06:55:37.083Z] InitialReadForge.onBeforeSend: SKIP (fr=true syn=false hasRead=true)
[2026-08-05T06:55:52.593Z] LiveUpdateForge: EndTurn fallback flush
[2026-08-05T06:55:52.593Z] onEndTurn: naturalStop=false toolCalls=24 nudgeMsg=no
[2026-08-05T06:55:52.875Z] LiveUpdateForge: AfterToolExec flush
[2026-08-05T06:55:52.955Z] InitialReadForge.onBeforeSend: SKIP (fr=true syn=false hasRead=true)
[2026-08-05T06:56:07.822Z] LiveUpdateForge: EndTurn fallback flush
[2026-08-05T06:56:07.823Z] onEndTurn: naturalStop=false toolCalls=25 nudgeMsg=no
[2026-08-05T06:56:07.839Z] LiveUpdateForge: AfterToolExec flush
[2026-08-05T06:56:07.920Z] InitialReadForge.onBeforeSend: SKIP (fr=true syn=false hasRead=true)
[2026-08-05T06:56:20.557Z] LiveUpdateForge: EndTurn fallback flush
[2026-08-05T06:56:20.558Z] onEndTurn: naturalStop=false toolCalls=26 nudgeMsg=no
[2026-08-05T06:56:20.859Z] LiveUpdateForge: AfterToolExec flush
[2026-08-05T06:56:20.935Z] InitialReadForge.onBeforeSend: SKIP (fr=true syn=false hasRead=true)
[2026-08-05T06:56:30.579Z] LiveUpdateForge: EndTurn fallback flush
[2026-08-05T06:56:30.580Z] onEndTurn: naturalStop=false toolCalls=27 nudgeMsg=no
[2026-08-05T06:56:30.594Z] LiveUpdateForge: AfterToolExec flush
[2026-08-05T06:56:30.668Z] InitialReadForge.onBeforeSend: SKIP (fr=true syn=false hasRead=true)
[2026-08-05T06:56:41.791Z] LiveUpdateForge: EndTurn fallback flush
[2026-08-05T06:56:41.791Z] onEndTurn: naturalStop=false toolCalls=28 nudgeMsg=no
[2026-08-05T06:56:41.803Z] LiveUpdateForge: AfterToolExec flush
[2026-08-05T06:56:41.873Z] InitialReadForge.onBeforeSend: SKIP (fr=true syn=false hasRead=true)
[2026-08-05T06:56:49.534Z] LiveUpdateForge: EndTurn fallback flush
[2026-08-05T06:56:49.534Z] onEndTurn: naturalStop=false toolCalls=29 nudgeMsg=no
[2026-08-05T06:56:49.619Z] LiveUpdateForge: AfterToolExec flush
[2026-08-05T06:56:49.687Z] InitialReadForge.onBeforeSend: SKIP (fr=true syn=false hasRead=true)
[2026-08-05T06:56:58.844Z] LiveUpdateForge: EndTurn fallback flush
[2026-08-05T06:56:58.844Z] onEndTurn: naturalStop=false toolCalls=30 nudgeMsg=no
[2026-08-05T06:56:58.861Z] LiveUpdateForge: AfterToolExec flush
[2026-08-05T06:56:58.962Z] InitialReadForge.onBeforeSend: SKIP (fr=true syn=false hasRead=true)
[2026-08-05T06:57:17.556Z] LiveUpdateForge: EndTurn fallback flush
[2026-08-05T06:57:17.556Z] onEndTurn: naturalStop=false toolCalls=31 nudgeMsg=no
[2026-08-05T06:57:17.648Z] LiveUpdateForge: AfterToolExec flush
[2026-08-05T06:57:17.732Z] InitialReadForge.onBeforeSend: SKIP (fr=true syn=false hasRead=true)
[2026-08-05T06:57:46.749Z] LiveUpdateForge: EndTurn fallback flush
[2026-08-05T06:57:46.750Z] onEndTurn: naturalStop=false toolCalls=32 nudgeMsg=no
[2026-08-05T06:57:53.318Z] LiveUpdateForge: AfterToolExec flush
[2026-08-05T06:57:53.410Z] InitialReadForge.onBeforeSend: SKIP (fr=true syn=false hasRead=true)
[2026-08-05T06:58:09.422Z] LiveUpdateForge: EndTurn fallback flush
[2026-08-05T06:58:09.423Z] onEndTurn: naturalStop=true toolCalls=33 nudgeMsg=no
[2026-08-05T06:59:26.576Z] ResumeDiffForge: running checkResumeConsistency
[2026-08-05T06:59:26.577Z] checkResumeConsistency: forgedTimestamps=[]
[2026-08-05T06:59:26.593Z] checkResumeConsistency: no changes detected
[2026-08-05T06:59:26.593Z] LiveUpdateForge: session reset, allowLiveUpdate = false
[2026-08-05T06:59:26.594Z] NudgeForge: ResumeComplete — restoring count from history
[2026-08-05T06:59:26.594Z] restoreNudgeCountFromHistory: found last write at idx=1869 count=33
[2026-08-05T06:59:26.893Z] LiveUpdateForge: allowLiveUpdate = true (first real BeforeSend)
[2026-08-05T06:59:26.895Z] InitialReadForge.onBeforeSend: SKIP (fr=false syn=false hasRead=true)
[2026-08-05T07:00:09.650Z] LiveUpdateForge: EndTurn fallback flush
[2026-08-05T07:00:09.651Z] onEndTurn: naturalStop=false toolCalls=33 nudgeMsg=no
[2026-08-05T07:00:23.940Z] LiveUpdateForge: AfterToolExec flush
[2026-08-05T07:00:24.029Z] InitialReadForge.onBeforeSend: SKIP (fr=true syn=false hasRead=true)
[2026-08-05T07:02:32.532Z] LiveUpdateForge: EndTurn fallback flush
[2026-08-05T07:02:32.533Z] onEndTurn: naturalStop=false toolCalls=34 nudgeMsg=no
[2026-08-05T07:02:32.869Z] LiveUpdateForge: AfterToolExec flush
[2026-08-05T07:02:32.959Z] InitialReadForge.onBeforeSend: SKIP (fr=true syn=false hasRead=true)
[2026-08-05T07:02:41.587Z] LiveUpdateForge: EndTurn fallback flush
[2026-08-05T07:02:41.588Z] onEndTurn: naturalStop=false toolCalls=35 nudgeMsg=no
[2026-08-05T07:02:41.605Z] LiveUpdateForge: AfterToolExec flush
[2026-08-05T07:02:41.693Z] InitialReadForge.onBeforeSend: SKIP (fr=true syn=false hasRead=true)
[2026-08-05T07:02:56.188Z] LiveUpdateForge: EndTurn fallback flush
[2026-08-05T07:02:56.188Z] onEndTurn: naturalStop=false toolCalls=36 nudgeMsg=no
[2026-08-05T07:02:56.601Z] LiveUpdateForge: AfterToolExec flush
[2026-08-05T07:02:56.680Z] InitialReadForge.onBeforeSend: SKIP (fr=true syn=false hasRead=true)
[2026-08-05T07:03:14.825Z] LiveUpdateForge: EndTurn fallback flush
[2026-08-05T07:03:14.826Z] onEndTurn: naturalStop=false toolCalls=37 nudgeMsg=no
[2026-08-05T07:03:14.843Z] LiveUpdateForge: AfterToolExec flush
[2026-08-05T07:03:14.932Z] InitialReadForge.onBeforeSend: SKIP (fr=true syn=false hasRead=true)
[2026-08-05T07:03:34.471Z] LiveUpdateForge: EndTurn fallback flush
[2026-08-05T07:03:34.471Z] onEndTurn: naturalStop=false toolCalls=38 nudgeMsg=no
[2026-08-05T07:03:34.684Z] LiveUpdateForge: AfterToolExec flush
[2026-08-05T07:03:34.769Z] InitialReadForge.onBeforeSend: SKIP (fr=true syn=false hasRead=true)
[2026-08-05T07:03:47.845Z] LiveUpdateForge: EndTurn fallback flush
[2026-08-05T07:03:47.845Z] onEndTurn: naturalStop=false toolCalls=39 nudgeMsg=no
[2026-08-05T07:03:47.858Z] LiveUpdateForge: AfterToolExec flush
[2026-08-05T07:03:47.958Z] InitialReadForge.onBeforeSend: SKIP (fr=true syn=false hasRead=true)
[2026-08-05T07:04:09.922Z] LiveUpdateForge: EndTurn fallback flush
[2026-08-05T07:04:09.922Z] onEndTurn: naturalStop=false toolCalls=40 nudgeMsg=no
[2026-08-05T07:04:10.208Z] LiveUpdateForge: AfterToolExec flush
[2026-08-05T07:04:10.293Z] InitialReadForge.onBeforeSend: SKIP (fr=true syn=false hasRead=true)
[2026-08-05T07:04:17.434Z] LiveUpdateForge: EndTurn fallback flush
[2026-08-05T07:04:17.434Z] onEndTurn: naturalStop=false toolCalls=41 nudgeMsg=no
[2026-08-05T07:04:17.621Z] LiveUpdateForge: AfterToolExec flush
[2026-08-05T07:04:17.716Z] InitialReadForge.onBeforeSend: SKIP (fr=true syn=false hasRead=true)
[2026-08-05T07:04:27.897Z] LiveUpdateForge: EndTurn fallback flush
[2026-08-05T07:04:27.898Z] onEndTurn: naturalStop=false toolCalls=42 nudgeMsg=no
[2026-08-05T07:04:28.578Z] LiveUpdateForge: AfterToolExec flush
[2026-08-05T07:04:28.671Z] InitialReadForge.onBeforeSend: SKIP (fr=true syn=false hasRead=true)
[2026-08-05T07:04:36.709Z] LiveUpdateForge: EndTurn fallback flush
[2026-08-05T07:04:36.709Z] onEndTurn: naturalStop=false toolCalls=43 nudgeMsg=no
[2026-08-05T07:04:37.803Z] LiveUpdateForge: AfterToolExec flush
[2026-08-05T07:04:37.891Z] InitialReadForge.onBeforeSend: SKIP (fr=true syn=false hasRead=true)
[2026-08-05T07:05:19.486Z] LiveUpdateForge: EndTurn fallback flush
[2026-08-05T07:05:19.486Z] onEndTurn: naturalStop=false toolCalls=44 nudgeMsg=no
[2026-08-05T07:05:19.559Z] LiveUpdateForge: AfterToolExec flush
[2026-08-05T07:05:19.628Z] InitialReadForge.onBeforeSend: SKIP (fr=true syn=false hasRead=true)
[2026-08-05T07:06:30.669Z] LiveUpdateForge: EndTurn fallback flush
[2026-08-05T07:06:30.670Z] onEndTurn: naturalStop=false toolCalls=45 nudgeMsg=no
[2026-08-05T07:06:31.328Z] LiveUpdateForge: AfterToolExec flush
[2026-08-05T07:06:31.408Z] InitialReadForge.onBeforeSend: SKIP (fr=true syn=false hasRead=true)
[2026-08-05T07:06:41.773Z] LiveUpdateForge: EndTurn fallback flush
[2026-08-05T07:06:41.773Z] onEndTurn: naturalStop=false toolCalls=46 nudgeMsg=no
[2026-08-05T07:06:51.197Z] LiveUpdateForge: AfterToolExec flush
[2026-08-05T07:06:51.282Z] InitialReadForge.onBeforeSend: SKIP (fr=true syn=false hasRead=true)
[2026-08-05T07:07:01.805Z] LiveUpdateForge: EndTurn fallback flush
[2026-08-05T07:07:01.805Z] onEndTurn: naturalStop=true toolCalls=47 nudgeMsg=no
[2026-08-05T07:07:06.797Z] ResumeDiffForge: running checkResumeConsistency
[2026-08-05T07:07:06.798Z] checkResumeConsistency: forgedTimestamps=[]
[2026-08-05T07:07:06.816Z] checkResumeConsistency: no changes detected
[2026-08-05T07:07:06.816Z] LiveUpdateForge: session reset, allowLiveUpdate = false
[2026-08-05T07:07:06.817Z] NudgeForge: ResumeComplete — restoring count from history
[2026-08-05T07:07:06.818Z] restoreNudgeCountFromHistory: found last write at idx=1869 count=47
[2026-08-05T07:07:07.072Z] LiveUpdateForge: allowLiveUpdate = true (first real BeforeSend)
[2026-08-05T07:07:07.074Z] InitialReadForge.onBeforeSend: SKIP (fr=false syn=false hasRead=true)
[2026-08-05T07:07:13.308Z] LiveUpdateForge: EndTurn fallback flush
[2026-08-05T07:07:13.309Z] onEndTurn: naturalStop=false toolCalls=47 nudgeMsg=no
[2026-08-05T07:07:13.357Z] LiveUpdateForge: AfterToolExec flush
[2026-08-05T07:07:13.433Z] InitialReadForge.onBeforeSend: SKIP (fr=true syn=false hasRead=true)
[2026-08-05T07:07:18.426Z] LiveUpdateForge: EndTurn fallback flush
[2026-08-05T07:07:18.427Z] onEndTurn: naturalStop=false toolCalls=48 nudgeMsg=no
[2026-08-05T07:07:18.439Z] LiveUpdateForge: AfterToolExec flush
[2026-08-05T07:07:18.512Z] InitialReadForge.onBeforeSend: SKIP (fr=true syn=false hasRead=true)
[2026-08-05T07:07:30.365Z] LiveUpdateForge: EndTurn fallback flush
[2026-08-05T07:07:30.365Z] onEndTurn: naturalStop=false toolCalls=49 nudgeMsg=no
[2026-08-05T07:07:30.379Z] LiveUpdateForge: AfterToolExec flush
[2026-08-05T07:07:30.468Z] InitialReadForge.onBeforeSend: SKIP (fr=true syn=false hasRead=true)
[2026-08-05T07:07:36.856Z] LiveUpdateForge: EndTurn fallback flush
[2026-08-05T07:07:36.857Z] onEndTurn: naturalStop=false toolCalls=50 nudgeMsg=no
[2026-08-05T07:07:36.863Z] LiveUpdateForge: AfterToolExec flush
[2026-08-05T07:07:36.956Z] InitialReadForge.onBeforeSend: SKIP (fr=true syn=false hasRead=true)
[2026-08-05T07:07:51.302Z] LiveUpdateForge: EndTurn fallback flush
[2026-08-05T07:07:51.303Z] onEndTurn: naturalStop=false toolCalls=51 nudgeMsg=no
[2026-08-05T07:07:51.512Z] LiveUpdateForge: AfterToolExec flush
[2026-08-05T07:07:51.602Z] InitialReadForge.onBeforeSend: SKIP (fr=true syn=false hasRead=true)
[2026-08-05T07:07:59.496Z] LiveUpdateForge: EndTurn fallback flush
[2026-08-05T07:07:59.497Z] onEndTurn: naturalStop=false toolCalls=52 nudgeMsg=no
[2026-08-05T07:07:59.692Z] LiveUpdateForge: AfterToolExec flush
[2026-08-05T07:07:59.789Z] InitialReadForge.onBeforeSend: SKIP (fr=true syn=false hasRead=true)
[2026-08-05T07:08:05.104Z] LiveUpdateForge: EndTurn fallback flush
[2026-08-05T07:08:05.105Z] onEndTurn: naturalStop=false toolCalls=53 nudgeMsg=no
[2026-08-05T07:08:05.369Z] LiveUpdateForge: AfterToolExec flush
[2026-08-05T07:08:05.482Z] InitialReadForge.onBeforeSend: SKIP (fr=true syn=false hasRead=true)
[2026-08-05T07:08:18.095Z] LiveUpdateForge: EndTurn fallback flush
[2026-08-05T07:08:18.096Z] onEndTurn: naturalStop=false toolCalls=54 nudgeMsg=no
[2026-08-05T07:08:18.760Z] LiveUpdateForge: AfterToolExec flush
[2026-08-05T07:08:18.843Z] InitialReadForge.onBeforeSend: SKIP (fr=true syn=false hasRead=true)
[2026-08-05T07:08:26.974Z] LiveUpdateForge: EndTurn fallback flush
[2026-08-05T07:08:26.975Z] onEndTurn: naturalStop=false toolCalls=55 nudgeMsg=no
[2026-08-05T07:08:29.015Z] LiveUpdateForge: AfterToolExec flush
[2026-08-05T07:08:29.100Z] InitialReadForge.onBeforeSend: SKIP (fr=true syn=false hasRead=true)
[2026-08-05T07:08:38.509Z] LiveUpdateForge: EndTurn fallback flush
[2026-08-05T07:08:38.509Z] onEndTurn: naturalStop=false toolCalls=56 nudgeMsg=no
[2026-08-05T07:08:38.568Z] LiveUpdateForge: AfterToolExec flush
[2026-08-05T07:08:38.644Z] InitialReadForge.onBeforeSend: SKIP (fr=true syn=false hasRead=true)
[2026-08-05T07:08:48.439Z] LiveUpdateForge: EndTurn fallback flush
[2026-08-05T07:08:48.439Z] onEndTurn: naturalStop=false toolCalls=57 nudgeMsg=no
[2026-08-05T07:08:49.078Z] LiveUpdateForge: AfterToolExec flush
[2026-08-05T07:08:49.151Z] InitialReadForge.onBeforeSend: SKIP (fr=true syn=false hasRead=true)
[2026-08-05T07:08:59.178Z] LiveUpdateForge: EndTurn fallback flush
[2026-08-05T07:08:59.179Z] onEndTurn: naturalStop=false toolCalls=58 nudgeMsg=no
[2026-08-05T07:09:00.663Z] LiveUpdateForge: AfterToolExec flush
[2026-08-05T07:09:00.777Z] InitialReadForge.onBeforeSend: SKIP (fr=true syn=false hasRead=true)
[2026-08-05T07:09:10.523Z] LiveUpdateForge: EndTurn fallback flush
[2026-08-05T07:09:10.523Z] onEndTurn: naturalStop=false toolCalls=59 nudgeMsg=no
[2026-08-05T07:09:10.548Z] LiveUpdateForge: AfterToolExec flush
[2026-08-05T07:09:10.640Z] InitialReadForge.onBeforeSend: SKIP (fr=true syn=false hasRead=true)
[2026-08-05T07:09:19.848Z] LiveUpdateForge: EndTurn fallback flush
[2026-08-05T07:09:19.848Z] onEndTurn: naturalStop=false toolCalls=60 nudgeMsg=no
[2026-08-05T07:09:19.929Z] LiveUpdateForge: AfterToolExec flush
[2026-08-05T07:09:19.999Z] InitialReadForge.onBeforeSend: SKIP (fr=true syn=false hasRead=true)
[2026-08-05T07:09:24.552Z] LiveUpdateForge: EndTurn fallback flush
[2026-08-05T07:09:24.552Z] onEndTurn: naturalStop=false toolCalls=61 nudgeMsg=no
[2026-08-05T07:09:33.940Z] LiveUpdateForge: AfterToolExec flush
[2026-08-05T07:09:34.024Z] InitialReadForge.onBeforeSend: SKIP (fr=true syn=false hasRead=true)
[2026-08-05T07:10:04.071Z] LiveUpdateForge: EndTurn fallback flush
[2026-08-05T07:10:04.072Z] onEndTurn: naturalStop=true toolCalls=0 nudgeMsg=YES
[2026-08-05T07:10:04.080Z] InitialReadForge.onBeforeSend: SKIP (fr=false syn=false hasRead=true)
[2026-08-05T07:10:12.247Z] LiveUpdateForge: EndTurn fallback flush
[2026-08-05T07:10:12.247Z] onEndTurn: naturalStop=false toolCalls=0 nudgeMsg=no
[2026-08-05T07:10:12.279Z] LiveUpdateForge: self-write on D:\unity\demo\CODELY.md, baseline aligned
[2026-08-05T07:10:12.280Z] LiveUpdateForge: AfterToolExec flush
[2026-08-05T07:10:12.355Z] InitialReadForge.onBeforeSend: SKIP (fr=true syn=false hasRead=true)
[2026-08-05T07:10:12.905Z] LiveUpdateForge: pending external change on D:\unity\demo\CODELY.md
[2026-08-05T07:10:18.085Z] LiveUpdateForge: EndTurn fallback flush
[2026-08-05T07:10:18.086Z] onEndTurn: naturalStop=true toolCalls=0 nudgeMsg=no
[2026-08-05T07:14:20.404Z] ResumeDiffForge: running checkResumeConsistency
[2026-08-05T07:14:20.406Z] checkResumeConsistency: forgedTimestamps=[]
[2026-08-05T07:14:20.430Z] checkResumeConsistency: no changes detected
[2026-08-05T07:14:20.430Z] LiveUpdateForge: session reset, allowLiveUpdate = false
[2026-08-05T07:14:20.431Z] NudgeForge: ResumeComplete — restoring count from history
[2026-08-05T07:14:20.432Z] restoreNudgeCountFromHistory: found last write at idx=2005 count=0
[2026-08-05T07:14:20.816Z] LiveUpdateForge: allowLiveUpdate = true (first real BeforeSend)
[2026-08-05T07:14:20.818Z] InitialReadForge.onBeforeSend: SKIP (fr=false syn=false hasRead=true)
[2026-08-05T07:14:50.780Z] LiveUpdateForge: EndTurn fallback flush
[2026-08-05T07:14:50.780Z] onEndTurn: naturalStop=false toolCalls=0 nudgeMsg=no
[2026-08-05T07:14:50.817Z] LiveUpdateForge: AfterToolExec flush
[2026-08-05T07:14:50.899Z] InitialReadForge.onBeforeSend: SKIP (fr=true syn=false hasRead=true)
[2026-08-05T07:15:05.606Z] LiveUpdateForge: EndTurn fallback flush
[2026-08-05T07:15:05.606Z] onEndTurn: naturalStop=false toolCalls=1 nudgeMsg=no
[2026-08-05T07:15:05.615Z] LiveUpdateForge: AfterToolExec flush
[2026-08-05T07:15:05.705Z] InitialReadForge.onBeforeSend: SKIP (fr=true syn=false hasRead=true)
[2026-08-05T07:15:43.016Z] LiveUpdateForge: EndTurn fallback flush
[2026-08-05T07:15:43.017Z] onEndTurn: naturalStop=false toolCalls=2 nudgeMsg=no
[2026-08-05T07:15:43.206Z] LiveUpdateForge: AfterToolExec flush
[2026-08-05T07:15:43.309Z] InitialReadForge.onBeforeSend: SKIP (fr=true syn=false hasRead=true)
[2026-08-05T07:15:52.435Z] LiveUpdateForge: EndTurn fallback flush
[2026-08-05T07:15:52.436Z] onEndTurn: naturalStop=false toolCalls=3 nudgeMsg=no
[2026-08-05T07:15:52.630Z] LiveUpdateForge: AfterToolExec flush
[2026-08-05T07:15:52.757Z] InitialReadForge.onBeforeSend: SKIP (fr=true syn=false hasRead=true)
[2026-08-05T07:16:00.935Z] LiveUpdateForge: EndTurn fallback flush
[2026-08-05T07:16:00.936Z] onEndTurn: naturalStop=false toolCalls=4 nudgeMsg=no
[2026-08-05T07:16:00.956Z] LiveUpdateForge: AfterToolExec flush
[2026-08-05T07:16:01.076Z] InitialReadForge.onBeforeSend: SKIP (fr=true syn=false hasRead=true)
[2026-08-05T07:16:06.802Z] LiveUpdateForge: EndTurn fallback flush
[2026-08-05T07:16:06.802Z] onEndTurn: naturalStop=false toolCalls=5 nudgeMsg=no
[2026-08-05T07:16:06.814Z] LiveUpdateForge: AfterToolExec flush
[2026-08-05T07:16:06.942Z] InitialReadForge.onBeforeSend: SKIP (fr=true syn=false hasRead=true)
[2026-08-05T07:16:43.074Z] LiveUpdateForge: EndTurn fallback flush
[2026-08-05T07:16:43.074Z] onEndTurn: naturalStop=false toolCalls=6 nudgeMsg=no
[2026-08-05T07:16:43.276Z] LiveUpdateForge: AfterToolExec flush
[2026-08-05T07:16:43.393Z] InitialReadForge.onBeforeSend: SKIP (fr=true syn=false hasRead=true)
[2026-08-05T07:16:52.939Z] LiveUpdateForge: EndTurn fallback flush
[2026-08-05T07:16:52.940Z] onEndTurn: naturalStop=false toolCalls=7 nudgeMsg=no
[2026-08-05T07:16:52.949Z] LiveUpdateForge: AfterToolExec flush
[2026-08-05T07:16:53.060Z] InitialReadForge.onBeforeSend: SKIP (fr=true syn=false hasRead=true)
[2026-08-05T07:17:05.519Z] LiveUpdateForge: EndTurn fallback flush
[2026-08-05T07:17:05.519Z] onEndTurn: naturalStop=false toolCalls=8 nudgeMsg=no
[2026-08-05T07:17:05.537Z] LiveUpdateForge: AfterToolExec flush
[2026-08-05T07:17:05.639Z] InitialReadForge.onBeforeSend: SKIP (fr=true syn=false hasRead=true)
[2026-08-05T07:17:49.167Z] LiveUpdateForge: EndTurn fallback flush
[2026-08-05T07:17:49.168Z] onEndTurn: naturalStop=false toolCalls=9 nudgeMsg=no
[2026-08-05T07:17:49.264Z] LiveUpdateForge: AfterToolExec flush
[2026-08-05T07:17:49.354Z] InitialReadForge.onBeforeSend: SKIP (fr=true syn=false hasRead=true)
[2026-08-05T07:18:40.577Z] LiveUpdateForge: EndTurn fallback flush
[2026-08-05T07:18:40.578Z] onEndTurn: naturalStop=false toolCalls=10 nudgeMsg=no
[2026-08-05T07:18:40.846Z] LiveUpdateForge: AfterToolExec flush
[2026-08-05T07:18:40.955Z] InitialReadForge.onBeforeSend: SKIP (fr=true syn=false hasRead=true)
[2026-08-05T07:18:57.776Z] LiveUpdateForge: EndTurn fallback flush
[2026-08-05T07:18:57.776Z] onEndTurn: naturalStop=false toolCalls=11 nudgeMsg=no
[2026-08-05T07:18:57.789Z] LiveUpdateForge: AfterToolExec flush
[2026-08-05T07:18:57.881Z] InitialReadForge.onBeforeSend: SKIP (fr=true syn=false hasRead=true)
[2026-08-05T07:19:06.409Z] LiveUpdateForge: EndTurn fallback flush
[2026-08-05T07:19:06.410Z] onEndTurn: naturalStop=false toolCalls=12 nudgeMsg=no
[2026-08-05T07:19:06.719Z] LiveUpdateForge: AfterToolExec flush
[2026-08-05T07:19:06.821Z] InitialReadForge.onBeforeSend: SKIP (fr=true syn=false hasRead=true)
[2026-08-05T07:19:17.840Z] LiveUpdateForge: EndTurn fallback flush
[2026-08-05T07:19:17.841Z] onEndTurn: naturalStop=false toolCalls=13 nudgeMsg=no
[2026-08-05T07:19:18.066Z] LiveUpdateForge: AfterToolExec flush
[2026-08-05T07:19:18.164Z] InitialReadForge.onBeforeSend: SKIP (fr=true syn=false hasRead=true)
[2026-08-05T07:19:31.220Z] LiveUpdateForge: EndTurn fallback flush
[2026-08-05T07:19:31.220Z] onEndTurn: naturalStop=false toolCalls=14 nudgeMsg=no
[2026-08-05T07:19:32.202Z] LiveUpdateForge: AfterToolExec flush
[2026-08-05T07:19:32.292Z] InitialReadForge.onBeforeSend: SKIP (fr=true syn=false hasRead=true)
[2026-08-05T07:19:42.323Z] LiveUpdateForge: EndTurn fallback flush
[2026-08-05T07:19:42.324Z] onEndTurn: naturalStop=false toolCalls=15 nudgeMsg=no
[2026-08-05T07:19:49.848Z] LiveUpdateForge: AfterToolExec flush
[2026-08-05T07:19:49.947Z] InitialReadForge.onBeforeSend: SKIP (fr=true syn=false hasRead=true)
[2026-08-05T07:20:08.935Z] LiveUpdateForge: EndTurn fallback flush
[2026-08-05T07:20:08.935Z] onEndTurn: naturalStop=true toolCalls=16 nudgeMsg=no
[2026-08-05T07:20:14.035Z] ResumeDiffForge: running checkResumeConsistency
[2026-08-05T07:20:14.036Z] checkResumeConsistency: forgedTimestamps=[]
[2026-08-05T07:20:14.055Z] checkResumeConsistency: no changes detected
[2026-08-05T07:20:14.055Z] LiveUpdateForge: session reset, allowLiveUpdate = false
[2026-08-05T07:20:14.055Z] NudgeForge: ResumeComplete — restoring count from history
[2026-08-05T07:20:14.056Z] restoreNudgeCountFromHistory: found last write at idx=2005 count=16
[2026-08-05T07:20:14.330Z] LiveUpdateForge: allowLiveUpdate = true (first real BeforeSend)
[2026-08-05T07:20:14.333Z] InitialReadForge.onBeforeSend: SKIP (fr=false syn=false hasRead=true)
[2026-08-05T07:20:27.687Z] LiveUpdateForge: EndTurn fallback flush
[2026-08-05T07:20:27.687Z] onEndTurn: naturalStop=false toolCalls=16 nudgeMsg=no
[2026-08-05T07:20:27.989Z] LiveUpdateForge: AfterToolExec flush
[2026-08-05T07:20:28.059Z] InitialReadForge.onBeforeSend: SKIP (fr=true syn=false hasRead=true)
[2026-08-05T07:20:43.679Z] LiveUpdateForge: EndTurn fallback flush
[2026-08-05T07:20:43.680Z] onEndTurn: naturalStop=true toolCalls=17 nudgeMsg=no
[2026-08-05T07:24:24.817Z] ResumeDiffForge: running checkResumeConsistency
[2026-08-05T07:24:24.819Z] checkResumeConsistency: forgedTimestamps=[]
[2026-08-05T07:24:24.835Z] checkResumeConsistency: no changes detected
[2026-08-05T07:24:24.836Z] LiveUpdateForge: session reset, allowLiveUpdate = false
[2026-08-05T07:24:24.836Z] NudgeForge: ResumeComplete — restoring count from history
[2026-08-05T07:24:24.837Z] restoreNudgeCountFromHistory: found last write at idx=2005 count=17
[2026-08-05T07:24:25.122Z] LiveUpdateForge: allowLiveUpdate = true (first real BeforeSend)
[2026-08-05T07:24:25.123Z] InitialReadForge.onBeforeSend: SKIP (fr=false syn=false hasRead=true)
[2026-08-05T07:24:35.878Z] LiveUpdateForge: EndTurn fallback flush
[2026-08-05T07:24:35.878Z] onEndTurn: naturalStop=false toolCalls=17 nudgeMsg=no
[2026-08-05T07:24:35.905Z] LiveUpdateForge: AfterToolExec flush
[2026-08-05T07:24:35.971Z] InitialReadForge.onBeforeSend: SKIP (fr=true syn=false hasRead=true)
[2026-08-05T07:24:40.453Z] LiveUpdateForge: EndTurn fallback flush
[2026-08-05T07:24:40.453Z] onEndTurn: naturalStop=false toolCalls=18 nudgeMsg=no
[2026-08-05T07:24:40.468Z] LiveUpdateForge: AfterToolExec flush
[2026-08-05T07:24:40.552Z] InitialReadForge.onBeforeSend: SKIP (fr=true syn=false hasRead=true)
[2026-08-05T07:24:54.110Z] LiveUpdateForge: EndTurn fallback flush
[2026-08-05T07:24:54.111Z] onEndTurn: naturalStop=false toolCalls=19 nudgeMsg=no
[2026-08-05T07:24:54.295Z] LiveUpdateForge: AfterToolExec flush
[2026-08-05T07:24:54.383Z] InitialReadForge.onBeforeSend: SKIP (fr=true syn=false hasRead=true)
[2026-08-05T07:25:00.365Z] LiveUpdateForge: EndTurn fallback flush
[2026-08-05T07:25:00.366Z] onEndTurn: naturalStop=false toolCalls=20 nudgeMsg=no
[2026-08-05T07:25:00.379Z] LiveUpdateForge: AfterToolExec flush
[2026-08-05T07:25:00.451Z] InitialReadForge.onBeforeSend: SKIP (fr=true syn=false hasRead=true)
[2026-08-05T07:25:07.485Z] LiveUpdateForge: EndTurn fallback flush
[2026-08-05T07:25:07.486Z] onEndTurn: naturalStop=false toolCalls=21 nudgeMsg=no
[2026-08-05T07:25:07.572Z] LiveUpdateForge: AfterToolExec flush
[2026-08-05T07:25:07.640Z] InitialReadForge.onBeforeSend: SKIP (fr=true syn=false hasRead=true)
[2026-08-05T07:26:59.523Z] ResumeDiffForge: running checkResumeConsistency
[2026-08-05T07:26:59.524Z] checkResumeConsistency: forgedTimestamps=[]
[2026-08-05T07:26:59.623Z] checkResumeConsistency: no changes detected
[2026-08-05T07:26:59.623Z] LiveUpdateForge: session reset, allowLiveUpdate = false
[2026-08-05T07:26:59.624Z] NudgeForge: ResumeComplete — restoring count from history
[2026-08-05T07:26:59.624Z] restoreNudgeCountFromHistory: found last write at idx=2005 count=17
[2026-08-05T07:26:59.894Z] LiveUpdateForge: allowLiveUpdate = true (first real BeforeSend)
[2026-08-05T07:26:59.895Z] InitialReadForge.onBeforeSend: SKIP (fr=false syn=false hasRead=true)
[2026-08-05T07:27:14.721Z] LiveUpdateForge: EndTurn fallback flush
[2026-08-05T07:27:14.721Z] onEndTurn: naturalStop=false toolCalls=17 nudgeMsg=no
[2026-08-05T07:27:14.754Z] LiveUpdateForge: AfterToolExec flush
[2026-08-05T07:27:14.841Z] InitialReadForge.onBeforeSend: SKIP (fr=true syn=false hasRead=true)
[2026-08-05T07:27:29.406Z] LiveUpdateForge: EndTurn fallback flush
[2026-08-05T07:27:29.407Z] onEndTurn: naturalStop=false toolCalls=18 nudgeMsg=no
[2026-08-05T07:27:29.607Z] LiveUpdateForge: AfterToolExec flush
[2026-08-05T07:27:29.678Z] InitialReadForge.onBeforeSend: SKIP (fr=true syn=false hasRead=true)
[2026-08-05T07:27:38.827Z] LiveUpdateForge: EndTurn fallback flush
[2026-08-05T07:27:38.828Z] onEndTurn: naturalStop=false toolCalls=19 nudgeMsg=no
[2026-08-05T07:27:38.841Z] LiveUpdateForge: AfterToolExec flush
[2026-08-05T07:27:38.916Z] InitialReadForge.onBeforeSend: SKIP (fr=true syn=false hasRead=true)
[2026-08-05T07:27:49.774Z] LiveUpdateForge: EndTurn fallback flush
[2026-08-05T07:27:49.775Z] onEndTurn: naturalStop=false toolCalls=20 nudgeMsg=no
[2026-08-05T07:27:49.919Z] LiveUpdateForge: AfterToolExec flush
[2026-08-05T07:27:49.990Z] InitialReadForge.onBeforeSend: SKIP (fr=true syn=false hasRead=true)
[2026-08-05T07:27:55.976Z] LiveUpdateForge: EndTurn fallback flush
[2026-08-05T07:27:55.976Z] onEndTurn: naturalStop=false toolCalls=21 nudgeMsg=no
[2026-08-05T07:27:55.990Z] LiveUpdateForge: AfterToolExec flush
[2026-08-05T07:27:56.070Z] InitialReadForge.onBeforeSend: SKIP (fr=true syn=false hasRead=true)
[2026-08-05T07:28:01.122Z] LiveUpdateForge: EndTurn fallback flush
[2026-08-05T07:28:01.123Z] onEndTurn: naturalStop=false toolCalls=22 nudgeMsg=no
[2026-08-05T07:28:01.130Z] LiveUpdateForge: AfterToolExec flush
[2026-08-05T07:28:01.217Z] InitialReadForge.onBeforeSend: SKIP (fr=true syn=false hasRead=true)
[2026-08-05T07:28:07.158Z] LiveUpdateForge: EndTurn fallback flush
[2026-08-05T07:28:07.158Z] onEndTurn: naturalStop=false toolCalls=23 nudgeMsg=no
[2026-08-05T07:28:07.169Z] LiveUpdateForge: AfterToolExec flush
[2026-08-05T07:28:07.238Z] InitialReadForge.onBeforeSend: SKIP (fr=true syn=false hasRead=true)
[2026-08-05T07:28:16.510Z] LiveUpdateForge: EndTurn fallback flush
[2026-08-05T07:28:16.511Z] onEndTurn: naturalStop=false toolCalls=24 nudgeMsg=no
[2026-08-05T07:28:16.797Z] LiveUpdateForge: AfterToolExec flush
[2026-08-05T07:28:16.863Z] InitialReadForge.onBeforeSend: SKIP (fr=true syn=false hasRead=true)
[2026-08-05T07:28:29.263Z] LiveUpdateForge: EndTurn fallback flush
[2026-08-05T07:28:29.263Z] onEndTurn: naturalStop=false toolCalls=25 nudgeMsg=no
[2026-08-05T07:28:29.587Z] LiveUpdateForge: AfterToolExec flush
[2026-08-05T07:28:29.662Z] InitialReadForge.onBeforeSend: SKIP (fr=true syn=false hasRead=true)
[2026-08-05T07:28:35.851Z] LiveUpdateForge: EndTurn fallback flush
[2026-08-05T07:28:35.852Z] onEndTurn: naturalStop=false toolCalls=26 nudgeMsg=no
[2026-08-05T07:28:36.234Z] LiveUpdateForge: AfterToolExec flush
[2026-08-05T07:28:36.309Z] InitialReadForge.onBeforeSend: SKIP (fr=true syn=false hasRead=true)
[2026-08-05T07:28:41.375Z] LiveUpdateForge: EndTurn fallback flush
[2026-08-05T07:28:41.375Z] onEndTurn: naturalStop=false toolCalls=27 nudgeMsg=no
[2026-08-05T07:28:41.388Z] LiveUpdateForge: AfterToolExec flush
[2026-08-05T07:28:41.464Z] InitialReadForge.onBeforeSend: SKIP (fr=true syn=false hasRead=true)
[2026-08-05T07:28:48.258Z] LiveUpdateForge: EndTurn fallback flush
[2026-08-05T07:28:48.258Z] onEndTurn: naturalStop=false toolCalls=28 nudgeMsg=no
[2026-08-05T07:28:48.270Z] LiveUpdateForge: AfterToolExec flush
[2026-08-05T07:28:48.344Z] InitialReadForge.onBeforeSend: SKIP (fr=true syn=false hasRead=true)
[2026-08-05T07:28:55.388Z] LiveUpdateForge: EndTurn fallback flush
[2026-08-05T07:28:55.389Z] onEndTurn: naturalStop=false toolCalls=29 nudgeMsg=no
[2026-08-05T07:28:55.574Z] LiveUpdateForge: AfterToolExec flush
[2026-08-05T07:28:55.651Z] InitialReadForge.onBeforeSend: SKIP (fr=true syn=false hasRead=true)
[2026-08-05T07:29:10.382Z] LiveUpdateForge: EndTurn fallback flush
[2026-08-05T07:29:10.383Z] onEndTurn: naturalStop=false toolCalls=30 nudgeMsg=no
[2026-08-05T07:29:11.450Z] LiveUpdateForge: AfterToolExec flush
[2026-08-05T07:29:11.549Z] InitialReadForge.onBeforeSend: SKIP (fr=true syn=false hasRead=true)
[2026-08-05T07:29:19.083Z] LiveUpdateForge: EndTurn fallback flush
[2026-08-05T07:29:19.084Z] onEndTurn: naturalStop=false toolCalls=31 nudgeMsg=no
[2026-08-05T07:29:19.113Z] LiveUpdateForge: AfterToolExec flush
[2026-08-05T07:29:19.182Z] InitialReadForge.onBeforeSend: SKIP (fr=true syn=false hasRead=true)
[2026-08-05T07:29:23.893Z] LiveUpdateForge: EndTurn fallback flush
[2026-08-05T07:29:23.894Z] onEndTurn: naturalStop=false toolCalls=32 nudgeMsg=no
[2026-08-05T07:29:23.907Z] LiveUpdateForge: AfterToolExec flush
[2026-08-05T07:29:23.993Z] InitialReadForge.onBeforeSend: SKIP (fr=true syn=false hasRead=true)
[2026-08-05T07:29:31.929Z] LiveUpdateForge: EndTurn fallback flush
[2026-08-05T07:29:31.930Z] onEndTurn: naturalStop=false toolCalls=33 nudgeMsg=no
[2026-08-05T07:29:32.039Z] LiveUpdateForge: AfterToolExec flush
[2026-08-05T07:29:32.112Z] InitialReadForge.onBeforeSend: SKIP (fr=true syn=false hasRead=true)
[2026-08-05T07:29:37.370Z] LiveUpdateForge: EndTurn fallback flush
[2026-08-05T07:29:37.371Z] onEndTurn: naturalStop=false toolCalls=34 nudgeMsg=no
[2026-08-05T07:29:38.922Z] LiveUpdateForge: AfterToolExec flush
[2026-08-05T07:29:39.046Z] InitialReadForge.onBeforeSend: SKIP (fr=true syn=false hasRead=true)
[2026-08-05T07:29:45.887Z] LiveUpdateForge: EndTurn fallback flush
[2026-08-05T07:29:45.888Z] onEndTurn: naturalStop=false toolCalls=35 nudgeMsg=no
[2026-08-05T07:29:45.905Z] LiveUpdateForge: AfterToolExec flush
[2026-08-05T07:29:46.077Z] InitialReadForge.onBeforeSend: SKIP (fr=true syn=false hasRead=true)
[2026-08-05T07:29:52.738Z] LiveUpdateForge: EndTurn fallback flush
[2026-08-05T07:29:52.739Z] onEndTurn: naturalStop=false toolCalls=36 nudgeMsg=no
[2026-08-05T07:29:52.749Z] LiveUpdateForge: AfterToolExec flush
[2026-08-05T07:29:52.825Z] InitialReadForge.onBeforeSend: SKIP (fr=true syn=false hasRead=true)
[2026-08-05T07:29:59.288Z] LiveUpdateForge: EndTurn fallback flush
[2026-08-05T07:29:59.288Z] onEndTurn: naturalStop=false toolCalls=37 nudgeMsg=no
[2026-08-05T07:29:59.459Z] LiveUpdateForge: AfterToolExec flush
[2026-08-05T07:29:59.539Z] InitialReadForge.onBeforeSend: SKIP (fr=true syn=false hasRead=true)
[2026-08-05T07:30:08.061Z] LiveUpdateForge: EndTurn fallback flush
[2026-08-05T07:30:08.062Z] onEndTurn: naturalStop=false toolCalls=38 nudgeMsg=no
[2026-08-05T07:30:17.581Z] LiveUpdateForge: AfterToolExec flush
[2026-08-05T07:30:17.665Z] InitialReadForge.onBeforeSend: SKIP (fr=true syn=false hasRead=true)
[2026-08-05T07:30:39.982Z] LiveUpdateForge: EndTurn fallback flush
[2026-08-05T07:30:39.982Z] onEndTurn: naturalStop=true toolCalls=39 nudgeMsg=no
[2026-08-05T07:33:36.610Z] ResumeDiffForge: running checkResumeConsistency
[2026-08-05T07:33:36.612Z] checkResumeConsistency: forgedTimestamps=[]
[2026-08-05T07:33:36.722Z] checkResumeConsistency: no changes detected
[2026-08-05T07:33:36.762Z] LiveUpdateForge: session reset, allowLiveUpdate = false
[2026-08-05T07:33:36.848Z] NudgeForge: ResumeComplete — restoring count from history
[2026-08-05T07:33:36.850Z] restoreNudgeCountFromHistory: found last write at idx=2005 count=39
[2026-08-05T07:33:37.253Z] LiveUpdateForge: allowLiveUpdate = true (first real BeforeSend)
[2026-08-05T07:33:37.254Z] InitialReadForge.onBeforeSend: SKIP (fr=false syn=false hasRead=true)
[2026-08-05T07:34:00.316Z] LiveUpdateForge: EndTurn fallback flush
[2026-08-05T07:34:00.316Z] onEndTurn: naturalStop=false toolCalls=39 nudgeMsg=no
[2026-08-05T07:34:00.354Z] LiveUpdateForge: AfterToolExec flush
[2026-08-05T07:34:00.450Z] InitialReadForge.onBeforeSend: SKIP (fr=true syn=false hasRead=true)
[2026-08-05T07:34:11.016Z] LiveUpdateForge: EndTurn fallback flush
[2026-08-05T07:34:11.016Z] onEndTurn: naturalStop=false toolCalls=40 nudgeMsg=no
[2026-08-05T07:34:11.205Z] LiveUpdateForge: AfterToolExec flush
[2026-08-05T07:34:11.293Z] InitialReadForge.onBeforeSend: SKIP (fr=true syn=false hasRead=true)
[2026-08-05T07:34:16.748Z] LiveUpdateForge: EndTurn fallback flush
[2026-08-05T07:34:16.749Z] onEndTurn: naturalStop=false toolCalls=41 nudgeMsg=no
[2026-08-05T07:34:26.905Z] LiveUpdateForge: AfterToolExec flush
[2026-08-05T07:34:26.990Z] InitialReadForge.onBeforeSend: SKIP (fr=true syn=false hasRead=true)
[2026-08-05T07:34:32.406Z] LiveUpdateForge: EndTurn fallback flush
[2026-08-05T07:34:32.407Z] onEndTurn: naturalStop=true toolCalls=42 nudgeMsg=no
[2026-08-05T07:38:18.652Z] ResumeDiffForge: running checkResumeConsistency
[2026-08-05T07:38:18.653Z] checkResumeConsistency: forgedTimestamps=[]
[2026-08-05T07:38:18.677Z] checkResumeConsistency: no changes detected
[2026-08-05T07:38:18.677Z] LiveUpdateForge: session reset, allowLiveUpdate = false
[2026-08-05T07:38:18.678Z] NudgeForge: ResumeComplete — restoring count from history
[2026-08-05T07:38:18.680Z] restoreNudgeCountFromHistory: found last write at idx=2005 count=42
[2026-08-05T07:38:19.043Z] LiveUpdateForge: allowLiveUpdate = true (first real BeforeSend)
[2026-08-05T07:38:19.044Z] InitialReadForge.onBeforeSend: SKIP (fr=false syn=false hasRead=true)
[2026-08-05T07:38:30.126Z] LiveUpdateForge: EndTurn fallback flush
[2026-08-05T07:38:30.127Z] onEndTurn: naturalStop=false toolCalls=42 nudgeMsg=no
[2026-08-05T07:38:30.166Z] LiveUpdateForge: AfterToolExec flush
[2026-08-05T07:38:30.250Z] InitialReadForge.onBeforeSend: SKIP (fr=true syn=false hasRead=true)
[2026-08-05T07:38:53.238Z] LiveUpdateForge: EndTurn fallback flush
[2026-08-05T07:38:53.238Z] onEndTurn: naturalStop=false toolCalls=43 nudgeMsg=no
[2026-08-05T07:38:53.443Z] LiveUpdateForge: AfterToolExec flush
[2026-08-05T07:38:53.534Z] InitialReadForge.onBeforeSend: SKIP (fr=true syn=false hasRead=true)
[2026-08-05T07:39:08.381Z] LiveUpdateForge: EndTurn fallback flush
[2026-08-05T07:39:08.382Z] onEndTurn: naturalStop=false toolCalls=44 nudgeMsg=no
[2026-08-05T07:39:08.706Z] LiveUpdateForge: AfterToolExec flush
[2026-08-05T07:39:08.790Z] InitialReadForge.onBeforeSend: SKIP (fr=true syn=false hasRead=true)
[2026-08-05T07:39:20.967Z] LiveUpdateForge: EndTurn fallback flush
[2026-08-05T07:39:20.968Z] onEndTurn: naturalStop=false toolCalls=45 nudgeMsg=no
[2026-08-05T07:39:20.984Z] LiveUpdateForge: AfterToolExec flush
[2026-08-05T07:39:21.070Z] InitialReadForge.onBeforeSend: SKIP (fr=true syn=false hasRead=true)
[2026-08-05T07:39:41.314Z] LiveUpdateForge: EndTurn fallback flush
[2026-08-05T07:39:41.315Z] onEndTurn: naturalStop=false toolCalls=46 nudgeMsg=no
[2026-08-05T07:39:41.506Z] LiveUpdateForge: AfterToolExec flush
[2026-08-05T07:39:41.603Z] InitialReadForge.onBeforeSend: SKIP (fr=true syn=false hasRead=true)
[2026-08-05T07:39:46.691Z] LiveUpdateForge: EndTurn fallback flush
[2026-08-05T07:39:46.692Z] onEndTurn: naturalStop=false toolCalls=47 nudgeMsg=no
[2026-08-05T07:39:46.786Z] LiveUpdateForge: AfterToolExec flush
[2026-08-05T07:39:46.888Z] InitialReadForge.onBeforeSend: SKIP (fr=true syn=false hasRead=true)
[2026-08-05T07:39:52.512Z] LiveUpdateForge: EndTurn fallback flush
[2026-08-05T07:39:52.512Z] onEndTurn: naturalStop=false toolCalls=48 nudgeMsg=no
[2026-08-05T07:39:52.730Z] LiveUpdateForge: AfterToolExec flush
[2026-08-05T07:39:52.816Z] InitialReadForge.onBeforeSend: SKIP (fr=true syn=false hasRead=true)
[2026-08-05T07:39:59.209Z] LiveUpdateForge: EndTurn fallback flush
[2026-08-05T07:39:59.210Z] onEndTurn: naturalStop=false toolCalls=49 nudgeMsg=no
[2026-08-05T07:39:59.812Z] LiveUpdateForge: AfterToolExec flush
[2026-08-05T07:39:59.885Z] InitialReadForge.onBeforeSend: SKIP (fr=true syn=false hasRead=true)
[2026-08-05T07:40:05.972Z] LiveUpdateForge: EndTurn fallback flush
[2026-08-05T07:40:05.973Z] onEndTurn: naturalStop=false toolCalls=50 nudgeMsg=no
[2026-08-05T07:40:07.464Z] LiveUpdateForge: AfterToolExec flush
[2026-08-05T07:40:07.575Z] InitialReadForge.onBeforeSend: SKIP (fr=true syn=false hasRead=true)
[2026-08-05T07:40:12.959Z] LiveUpdateForge: EndTurn fallback flush
[2026-08-05T07:40:12.959Z] onEndTurn: naturalStop=false toolCalls=51 nudgeMsg=no
[2026-08-05T07:40:12.991Z] LiveUpdateForge: AfterToolExec flush
[2026-08-05T07:40:13.075Z] InitialReadForge.onBeforeSend: SKIP (fr=true syn=false hasRead=true)
[2026-08-05T07:40:18.659Z] LiveUpdateForge: EndTurn fallback flush
[2026-08-05T07:40:18.660Z] onEndTurn: naturalStop=false toolCalls=52 nudgeMsg=no
[2026-08-05T07:40:18.674Z] LiveUpdateForge: AfterToolExec flush
[2026-08-05T07:40:18.767Z] InitialReadForge.onBeforeSend: SKIP (fr=true syn=false hasRead=true)
[2026-08-05T07:40:24.570Z] LiveUpdateForge: EndTurn fallback flush
[2026-08-05T07:40:24.571Z] onEndTurn: naturalStop=false toolCalls=53 nudgeMsg=no
[2026-08-05T07:40:24.582Z] LiveUpdateForge: AfterToolExec flush
[2026-08-05T07:40:24.659Z] InitialReadForge.onBeforeSend: SKIP (fr=true syn=false hasRead=true)
[2026-08-05T07:40:30.286Z] LiveUpdateForge: EndTurn fallback flush
[2026-08-05T07:40:30.287Z] onEndTurn: naturalStop=false toolCalls=54 nudgeMsg=no
[2026-08-05T07:40:30.488Z] LiveUpdateForge: AfterToolExec flush
[2026-08-05T07:40:30.555Z] InitialReadForge.onBeforeSend: SKIP (fr=true syn=false hasRead=true)
[2026-08-05T07:40:40.918Z] LiveUpdateForge: EndTurn fallback flush
[2026-08-05T07:40:40.919Z] onEndTurn: naturalStop=false toolCalls=55 nudgeMsg=no
[2026-08-05T07:40:41.115Z] LiveUpdateForge: AfterToolExec flush
[2026-08-05T07:40:41.199Z] InitialReadForge.onBeforeSend: SKIP (fr=true syn=false hasRead=true)
[2026-08-05T07:40:48.907Z] LiveUpdateForge: EndTurn fallback flush
[2026-08-05T07:40:48.908Z] onEndTurn: naturalStop=false toolCalls=56 nudgeMsg=no
[2026-08-05T07:40:49.007Z] LiveUpdateForge: AfterToolExec flush
[2026-08-05T07:40:49.089Z] InitialReadForge.onBeforeSend: SKIP (fr=true syn=false hasRead=true)
[2026-08-05T07:40:53.465Z] LiveUpdateForge: EndTurn fallback flush
[2026-08-05T07:40:53.466Z] onEndTurn: naturalStop=false toolCalls=57 nudgeMsg=no
[2026-08-05T07:40:54.909Z] LiveUpdateForge: AfterToolExec flush
[2026-08-05T07:40:55.006Z] InitialReadForge.onBeforeSend: SKIP (fr=true syn=false hasRead=true)
[2026-08-05T07:41:03.409Z] LiveUpdateForge: EndTurn fallback flush
[2026-08-05T07:41:03.410Z] onEndTurn: naturalStop=false toolCalls=58 nudgeMsg=no
[2026-08-05T07:41:03.431Z] LiveUpdateForge: AfterToolExec flush
[2026-08-05T07:41:03.518Z] InitialReadForge.onBeforeSend: SKIP (fr=true syn=false hasRead=true)
[2026-08-05T07:41:09.907Z] LiveUpdateForge: EndTurn fallback flush
[2026-08-05T07:41:09.907Z] onEndTurn: naturalStop=false toolCalls=59 nudgeMsg=no
[2026-08-05T07:41:09.919Z] LiveUpdateForge: AfterToolExec flush
[2026-08-05T07:41:09.989Z] InitialReadForge.onBeforeSend: SKIP (fr=true syn=false hasRead=true)
[2026-08-05T07:41:26.322Z] LiveUpdateForge: EndTurn fallback flush
[2026-08-05T07:41:26.322Z] onEndTurn: naturalStop=false toolCalls=60 nudgeMsg=no
[2026-08-05T07:41:26.445Z] LiveUpdateForge: AfterToolExec flush
[2026-08-05T07:41:26.522Z] InitialReadForge.onBeforeSend: SKIP (fr=true syn=false hasRead=true)
[2026-08-05T07:42:02.178Z] LiveUpdateForge: EndTurn fallback flush
[2026-08-05T07:42:02.179Z] onEndTurn: naturalStop=false toolCalls=61 nudgeMsg=no
[2026-08-05T07:42:11.766Z] LiveUpdateForge: AfterToolExec flush
[2026-08-05T07:42:11.872Z] InitialReadForge.onBeforeSend: SKIP (fr=true syn=false hasRead=true)
[2026-08-05T07:43:07.969Z] LiveUpdateForge: EndTurn fallback flush
[2026-08-05T07:43:07.969Z] onEndTurn: naturalStop=true toolCalls=0 nudgeMsg=YES
[2026-08-05T07:43:07.979Z] InitialReadForge.onBeforeSend: SKIP (fr=false syn=false hasRead=true)
[2026-08-05T07:43:19.672Z] LiveUpdateForge: EndTurn fallback flush
[2026-08-05T07:43:19.738Z] onEndTurn: naturalStop=false toolCalls=0 nudgeMsg=no
[2026-08-05T07:43:19.769Z] LiveUpdateForge: self-write on D:\unity\demo\CODELY.md, baseline aligned
[2026-08-05T07:43:19.771Z] LiveUpdateForge: AfterToolExec flush
[2026-08-05T07:43:19.864Z] InitialReadForge.onBeforeSend: SKIP (fr=true syn=false hasRead=true)
[2026-08-05T07:43:20.421Z] LiveUpdateForge: pending external change on D:\unity\demo\CODELY.md
[2026-08-05T07:43:50.510Z] LiveUpdateForge: EndTurn fallback flush
[2026-08-05T07:43:50.510Z] onEndTurn: naturalStop=true toolCalls=0 nudgeMsg=no
[2026-08-05T07:48:05.582Z] ResumeDiffForge: running checkResumeConsistency
[2026-08-05T07:48:05.583Z] checkResumeConsistency: forgedTimestamps=[]
[2026-08-05T07:48:05.600Z] checkResumeConsistency: no changes detected
[2026-08-05T07:48:05.600Z] LiveUpdateForge: session reset, allowLiveUpdate = false
[2026-08-05T07:48:05.601Z] NudgeForge: ResumeComplete — restoring count from history
[2026-08-05T07:48:05.602Z] restoreNudgeCountFromHistory: found last write at idx=2143 count=0
[2026-08-05T07:48:05.897Z] LiveUpdateForge: allowLiveUpdate = true (first real BeforeSend)
[2026-08-05T07:48:05.899Z] InitialReadForge.onBeforeSend: SKIP (fr=false syn=false hasRead=true)
[2026-08-05T07:48:37.706Z] LiveUpdateForge: EndTurn fallback flush
[2026-08-05T07:48:37.707Z] onEndTurn: naturalStop=true toolCalls=0 nudgeMsg=no
[2026-08-05T07:51:38.519Z] ResumeDiffForge: running checkResumeConsistency
[2026-08-05T07:51:38.520Z] checkResumeConsistency: forgedTimestamps=[]
[2026-08-05T07:51:38.538Z] checkResumeConsistency: no changes detected
[2026-08-05T07:51:38.539Z] LiveUpdateForge: session reset, allowLiveUpdate = false
[2026-08-05T07:51:38.539Z] NudgeForge: ResumeComplete — restoring count from history
[2026-08-05T07:51:38.540Z] restoreNudgeCountFromHistory: found last write at idx=2143 count=0
[2026-08-05T07:51:38.832Z] LiveUpdateForge: allowLiveUpdate = true (first real BeforeSend)
[2026-08-05T07:51:38.835Z] InitialReadForge.onBeforeSend: SKIP (fr=false syn=false hasRead=true)
[2026-08-05T07:51:52.866Z] LiveUpdateForge: EndTurn fallback flush
[2026-08-05T07:51:52.867Z] onEndTurn: naturalStop=false toolCalls=0 nudgeMsg=no
[2026-08-05T07:51:52.920Z] LiveUpdateForge: AfterToolExec flush
[2026-08-05T07:51:53.004Z] InitialReadForge.onBeforeSend: SKIP (fr=true syn=false hasRead=true)
[2026-08-05T07:52:02.421Z] LiveUpdateForge: EndTurn fallback flush
[2026-08-05T07:52:02.421Z] onEndTurn: naturalStop=false toolCalls=1 nudgeMsg=no
[2026-08-05T07:52:09.355Z] LiveUpdateForge: AfterToolExec flush
[2026-08-05T07:52:09.451Z] InitialReadForge.onBeforeSend: SKIP (fr=true syn=false hasRead=true)
[2026-08-05T07:53:08.229Z] LiveUpdateForge: EndTurn fallback flush
[2026-08-05T07:53:08.229Z] onEndTurn: naturalStop=false toolCalls=2 nudgeMsg=no
[2026-08-05T07:53:16.265Z] LiveUpdateForge: AfterToolExec flush
[2026-08-05T07:53:16.349Z] InitialReadForge.onBeforeSend: SKIP (fr=true syn=false hasRead=true)
[2026-08-05T07:55:51.763Z] LiveUpdateForge: EndTurn fallback flush
[2026-08-05T07:55:51.764Z] onEndTurn: naturalStop=true toolCalls=3 nudgeMsg=no
[2026-08-05T07:59:08.621Z] ResumeDiffForge: running checkResumeConsistency
[2026-08-05T07:59:08.622Z] checkResumeConsistency: forgedTimestamps=[]
[2026-08-05T07:59:08.646Z] checkResumeConsistency: no changes detected
[2026-08-05T07:59:08.647Z] LiveUpdateForge: session reset, allowLiveUpdate = false
[2026-08-05T07:59:08.647Z] NudgeForge: ResumeComplete — restoring count from history
[2026-08-05T07:59:08.648Z] restoreNudgeCountFromHistory: found last write at idx=2143 count=3
[2026-08-05T07:59:09.017Z] LiveUpdateForge: allowLiveUpdate = true (first real BeforeSend)
[2026-08-05T07:59:09.020Z] InitialReadForge.onBeforeSend: SKIP (fr=false syn=false hasRead=true)
[2026-08-05T08:00:15.462Z] LiveUpdateForge: EndTurn fallback flush
[2026-08-05T08:00:15.462Z] onEndTurn: naturalStop=false toolCalls=3 nudgeMsg=no
[2026-08-05T08:00:15.498Z] LiveUpdateForge: AfterToolExec flush
[2026-08-05T08:00:15.598Z] InitialReadForge.onBeforeSend: SKIP (fr=true syn=false hasRead=true)
[2026-08-05T08:00:30.285Z] LiveUpdateForge: EndTurn fallback flush
[2026-08-05T08:00:30.286Z] onEndTurn: naturalStop=false toolCalls=4 nudgeMsg=no
[2026-08-05T08:00:30.472Z] LiveUpdateForge: AfterToolExec flush
[2026-08-05T08:00:30.582Z] InitialReadForge.onBeforeSend: SKIP (fr=true syn=false hasRead=true)
[2026-08-05T08:00:38.725Z] LiveUpdateForge: EndTurn fallback flush
[2026-08-05T08:00:38.726Z] onEndTurn: naturalStop=false toolCalls=5 nudgeMsg=no
[2026-08-05T08:00:38.740Z] LiveUpdateForge: AfterToolExec flush
[2026-08-05T08:00:38.852Z] InitialReadForge.onBeforeSend: SKIP (fr=true syn=false hasRead=true)
[2026-08-05T08:00:56.882Z] LiveUpdateForge: EndTurn fallback flush
[2026-08-05T08:00:56.883Z] onEndTurn: naturalStop=false toolCalls=6 nudgeMsg=no
[2026-08-05T08:00:56.978Z] LiveUpdateForge: AfterToolExec flush
[2026-08-05T08:00:57.068Z] InitialReadForge.onBeforeSend: SKIP (fr=true syn=false hasRead=true)
[2026-08-05T08:01:07.252Z] LiveUpdateForge: EndTurn fallback flush
[2026-08-05T08:01:07.253Z] onEndTurn: naturalStop=false toolCalls=7 nudgeMsg=no
[2026-08-05T08:01:07.290Z] LiveUpdateForge: AfterToolExec flush
[2026-08-05T08:01:07.400Z] InitialReadForge.onBeforeSend: SKIP (fr=true syn=false hasRead=true)
[2026-08-05T08:01:21.853Z] LiveUpdateForge: EndTurn fallback flush
[2026-08-05T08:01:21.855Z] onEndTurn: naturalStop=false toolCalls=8 nudgeMsg=no
[2026-08-05T08:01:28.954Z] LiveUpdateForge: AfterToolExec flush
[2026-08-05T08:01:29.046Z] InitialReadForge.onBeforeSend: SKIP (fr=true syn=false hasRead=true)
[2026-08-05T08:01:48.133Z] LiveUpdateForge: EndTurn fallback flush
[2026-08-05T08:01:48.134Z] onEndTurn: naturalStop=false toolCalls=9 nudgeMsg=no
[2026-08-05T08:01:55.605Z] LiveUpdateForge: AfterToolExec flush
[2026-08-05T08:01:55.685Z] InitialReadForge.onBeforeSend: SKIP (fr=true syn=false hasRead=true)
[2026-08-05T08:02:16.178Z] LiveUpdateForge: EndTurn fallback flush
[2026-08-05T08:02:16.178Z] onEndTurn: naturalStop=true toolCalls=10 nudgeMsg=no
[2026-08-05T08:04:25.467Z] ResumeDiffForge: running checkResumeConsistency
[2026-08-05T08:04:25.469Z] checkResumeConsistency: forgedTimestamps=[]
[2026-08-05T08:04:25.485Z] checkResumeConsistency: no changes detected
[2026-08-05T08:04:25.486Z] LiveUpdateForge: session reset, allowLiveUpdate = false
[2026-08-05T08:04:25.486Z] NudgeForge: ResumeComplete — restoring count from history
[2026-08-05T08:04:25.487Z] restoreNudgeCountFromHistory: found last write at idx=2143 count=10
[2026-08-05T08:04:25.799Z] LiveUpdateForge: allowLiveUpdate = true (first real BeforeSend)
[2026-08-05T08:04:25.800Z] InitialReadForge.onBeforeSend: SKIP (fr=false syn=false hasRead=true)
[2026-08-05T08:04:50.611Z] LiveUpdateForge: EndTurn fallback flush
[2026-08-05T08:04:50.612Z] onEndTurn: naturalStop=false toolCalls=10 nudgeMsg=no
[2026-08-05T08:05:28.109Z] LiveUpdateForge: AfterToolExec flush
[2026-08-05T08:05:28.209Z] InitialReadForge.onBeforeSend: SKIP (fr=true syn=false hasRead=true)
[2026-08-05T08:09:37.778Z] LiveUpdateForge: EndTurn fallback flush
[2026-08-05T08:09:37.778Z] onEndTurn: naturalStop=false toolCalls=11 nudgeMsg=no
[2026-08-05T08:09:37.794Z] InitialReadForge.onBeforeSend: SKIP (fr=true syn=false hasRead=true)
[2026-08-05T08:13:00.692Z] LiveUpdateForge: EndTurn fallback flush
[2026-08-05T08:13:00.693Z] onEndTurn: naturalStop=false toolCalls=11 nudgeMsg=no
[2026-08-05T08:13:00.858Z] LiveUpdateForge: AfterToolExec flush
[2026-08-05T08:13:00.929Z] InitialReadForge.onBeforeSend: SKIP (fr=true syn=false hasRead=true)
[2026-08-05T08:13:29.472Z] LiveUpdateForge: EndTurn fallback flush
[2026-08-05T08:13:29.472Z] onEndTurn: naturalStop=false toolCalls=12 nudgeMsg=no
[2026-08-05T08:13:29.486Z] LiveUpdateForge: AfterToolExec flush
[2026-08-05T08:13:29.557Z] InitialReadForge.onBeforeSend: SKIP (fr=true syn=false hasRead=true)
[2026-08-05T08:18:38.836Z] LiveUpdateForge: EndTurn fallback flush
[2026-08-05T08:18:38.837Z] onEndTurn: naturalStop=false toolCalls=13 nudgeMsg=no
[2026-08-05T08:18:38.849Z] InitialReadForge.onBeforeSend: SKIP (fr=true syn=false hasRead=true)
[2026-08-05T08:19:10.127Z] LiveUpdateForge: EndTurn fallback flush
[2026-08-05T08:19:10.127Z] onEndTurn: naturalStop=false toolCalls=13 nudgeMsg=no
[2026-08-05T08:19:10.415Z] LiveUpdateForge: AfterToolExec flush
[2026-08-05T08:19:10.492Z] InitialReadForge.onBeforeSend: SKIP (fr=true syn=false hasRead=true)
[2026-08-05T08:20:25.409Z] LiveUpdateForge: EndTurn fallback flush
[2026-08-05T08:20:25.410Z] onEndTurn: naturalStop=false toolCalls=14 nudgeMsg=no
[2026-08-05T08:20:25.423Z] LiveUpdateForge: AfterToolExec flush
[2026-08-05T08:20:25.495Z] InitialReadForge.onBeforeSend: SKIP (fr=true syn=false hasRead=true)
[2026-08-05T08:21:32.669Z] LiveUpdateForge: EndTurn fallback flush
[2026-08-05T08:21:32.670Z] onEndTurn: naturalStop=false toolCalls=15 nudgeMsg=no
[2026-08-05T08:21:32.826Z] LiveUpdateForge: AfterToolExec flush
[2026-08-05T08:21:32.898Z] InitialReadForge.onBeforeSend: SKIP (fr=true syn=false hasRead=true)
[2026-08-05T08:21:48.894Z] LiveUpdateForge: EndTurn fallback flush
[2026-08-05T08:21:48.894Z] onEndTurn: naturalStop=false toolCalls=16 nudgeMsg=no
[2026-08-05T08:21:48.907Z] LiveUpdateForge: AfterToolExec flush
[2026-08-05T08:21:48.992Z] InitialReadForge.onBeforeSend: SKIP (fr=true syn=false hasRead=true)
[2026-08-05T08:21:58.332Z] LiveUpdateForge: EndTurn fallback flush
[2026-08-05T08:21:58.333Z] onEndTurn: naturalStop=false toolCalls=17 nudgeMsg=no
[2026-08-05T08:21:58.622Z] LiveUpdateForge: AfterToolExec flush
[2026-08-05T08:21:58.690Z] InitialReadForge.onBeforeSend: SKIP (fr=true syn=false hasRead=true)
[2026-08-05T08:22:08.246Z] LiveUpdateForge: EndTurn fallback flush
[2026-08-05T08:22:08.247Z] onEndTurn: naturalStop=false toolCalls=18 nudgeMsg=no
[2026-08-05T08:22:08.260Z] LiveUpdateForge: AfterToolExec flush
[2026-08-05T08:22:08.332Z] InitialReadForge.onBeforeSend: SKIP (fr=true syn=false hasRead=true)
[2026-08-05T08:22:25.424Z] LiveUpdateForge: EndTurn fallback flush
[2026-08-05T08:22:25.425Z] onEndTurn: naturalStop=false toolCalls=19 nudgeMsg=no
[2026-08-05T08:22:25.739Z] LiveUpdateForge: AfterToolExec flush
[2026-08-05T08:22:25.812Z] InitialReadForge.onBeforeSend: SKIP (fr=true syn=false hasRead=true)
[2026-08-05T08:22:45.895Z] LiveUpdateForge: EndTurn fallback flush
[2026-08-05T08:22:45.896Z] onEndTurn: naturalStop=false toolCalls=20 nudgeMsg=no
[2026-08-05T08:22:45.911Z] LiveUpdateForge: AfterToolExec flush
[2026-08-05T08:22:45.988Z] InitialReadForge.onBeforeSend: SKIP (fr=true syn=false hasRead=true)
[2026-08-05T08:23:12.764Z] LiveUpdateForge: EndTurn fallback flush
[2026-08-05T08:23:12.764Z] onEndTurn: naturalStop=false toolCalls=21 nudgeMsg=no
[2026-08-05T08:23:12.863Z] LiveUpdateForge: AfterToolExec flush
[2026-08-05T08:23:12.940Z] InitialReadForge.onBeforeSend: SKIP (fr=true syn=false hasRead=true)
[2026-08-05T08:24:17.940Z] LiveUpdateForge: EndTurn fallback flush
[2026-08-05T08:24:17.940Z] onEndTurn: naturalStop=false toolCalls=22 nudgeMsg=no
[2026-08-05T08:24:18.120Z] LiveUpdateForge: AfterToolExec flush
[2026-08-05T08:24:18.194Z] InitialReadForge.onBeforeSend: SKIP (fr=true syn=false hasRead=true)
[2026-08-05T08:24:27.386Z] LiveUpdateForge: EndTurn fallback flush
[2026-08-05T08:24:27.387Z] onEndTurn: naturalStop=false toolCalls=23 nudgeMsg=no
[2026-08-05T08:24:27.474Z] LiveUpdateForge: AfterToolExec flush
[2026-08-05T08:24:27.574Z] InitialReadForge.onBeforeSend: SKIP (fr=true syn=false hasRead=true)
[2026-08-05T08:24:36.188Z] LiveUpdateForge: EndTurn fallback flush
[2026-08-05T08:24:36.188Z] onEndTurn: naturalStop=false toolCalls=24 nudgeMsg=no
[2026-08-05T08:24:36.202Z] LiveUpdateForge: AfterToolExec flush
[2026-08-05T08:24:36.284Z] InitialReadForge.onBeforeSend: SKIP (fr=true syn=false hasRead=true)
[2026-08-05T08:24:54.440Z] LiveUpdateForge: EndTurn fallback flush
[2026-08-05T08:24:54.441Z] onEndTurn: naturalStop=false toolCalls=25 nudgeMsg=no
[2026-08-05T08:24:54.450Z] LiveUpdateForge: AfterToolExec flush
[2026-08-05T08:24:54.524Z] InitialReadForge.onBeforeSend: SKIP (fr=true syn=false hasRead=true)
[2026-08-05T08:25:17.043Z] LiveUpdateForge: EndTurn fallback flush
[2026-08-05T08:25:17.044Z] onEndTurn: naturalStop=false toolCalls=26 nudgeMsg=no
[2026-08-05T08:25:17.137Z] LiveUpdateForge: AfterToolExec flush
[2026-08-05T08:25:17.221Z] InitialReadForge.onBeforeSend: SKIP (fr=true syn=false hasRead=true)
[2026-08-05T08:25:33.505Z] LiveUpdateForge: EndTurn fallback flush
[2026-08-05T08:25:33.505Z] onEndTurn: naturalStop=false toolCalls=27 nudgeMsg=no
[2026-08-05T08:25:33.982Z] LiveUpdateForge: AfterToolExec flush
[2026-08-05T08:25:34.068Z] InitialReadForge.onBeforeSend: SKIP (fr=true syn=false hasRead=true)
[2026-08-05T08:25:52.940Z] LiveUpdateForge: EndTurn fallback flush
[2026-08-05T08:25:52.940Z] onEndTurn: naturalStop=false toolCalls=28 nudgeMsg=no
[2026-08-05T08:25:52.965Z] LiveUpdateForge: AfterToolExec flush
[2026-08-05T08:25:53.040Z] InitialReadForge.onBeforeSend: SKIP (fr=true syn=false hasRead=true)
[2026-08-05T08:26:11.130Z] LiveUpdateForge: EndTurn fallback flush
[2026-08-05T08:26:11.131Z] onEndTurn: naturalStop=false toolCalls=29 nudgeMsg=no
[2026-08-05T08:26:11.464Z] LiveUpdateForge: AfterToolExec flush
[2026-08-05T08:26:11.546Z] InitialReadForge.onBeforeSend: SKIP (fr=true syn=false hasRead=true)
[2026-08-05T08:26:33.722Z] LiveUpdateForge: EndTurn fallback flush
[2026-08-05T08:26:33.722Z] onEndTurn: naturalStop=false toolCalls=30 nudgeMsg=no
[2026-08-05T08:26:55.589Z] LiveUpdateForge: AfterToolExec flush
[2026-08-05T08:26:55.685Z] InitialReadForge.onBeforeSend: SKIP (fr=true syn=false hasRead=true)
[2026-08-05T08:27:52.124Z] LiveUpdateForge: EndTurn fallback flush
[2026-08-05T08:27:52.125Z] onEndTurn: naturalStop=true toolCalls=31 nudgeMsg=no
[2026-08-05T08:27:54.306Z] ResumeDiffForge: running checkResumeConsistency
[2026-08-05T08:27:54.307Z] checkResumeConsistency: forgedTimestamps=[]
[2026-08-05T08:27:54.334Z] checkResumeConsistency: no changes detected
[2026-08-05T08:27:54.335Z] LiveUpdateForge: session reset, allowLiveUpdate = false
[2026-08-05T08:27:54.335Z] NudgeForge: ResumeComplete — restoring count from history
[2026-08-05T08:27:54.336Z] restoreNudgeCountFromHistory: found last write at idx=2143 count=31
[2026-08-05T08:27:54.633Z] LiveUpdateForge: allowLiveUpdate = true (first real BeforeSend)
[2026-08-05T08:27:54.634Z] InitialReadForge.onBeforeSend: SKIP (fr=false syn=false hasRead=true)
[2026-08-05T08:28:10.882Z] LiveUpdateForge: EndTurn fallback flush
[2026-08-05T08:28:10.883Z] onEndTurn: naturalStop=false toolCalls=31 nudgeMsg=no
[2026-08-05T08:28:10.911Z] LiveUpdateForge: AfterToolExec flush
[2026-08-05T08:28:10.981Z] InitialReadForge.onBeforeSend: SKIP (fr=true syn=false hasRead=true)
[2026-08-05T08:28:29.080Z] LiveUpdateForge: EndTurn fallback flush
[2026-08-05T08:28:29.081Z] onEndTurn: naturalStop=false toolCalls=32 nudgeMsg=no
[2026-08-05T08:28:37.090Z] LiveUpdateForge: AfterToolExec flush
[2026-08-05T08:28:37.186Z] InitialReadForge.onBeforeSend: SKIP (fr=true syn=false hasRead=true)
[2026-08-05T08:29:17.807Z] LiveUpdateForge: EndTurn fallback flush
[2026-08-05T08:29:17.808Z] onEndTurn: naturalStop=true toolCalls=33 nudgeMsg=no
[2026-08-05T08:34:14.067Z] ResumeDiffForge: running checkResumeConsistency
[2026-08-05T08:34:14.069Z] checkResumeConsistency: forgedTimestamps=[]
[2026-08-05T08:34:14.095Z] checkResumeConsistency: no changes detected
[2026-08-05T08:34:14.096Z] LiveUpdateForge: session reset, allowLiveUpdate = false
[2026-08-05T08:34:14.096Z] NudgeForge: ResumeComplete — restoring count from history
[2026-08-05T08:34:14.098Z] restoreNudgeCountFromHistory: found last write at idx=2143 count=33
[2026-08-05T08:34:14.455Z] LiveUpdateForge: allowLiveUpdate = true (first real BeforeSend)
[2026-08-05T08:34:14.457Z] InitialReadForge.onBeforeSend: SKIP (fr=false syn=false hasRead=true)
[2026-08-05T08:34:58.278Z] LiveUpdateForge: EndTurn fallback flush
[2026-08-05T08:34:58.278Z] onEndTurn: naturalStop=false toolCalls=33 nudgeMsg=no
[2026-08-05T08:34:58.481Z] LiveUpdateForge: AfterToolExec flush
[2026-08-05T08:34:58.573Z] InitialReadForge.onBeforeSend: SKIP (fr=true syn=false hasRead=true)
[2026-08-05T08:35:49.129Z] LiveUpdateForge: EndTurn fallback flush
[2026-08-05T08:35:49.130Z] onEndTurn: naturalStop=false toolCalls=34 nudgeMsg=no
[2026-08-05T08:35:49.348Z] LiveUpdateForge: AfterToolExec flush
[2026-08-05T08:35:49.439Z] InitialReadForge.onBeforeSend: SKIP (fr=true syn=false hasRead=true)
[2026-08-05T08:36:40.356Z] LiveUpdateForge: EndTurn fallback flush
[2026-08-05T08:36:40.357Z] onEndTurn: naturalStop=false toolCalls=35 nudgeMsg=no
[2026-08-05T08:36:40.971Z] LiveUpdateForge: AfterToolExec flush
[2026-08-05T08:36:41.055Z] InitialReadForge.onBeforeSend: SKIP (fr=true syn=false hasRead=true)
[2026-08-05T08:37:34.597Z] LiveUpdateForge: EndTurn fallback flush
[2026-08-05T08:37:34.598Z] onEndTurn: naturalStop=false toolCalls=36 nudgeMsg=no
[2026-08-05T08:37:42.389Z] LiveUpdateForge: AfterToolExec flush
[2026-08-05T08:37:42.482Z] InitialReadForge.onBeforeSend: SKIP (fr=true syn=false hasRead=true)
[2026-08-05T08:38:23.628Z] LiveUpdateForge: EndTurn fallback flush
[2026-08-05T08:38:23.629Z] onEndTurn: naturalStop=true toolCalls=37 nudgeMsg=no
[2026-08-05T08:43:54.660Z] ResumeDiffForge: running checkResumeConsistency
[2026-08-05T08:43:54.662Z] checkResumeConsistency: forgedTimestamps=[]
[2026-08-05T08:43:54.680Z] checkResumeConsistency: no changes detected
[2026-08-05T08:43:54.680Z] LiveUpdateForge: session reset, allowLiveUpdate = false
[2026-08-05T08:43:54.680Z] NudgeForge: ResumeComplete — restoring count from history
[2026-08-05T08:43:54.681Z] restoreNudgeCountFromHistory: found last write at idx=2143 count=37
[2026-08-05T08:43:54.975Z] LiveUpdateForge: allowLiveUpdate = true (first real BeforeSend)
[2026-08-05T08:43:54.977Z] InitialReadForge.onBeforeSend: SKIP (fr=false syn=false hasRead=true)
[2026-08-05T08:44:42.101Z] LiveUpdateForge: EndTurn fallback flush
[2026-08-05T08:44:42.101Z] onEndTurn: naturalStop=false toolCalls=37 nudgeMsg=no
[2026-08-05T08:44:42.216Z] LiveUpdateForge: AfterToolExec flush
[2026-08-05T08:44:42.293Z] InitialReadForge.onBeforeSend: SKIP (fr=true syn=false hasRead=true)
[2026-08-05T08:46:16.703Z] LiveUpdateForge: EndTurn fallback flush
[2026-08-05T08:46:16.703Z] onEndTurn: naturalStop=false toolCalls=38 nudgeMsg=no
[2026-08-05T08:46:17.013Z] LiveUpdateForge: AfterToolExec flush
[2026-08-05T08:46:17.094Z] InitialReadForge.onBeforeSend: SKIP (fr=true syn=false hasRead=true)
[2026-08-05T08:47:18.484Z] LiveUpdateForge: EndTurn fallback flush
[2026-08-05T08:47:18.484Z] onEndTurn: naturalStop=false toolCalls=39 nudgeMsg=no
[2026-08-05T08:47:29.699Z] LiveUpdateForge: AfterToolExec flush
[2026-08-05T08:47:29.796Z] InitialReadForge.onBeforeSend: SKIP (fr=true syn=false hasRead=true)
[2026-08-05T08:48:04.759Z] LiveUpdateForge: EndTurn fallback flush
[2026-08-05T08:48:04.759Z] onEndTurn: naturalStop=true toolCalls=40 nudgeMsg=no
[2026-08-05T08:48:08.399Z] ResumeDiffForge: running checkResumeConsistency
[2026-08-05T08:48:08.400Z] checkResumeConsistency: forgedTimestamps=[]
[2026-08-05T08:48:08.423Z] checkResumeConsistency: no changes detected
[2026-08-05T08:48:08.424Z] LiveUpdateForge: session reset, allowLiveUpdate = false
[2026-08-05T08:48:08.424Z] NudgeForge: ResumeComplete — restoring count from history
[2026-08-05T08:48:08.425Z] restoreNudgeCountFromHistory: found last write at idx=2143 count=40
[2026-08-05T08:48:08.723Z] LiveUpdateForge: allowLiveUpdate = true (first real BeforeSend)
[2026-08-05T08:48:08.724Z] InitialReadForge.onBeforeSend: SKIP (fr=false syn=false hasRead=true)
[2026-08-05T08:48:51.823Z] LiveUpdateForge: EndTurn fallback flush
[2026-08-05T08:48:51.824Z] onEndTurn: naturalStop=false toolCalls=40 nudgeMsg=no
[2026-08-05T08:48:52.048Z] LiveUpdateForge: AfterToolExec flush
[2026-08-05T08:48:52.125Z] InitialReadForge.onBeforeSend: SKIP (fr=true syn=false hasRead=true)
[2026-08-05T08:50:46.123Z] LiveUpdateForge: EndTurn fallback flush
[2026-08-05T08:50:46.123Z] onEndTurn: naturalStop=false toolCalls=41 nudgeMsg=no
[2026-08-05T08:50:56.440Z] LiveUpdateForge: AfterToolExec flush
[2026-08-05T08:50:56.552Z] InitialReadForge.onBeforeSend: SKIP (fr=true syn=false hasRead=true)
[2026-08-05T08:51:53.555Z] LiveUpdateForge: EndTurn fallback flush
[2026-08-05T08:51:53.555Z] onEndTurn: naturalStop=true toolCalls=42 nudgeMsg=no
[2026-08-05T08:57:38.340Z] MemoryForge: attached 5 listener(s)
[2026-08-05T08:57:38.341Z] InitialReadForge: armed one-shot BeforeSend after NewSessionStart
[2026-08-05T08:57:38.341Z] LiveUpdateForge: session reset, allowLiveUpdate = false
[2026-08-05T09:04:48.734Z] LiveUpdateForge: session reset, allowLiveUpdate = false
[2026-08-05T09:04:55.179Z] ResumeDiffForge: running checkResumeConsistency
[2026-08-05T09:04:55.221Z] checkResumeConsistency: forgedTimestamps=[]
[2026-08-05T09:04:58.984Z] checkResumeConsistency: no changes detected
[2026-08-05T09:04:58.984Z] LiveUpdateForge: session reset, allowLiveUpdate = false
[2026-08-05T09:04:58.985Z] NudgeForge: ResumeComplete — restoring count from history
[2026-08-05T09:04:58.988Z] restoreNudgeCountFromHistory: found last write at idx=2143 count=42
[2026-08-05T09:06:01.146Z] ResumeDiffForge: running checkResumeConsistency
[2026-08-05T09:06:01.147Z] checkResumeConsistency: forgedTimestamps=[]
[2026-08-05T09:06:01.451Z] checkResumeConsistency: no changes detected
[2026-08-05T09:06:01.452Z] LiveUpdateForge: session reset, allowLiveUpdate = false
[2026-08-05T09:06:01.452Z] NudgeForge: ResumeComplete — restoring count from history
[2026-08-05T09:06:01.453Z] restoreNudgeCountFromHistory: found last write at idx=2143 count=42
[2026-08-05T09:06:25.242Z] ResumeDiffForge: running checkResumeConsistency
[2026-08-05T09:06:25.243Z] checkResumeConsistency: forgedTimestamps=[]
[2026-08-05T09:06:25.374Z] checkResumeConsistency: no changes detected
[2026-08-05T09:06:25.374Z] LiveUpdateForge: session reset, allowLiveUpdate = false
[2026-08-05T09:06:25.374Z] NudgeForge: ResumeComplete — restoring count from history
[2026-08-05T09:06:25.375Z] restoreNudgeCountFromHistory: found last write at idx=2143 count=42
[2026-08-05T09:07:05.149Z] MemoryForge: attached 5 listener(s)
[2026-08-05T09:07:05.149Z] InitialReadForge: armed one-shot BeforeSend after NewSessionStart
[2026-08-05T09:07:05.150Z] LiveUpdateForge: session reset, allowLiveUpdate = false
[2026-08-05T09:07:05.478Z] MemoryForge: detached all listeners
[2026-08-05T09:07:05.479Z] ResumeDiffForge: running checkResumeConsistency
[2026-08-05T09:07:05.480Z] checkResumeConsistency: forgedTimestamps=[]
[2026-08-05T09:07:05.839Z] checkResumeConsistency: no changes detected
[2026-08-05T09:07:05.839Z] LiveUpdateForge: session reset, allowLiveUpdate = false
[2026-08-05T09:07:05.840Z] NudgeForge: ResumeComplete — restoring count from history
[2026-08-05T09:07:05.840Z] restoreNudgeCountFromHistory: found last write at idx=2143 count=42
[2026-08-05T09:07:07.120Z] LiveUpdateForge: allowLiveUpdate = true (first real BeforeSend)
[2026-08-05T09:07:07.122Z] InitialReadForge.onBeforeSend: SKIP (fr=false syn=false hasRead=true)
[2026-08-05T09:08:13.924Z] LiveUpdateForge: EndTurn fallback flush
[2026-08-05T09:08:13.924Z] onEndTurn: naturalStop=false toolCalls=42 nudgeMsg=no
[2026-08-05T09:08:36.958Z] LiveUpdateForge: AfterToolExec flush
[2026-08-05T09:08:37.079Z] InitialReadForge.onBeforeSend: SKIP (fr=true syn=false hasRead=true)
[2026-08-05T09:08:49.667Z] LiveUpdateForge: EndTurn fallback flush
[2026-08-05T09:08:49.667Z] onEndTurn: naturalStop=false toolCalls=43 nudgeMsg=no
[2026-08-05T09:08:49.713Z] LiveUpdateForge: AfterToolExec flush
[2026-08-05T09:08:49.790Z] InitialReadForge.onBeforeSend: SKIP (fr=true syn=false hasRead=true)
[2026-08-05T09:08:55.425Z] LiveUpdateForge: EndTurn fallback flush
[2026-08-05T09:08:55.426Z] onEndTurn: naturalStop=false toolCalls=44 nudgeMsg=no
[2026-08-05T09:08:55.442Z] LiveUpdateForge: AfterToolExec flush
[2026-08-05T09:08:55.546Z] InitialReadForge.onBeforeSend: SKIP (fr=true syn=false hasRead=true)
[2026-08-05T09:09:01.634Z] LiveUpdateForge: EndTurn fallback flush
[2026-08-05T09:09:01.634Z] onEndTurn: naturalStop=false toolCalls=45 nudgeMsg=no
[2026-08-05T09:09:01.645Z] LiveUpdateForge: AfterToolExec flush
[2026-08-05T09:09:01.730Z] InitialReadForge.onBeforeSend: SKIP (fr=true syn=false hasRead=true)
[2026-08-05T09:09:10.407Z] LiveUpdateForge: EndTurn fallback flush
[2026-08-05T09:09:10.407Z] onEndTurn: naturalStop=false toolCalls=46 nudgeMsg=no
[2026-08-05T09:09:11.129Z] LiveUpdateForge: AfterToolExec flush
[2026-08-05T09:09:11.214Z] InitialReadForge.onBeforeSend: SKIP (fr=true syn=false hasRead=true)
[2026-08-05T09:09:14.917Z] LiveUpdateForge: EndTurn fallback flush
[2026-08-05T09:09:14.918Z] onEndTurn: naturalStop=false toolCalls=47 nudgeMsg=no
[2026-08-05T09:09:14.930Z] LiveUpdateForge: AfterToolExec flush
[2026-08-05T09:09:15.078Z] InitialReadForge.onBeforeSend: SKIP (fr=true syn=false hasRead=true)
[2026-08-05T09:09:26.393Z] LiveUpdateForge: EndTurn fallback flush
[2026-08-05T09:09:26.393Z] onEndTurn: naturalStop=false toolCalls=48 nudgeMsg=no
[2026-08-05T09:09:26.732Z] LiveUpdateForge: AfterToolExec flush
[2026-08-05T09:09:26.808Z] InitialReadForge.onBeforeSend: SKIP (fr=true syn=false hasRead=true)
[2026-08-05T09:10:30.761Z] LiveUpdateForge: EndTurn fallback flush
[2026-08-05T09:10:30.762Z] onEndTurn: naturalStop=false toolCalls=49 nudgeMsg=no
[2026-08-05T09:10:30.777Z] LiveUpdateForge: AfterToolExec flush
[2026-08-05T09:10:30.849Z] InitialReadForge.onBeforeSend: SKIP (fr=true syn=false hasRead=true)
[2026-08-05T09:11:25.088Z] LiveUpdateForge: EndTurn fallback flush
[2026-08-05T09:11:25.088Z] onEndTurn: naturalStop=false toolCalls=50 nudgeMsg=no
[2026-08-05T09:11:25.316Z] LiveUpdateForge: AfterToolExec flush
[2026-08-05T09:11:25.391Z] InitialReadForge.onBeforeSend: SKIP (fr=true syn=false hasRead=true)
[2026-08-05T09:12:11.880Z] LiveUpdateForge: EndTurn fallback flush
[2026-08-05T09:12:11.881Z] onEndTurn: naturalStop=false toolCalls=51 nudgeMsg=no
[2026-08-05T09:14:39.974Z] LiveUpdateForge: AfterToolExec flush
[2026-08-05T09:14:40.056Z] InitialReadForge.onBeforeSend: SKIP (fr=true syn=false hasRead=true)
[2026-08-05T09:16:19.565Z] LiveUpdateForge: EndTurn fallback flush
[2026-08-05T09:16:19.566Z] onEndTurn: naturalStop=true toolCalls=0 nudgeMsg=YES
[2026-08-05T09:16:19.575Z] InitialReadForge.onBeforeSend: SKIP (fr=false syn=false hasRead=true)
[2026-08-05T09:17:08.103Z] LiveUpdateForge: EndTurn fallback flush
[2026-08-05T09:17:08.103Z] onEndTurn: naturalStop=true toolCalls=0 nudgeMsg=no
[2026-08-05T09:19:25.648Z] ResumeDiffForge: running checkResumeConsistency
[2026-08-05T09:19:25.650Z] checkResumeConsistency: forgedTimestamps=[]
[2026-08-05T09:19:25.669Z] checkResumeConsistency: no changes detected
[2026-08-05T09:19:25.670Z] LiveUpdateForge: session reset, allowLiveUpdate = false
[2026-08-05T09:19:25.670Z] NudgeForge: ResumeComplete — restoring count from history
[2026-08-05T09:19:25.671Z] restoreNudgeCountFromHistory: found nudge message at idx=2268 count=0
[2026-08-05T09:19:25.996Z] LiveUpdateForge: allowLiveUpdate = true (first real BeforeSend)
[2026-08-05T09:19:25.998Z] InitialReadForge.onBeforeSend: SKIP (fr=false syn=false hasRead=true)
[2026-08-05T09:20:31.761Z] ResumeDiffForge: running checkResumeConsistency
[2026-08-05T09:20:31.764Z] checkResumeConsistency: forgedTimestamps=[]
[2026-08-05T09:20:31.831Z] checkResumeConsistency: no changes detected
[2026-08-05T09:20:31.832Z] LiveUpdateForge: session reset, allowLiveUpdate = false
[2026-08-05T09:20:31.832Z] NudgeForge: ResumeComplete — restoring count from history
[2026-08-05T09:20:31.834Z] restoreNudgeCountFromHistory: found nudge message at idx=2268 count=0
[2026-08-05T09:20:32.231Z] LiveUpdateForge: allowLiveUpdate = true (first real BeforeSend)
[2026-08-05T09:20:32.232Z] InitialReadForge.onBeforeSend: SKIP (fr=false syn=false hasRead=true)
[2026-08-05T09:22:16.303Z] LiveUpdateForge: EndTurn fallback flush
[2026-08-05T09:22:16.304Z] onEndTurn: naturalStop=false toolCalls=0 nudgeMsg=no
[2026-08-05T09:22:16.342Z] LiveUpdateForge: AfterToolExec flush
[2026-08-05T09:22:16.430Z] InitialReadForge.onBeforeSend: SKIP (fr=true syn=false hasRead=true)
[2026-08-05T09:23:55.121Z] LiveUpdateForge: EndTurn fallback flush
[2026-08-05T09:23:55.122Z] onEndTurn: naturalStop=false toolCalls=1 nudgeMsg=no
[2026-08-05T09:23:55.332Z] LiveUpdateForge: AfterToolExec flush
[2026-08-05T09:23:55.456Z] InitialReadForge.onBeforeSend: SKIP (fr=true syn=false hasRead=true)
[2026-08-05T09:24:52.423Z] LiveUpdateForge: EndTurn fallback flush
[2026-08-05T09:24:52.424Z] onEndTurn: naturalStop=false toolCalls=2 nudgeMsg=no
[2026-08-05T09:24:52.441Z] LiveUpdateForge: AfterToolExec flush
[2026-08-05T09:24:52.536Z] InitialReadForge.onBeforeSend: SKIP (fr=true syn=false hasRead=true)
[2026-08-05T09:26:25.899Z] LiveUpdateForge: EndTurn fallback flush
[2026-08-05T09:26:25.900Z] onEndTurn: naturalStop=false toolCalls=3 nudgeMsg=no
[2026-08-05T09:26:26.071Z] LiveUpdateForge: AfterToolExec flush
[2026-08-05T09:26:26.171Z] InitialReadForge.onBeforeSend: SKIP (fr=true syn=false hasRead=true)
[2026-08-05T09:27:18.781Z] LiveUpdateForge: EndTurn fallback flush
[2026-08-05T09:27:18.781Z] onEndTurn: naturalStop=false toolCalls=4 nudgeMsg=no
[2026-08-05T09:27:18.804Z] LiveUpdateForge: AfterToolExec flush
[2026-08-05T09:27:18.901Z] InitialReadForge.onBeforeSend: SKIP (fr=true syn=false hasRead=true)
[2026-08-05T09:28:13.193Z] LiveUpdateForge: EndTurn fallback flush
[2026-08-05T09:28:13.193Z] onEndTurn: naturalStop=false toolCalls=5 nudgeMsg=no
[2026-08-05T09:28:13.207Z] LiveUpdateForge: AfterToolExec flush
[2026-08-05T09:28:13.287Z] InitialReadForge.onBeforeSend: SKIP (fr=true syn=false hasRead=true)
[2026-08-05T09:29:14.851Z] LiveUpdateForge: EndTurn fallback flush
[2026-08-05T09:29:14.852Z] onEndTurn: naturalStop=false toolCalls=6 nudgeMsg=no
[2026-08-05T09:29:14.941Z] LiveUpdateForge: AfterToolExec flush
[2026-08-05T09:29:15.028Z] InitialReadForge.onBeforeSend: SKIP (fr=true syn=false hasRead=true)
[2026-08-05T09:29:54.391Z] LiveUpdateForge: EndTurn fallback flush
[2026-08-05T09:29:54.392Z] onEndTurn: naturalStop=false toolCalls=7 nudgeMsg=no
[2026-08-05T09:30:08.761Z] LiveUpdateForge: AfterToolExec flush
[2026-08-05T09:30:08.853Z] InitialReadForge.onBeforeSend: SKIP (fr=true syn=false hasRead=true)
[2026-08-05T09:31:09.248Z] LiveUpdateForge: EndTurn fallback flush
[2026-08-05T09:31:09.248Z] onEndTurn: naturalStop=true toolCalls=8 nudgeMsg=no
[2026-08-05T09:36:58.697Z] ResumeDiffForge: running checkResumeConsistency
[2026-08-05T09:36:58.699Z] checkResumeConsistency: forgedTimestamps=[]
[2026-08-05T09:36:58.731Z] checkResumeConsistency: no changes detected
[2026-08-05T09:36:58.731Z] LiveUpdateForge: session reset, allowLiveUpdate = false
[2026-08-05T09:36:58.732Z] NudgeForge: ResumeComplete — restoring count from history
[2026-08-05T09:36:58.733Z] restoreNudgeCountFromHistory: found nudge message at idx=2268 count=8
[2026-08-05T09:36:59.036Z] LiveUpdateForge: allowLiveUpdate = true (first real BeforeSend)
[2026-08-05T09:36:59.038Z] InitialReadForge.onBeforeSend: SKIP (fr=false syn=false hasRead=true)
[2026-08-05T09:37:15.522Z] ResumeDiffForge: running checkResumeConsistency
[2026-08-05T09:37:15.523Z] checkResumeConsistency: forgedTimestamps=[]
[2026-08-05T09:37:15.543Z] checkResumeConsistency: no changes detected
[2026-08-05T09:37:15.544Z] LiveUpdateForge: session reset, allowLiveUpdate = false
[2026-08-05T09:37:15.544Z] NudgeForge: ResumeComplete — restoring count from history
[2026-08-05T09:37:15.545Z] restoreNudgeCountFromHistory: found nudge message at idx=2268 count=8
[2026-08-05T09:37:15.806Z] LiveUpdateForge: allowLiveUpdate = true (first real BeforeSend)
[2026-08-05T09:37:15.826Z] InitialReadForge.onBeforeSend: SKIP (fr=false syn=false hasRead=true)
[2026-08-05T09:37:18.939Z] InitialReadForge.onBeforeSend: SKIP (fr=false syn=false hasRead=true)
[2026-08-05T09:37:57.903Z] LiveUpdateForge: EndTurn fallback flush
[2026-08-05T09:37:57.903Z] onEndTurn: naturalStop=false toolCalls=8 nudgeMsg=no
[2026-08-05T09:37:57.933Z] LiveUpdateForge: AfterToolExec flush
[2026-08-05T09:37:58.008Z] InitialReadForge.onBeforeSend: SKIP (fr=true syn=false hasRead=true)
[2026-08-05T09:38:37.283Z] LiveUpdateForge: EndTurn fallback flush
[2026-08-05T09:38:37.284Z] onEndTurn: naturalStop=false toolCalls=9 nudgeMsg=no
[2026-08-05T09:38:37.488Z] LiveUpdateForge: AfterToolExec flush
[2026-08-05T09:38:37.605Z] InitialReadForge.onBeforeSend: SKIP (fr=true syn=false hasRead=true)
[2026-08-05T09:39:59.785Z] LiveUpdateForge: EndTurn fallback flush
[2026-08-05T09:39:59.786Z] onEndTurn: naturalStop=false toolCalls=10 nudgeMsg=no
[2026-08-05T09:39:59.860Z] LiveUpdateForge: AfterToolExec flush
[2026-08-05T09:39:59.944Z] InitialReadForge.onBeforeSend: SKIP (fr=true syn=false hasRead=true)
[2026-08-05T09:40:32.271Z] LiveUpdateForge: EndTurn fallback flush
[2026-08-05T09:40:32.272Z] onEndTurn: naturalStop=false toolCalls=11 nudgeMsg=no
[2026-08-05T09:40:32.491Z] LiveUpdateForge: AfterToolExec flush
[2026-08-05T09:40:32.571Z] InitialReadForge.onBeforeSend: SKIP (fr=true syn=false hasRead=true)
[2026-08-05T09:40:36.357Z] LiveUpdateForge: EndTurn fallback flush
[2026-08-05T09:40:36.358Z] onEndTurn: naturalStop=false toolCalls=12 nudgeMsg=no
[2026-08-05T09:40:36.948Z] LiveUpdateForge: AfterToolExec flush
[2026-08-05T09:40:37.033Z] InitialReadForge.onBeforeSend: SKIP (fr=true syn=false hasRead=true)
[2026-08-05T09:40:44.137Z] LiveUpdateForge: EndTurn fallback flush
[2026-08-05T09:40:44.137Z] onEndTurn: naturalStop=false toolCalls=13 nudgeMsg=no
[2026-08-05T09:40:55.409Z] LiveUpdateForge: AfterToolExec flush
[2026-08-05T09:40:55.501Z] InitialReadForge.onBeforeSend: SKIP (fr=true syn=false hasRead=true)
[2026-08-05T09:41:43.366Z] LiveUpdateForge: EndTurn fallback flush
[2026-08-05T09:41:43.366Z] onEndTurn: naturalStop=true toolCalls=14 nudgeMsg=no
[2026-08-05T09:45:14.047Z] ResumeDiffForge: running checkResumeConsistency
[2026-08-05T09:45:14.049Z] checkResumeConsistency: forgedTimestamps=[]
[2026-08-05T09:45:14.066Z] checkResumeConsistency: no changes detected
[2026-08-05T09:45:14.067Z] LiveUpdateForge: session reset, allowLiveUpdate = false
[2026-08-05T09:45:14.067Z] NudgeForge: ResumeComplete — restoring count from history
[2026-08-05T09:45:14.068Z] restoreNudgeCountFromHistory: found nudge message at idx=2268 count=14
[2026-08-05T09:45:14.339Z] LiveUpdateForge: allowLiveUpdate = true (first real BeforeSend)
[2026-08-05T09:45:14.341Z] InitialReadForge.onBeforeSend: SKIP (fr=false syn=false hasRead=true)
[2026-08-05T09:46:19.393Z] LiveUpdateForge: EndTurn fallback flush
[2026-08-05T09:46:19.394Z] onEndTurn: naturalStop=false toolCalls=14 nudgeMsg=no
[2026-08-05T09:46:19.746Z] LiveUpdateForge: AfterToolExec flush
[2026-08-05T09:46:19.832Z] InitialReadForge.onBeforeSend: SKIP (fr=true syn=false hasRead=true)
[2026-08-05T09:46:34.640Z] LiveUpdateForge: EndTurn fallback flush
[2026-08-05T09:46:34.641Z] onEndTurn: naturalStop=false toolCalls=15 nudgeMsg=no
[2026-08-05T09:46:34.651Z] LiveUpdateForge: AfterToolExec flush
[2026-08-05T09:46:34.743Z] InitialReadForge.onBeforeSend: SKIP (fr=true syn=false hasRead=true)
[2026-08-05T09:46:52.500Z] LiveUpdateForge: EndTurn fallback flush
[2026-08-05T09:46:52.500Z] onEndTurn: naturalStop=false toolCalls=16 nudgeMsg=no
[2026-08-05T09:46:52.846Z] LiveUpdateForge: AfterToolExec flush
[2026-08-05T09:46:52.942Z] InitialReadForge.onBeforeSend: SKIP (fr=true syn=false hasRead=true)
[2026-08-05T09:47:12.879Z] LiveUpdateForge: EndTurn fallback flush
[2026-08-05T09:47:12.880Z] onEndTurn: naturalStop=false toolCalls=17 nudgeMsg=no
[2026-08-05T09:47:12.890Z] LiveUpdateForge: AfterToolExec flush
[2026-08-05T09:47:12.970Z] InitialReadForge.onBeforeSend: SKIP (fr=true syn=false hasRead=true)
[2026-08-05T09:47:32.936Z] LiveUpdateForge: EndTurn fallback flush
[2026-08-05T09:47:32.936Z] onEndTurn: naturalStop=false toolCalls=18 nudgeMsg=no
[2026-08-05T09:47:33.116Z] LiveUpdateForge: AfterToolExec flush
[2026-08-05T09:47:33.194Z] InitialReadForge.onBeforeSend: SKIP (fr=true syn=false hasRead=true)
[2026-08-05T09:48:29.491Z] LiveUpdateForge: EndTurn fallback flush
[2026-08-05T09:48:29.492Z] onEndTurn: naturalStop=false toolCalls=19 nudgeMsg=no
[2026-08-05T09:48:36.891Z] LiveUpdateForge: AfterToolExec flush
[2026-08-05T09:48:36.987Z] InitialReadForge.onBeforeSend: SKIP (fr=true syn=false hasRead=true)
[2026-08-05T09:49:18.288Z] LiveUpdateForge: EndTurn fallback flush
[2026-08-05T09:49:18.289Z] onEndTurn: naturalStop=false toolCalls=20 nudgeMsg=no
[2026-08-05T09:49:18.307Z] LiveUpdateForge: AfterToolExec flush
[2026-08-05T09:49:18.393Z] InitialReadForge.onBeforeSend: SKIP (fr=true syn=false hasRead=true)
[2026-08-05T09:50:09.299Z] LiveUpdateForge: EndTurn fallback flush
[2026-08-05T09:50:09.300Z] onEndTurn: naturalStop=false toolCalls=21 nudgeMsg=no
[2026-08-05T09:50:09.395Z] LiveUpdateForge: AfterToolExec flush
[2026-08-05T09:50:09.472Z] InitialReadForge.onBeforeSend: SKIP (fr=true syn=false hasRead=true)
[2026-08-05T09:50:30.584Z] LiveUpdateForge: EndTurn fallback flush
[2026-08-05T09:50:30.585Z] onEndTurn: naturalStop=false toolCalls=22 nudgeMsg=no
[2026-08-05T09:50:39.864Z] LiveUpdateForge: AfterToolExec flush
[2026-08-05T09:50:39.954Z] InitialReadForge.onBeforeSend: SKIP (fr=true syn=false hasRead=true)
[2026-08-05T09:51:29.088Z] LiveUpdateForge: EndTurn fallback flush
[2026-08-05T09:51:29.088Z] onEndTurn: naturalStop=true toolCalls=23 nudgeMsg=no
[2026-08-05T09:53:47.784Z] ResumeDiffForge: running checkResumeConsistency
[2026-08-05T09:53:47.786Z] checkResumeConsistency: forgedTimestamps=[]
[2026-08-05T09:53:47.802Z] checkResumeConsistency: no changes detected
[2026-08-05T09:53:47.802Z] LiveUpdateForge: session reset, allowLiveUpdate = false
[2026-08-05T09:53:47.803Z] NudgeForge: ResumeComplete — restoring count from history
[2026-08-05T09:53:47.804Z] restoreNudgeCountFromHistory: found nudge message at idx=2268 count=23
[2026-08-05T09:53:48.146Z] LiveUpdateForge: allowLiveUpdate = true (first real BeforeSend)
[2026-08-05T09:53:48.148Z] InitialReadForge.onBeforeSend: SKIP (fr=false syn=false hasRead=true)
[2026-08-05T09:54:10.714Z] LiveUpdateForge: EndTurn fallback flush
[2026-08-05T09:54:10.715Z] onEndTurn: naturalStop=false toolCalls=23 nudgeMsg=no
[2026-08-05T09:54:10.753Z] LiveUpdateForge: AfterToolExec flush
[2026-08-05T09:54:10.839Z] InitialReadForge.onBeforeSend: SKIP (fr=true syn=false hasRead=true)
[2026-08-05T09:54:28.146Z] LiveUpdateForge: EndTurn fallback flush
[2026-08-05T09:54:28.146Z] onEndTurn: naturalStop=false toolCalls=24 nudgeMsg=no
[2026-08-05T09:54:28.159Z] LiveUpdateForge: AfterToolExec flush
[2026-08-05T09:54:28.256Z] InitialReadForge.onBeforeSend: SKIP (fr=true syn=false hasRead=true)
[2026-08-05T09:55:48.350Z] LiveUpdateForge: EndTurn fallback flush
[2026-08-05T09:55:48.351Z] onEndTurn: naturalStop=false toolCalls=25 nudgeMsg=no
[2026-08-05T09:55:48.365Z] LiveUpdateForge: AfterToolExec flush
[2026-08-05T09:55:48.462Z] InitialReadForge.onBeforeSend: SKIP (fr=true syn=false hasRead=true)
[2026-08-05T09:56:37.162Z] LiveUpdateForge: EndTurn fallback flush
[2026-08-05T09:56:37.163Z] onEndTurn: naturalStop=false toolCalls=26 nudgeMsg=no
[2026-08-05T09:56:37.176Z] LiveUpdateForge: AfterToolExec flush
[2026-08-05T09:56:37.255Z] InitialReadForge.onBeforeSend: SKIP (fr=true syn=false hasRead=true)
[2026-08-05T09:57:54.578Z] LiveUpdateForge: EndTurn fallback flush
[2026-08-05T09:57:54.578Z] onEndTurn: naturalStop=false toolCalls=27 nudgeMsg=no
[2026-08-05T09:57:54.591Z] LiveUpdateForge: AfterToolExec flush
[2026-08-05T09:57:54.679Z] InitialReadForge.onBeforeSend: SKIP (fr=true syn=false hasRead=true)
[2026-08-05T09:58:46.876Z] LiveUpdateForge: EndTurn fallback flush
[2026-08-05T09:58:46.877Z] onEndTurn: naturalStop=false toolCalls=28 nudgeMsg=no
[2026-08-05T09:58:47.078Z] LiveUpdateForge: AfterToolExec flush
[2026-08-05T09:58:47.167Z] InitialReadForge.onBeforeSend: SKIP (fr=true syn=false hasRead=true)
[2026-08-05T09:59:36.270Z] LiveUpdateForge: EndTurn fallback flush
[2026-08-05T09:59:36.271Z] onEndTurn: naturalStop=false toolCalls=29 nudgeMsg=no
[2026-08-05T09:59:36.282Z] LiveUpdateForge: AfterToolExec flush
[2026-08-05T09:59:36.369Z] InitialReadForge.onBeforeSend: SKIP (fr=true syn=false hasRead=true)
[2026-08-05T10:00:26.526Z] LiveUpdateForge: EndTurn fallback flush
[2026-08-05T10:00:26.527Z] onEndTurn: naturalStop=false toolCalls=30 nudgeMsg=no
[2026-08-05T10:00:26.617Z] LiveUpdateForge: AfterToolExec flush
[2026-08-05T10:00:26.711Z] InitialReadForge.onBeforeSend: SKIP (fr=true syn=false hasRead=true)
[2026-08-05T10:01:13.303Z] LiveUpdateForge: EndTurn fallback flush
[2026-08-05T10:01:13.304Z] onEndTurn: naturalStop=false toolCalls=31 nudgeMsg=no
[2026-08-05T10:01:22.978Z] LiveUpdateForge: AfterToolExec flush
[2026-08-05T10:01:23.087Z] InitialReadForge.onBeforeSend: SKIP (fr=true syn=false hasRead=true)
[2026-08-05T10:01:58.574Z] LiveUpdateForge: EndTurn fallback flush
[2026-08-05T10:01:58.574Z] onEndTurn: naturalStop=true toolCalls=32 nudgeMsg=no
[2026-08-05T10:02:03.697Z] ResumeDiffForge: running checkResumeConsistency
[2026-08-05T10:02:03.699Z] checkResumeConsistency: forgedTimestamps=[]
[2026-08-05T10:02:03.719Z] checkResumeConsistency: no changes detected
[2026-08-05T10:02:03.720Z] LiveUpdateForge: session reset, allowLiveUpdate = false
[2026-08-05T10:02:03.720Z] NudgeForge: ResumeComplete — restoring count from history
[2026-08-05T10:02:03.721Z] restoreNudgeCountFromHistory: found nudge message at idx=2268 count=32
[2026-08-05T10:02:04.008Z] LiveUpdateForge: allowLiveUpdate = true (first real BeforeSend)
[2026-08-05T10:02:04.010Z] InitialReadForge.onBeforeSend: SKIP (fr=false syn=false hasRead=true)
[2026-08-05T10:02:25.779Z] LiveUpdateForge: EndTurn fallback flush
[2026-08-05T10:02:25.779Z] onEndTurn: naturalStop=false toolCalls=32 nudgeMsg=no
[2026-08-05T10:02:58.675Z] LiveUpdateForge: AfterToolExec flush
[2026-08-05T10:02:58.757Z] InitialReadForge.onBeforeSend: SKIP (fr=true syn=false hasRead=true)
[2026-08-05T10:03:46.499Z] LiveUpdateForge: EndTurn fallback flush
[2026-08-05T10:03:46.500Z] onEndTurn: naturalStop=false toolCalls=33 nudgeMsg=no
[2026-08-05T10:03:46.513Z] LiveUpdateForge: AfterToolExec flush
[2026-08-05T10:03:46.592Z] InitialReadForge.onBeforeSend: SKIP (fr=true syn=false hasRead=true)
[2026-08-05T10:04:55.768Z] LiveUpdateForge: EndTurn fallback flush
[2026-08-05T10:04:55.768Z] onEndTurn: naturalStop=false toolCalls=34 nudgeMsg=no
[2026-08-05T10:04:55.783Z] LiveUpdateForge: AfterToolExec flush
[2026-08-05T10:04:55.858Z] InitialReadForge.onBeforeSend: SKIP (fr=true syn=false hasRead=true)
[2026-08-05T10:05:49.334Z] LiveUpdateForge: EndTurn fallback flush
[2026-08-05T10:05:49.334Z] onEndTurn: naturalStop=false toolCalls=35 nudgeMsg=no
[2026-08-05T10:05:49.558Z] LiveUpdateForge: AfterToolExec flush
[2026-08-05T10:05:49.655Z] InitialReadForge.onBeforeSend: SKIP (fr=true syn=false hasRead=true)
[2026-08-05T10:07:14.090Z] LiveUpdateForge: EndTurn fallback flush
[2026-08-05T10:07:14.091Z] onEndTurn: naturalStop=false toolCalls=36 nudgeMsg=no
[2026-08-05T10:07:14.429Z] LiveUpdateForge: AfterToolExec flush
[2026-08-05T10:07:14.540Z] InitialReadForge.onBeforeSend: SKIP (fr=true syn=false hasRead=true)
[2026-08-05T10:07:32.318Z] LiveUpdateForge: EndTurn fallback flush
[2026-08-05T10:07:32.319Z] onEndTurn: naturalStop=false toolCalls=37 nudgeMsg=no
[2026-08-05T10:07:32.338Z] LiveUpdateForge: AfterToolExec flush
[2026-08-05T10:07:32.433Z] InitialReadForge.onBeforeSend: SKIP (fr=true syn=false hasRead=true)
[2026-08-05T10:07:37.043Z] LiveUpdateForge: EndTurn fallback flush
[2026-08-05T10:07:37.044Z] onEndTurn: naturalStop=false toolCalls=38 nudgeMsg=no
[2026-08-05T10:07:37.195Z] LiveUpdateForge: AfterToolExec flush
[2026-08-05T10:07:37.295Z] InitialReadForge.onBeforeSend: SKIP (fr=true syn=false hasRead=true)
[2026-08-05T10:07:59.266Z] LiveUpdateForge: EndTurn fallback flush
[2026-08-05T10:07:59.266Z] onEndTurn: naturalStop=false toolCalls=39 nudgeMsg=no
[2026-08-05T10:08:10.624Z] LiveUpdateForge: AfterToolExec flush
[2026-08-05T10:08:10.743Z] InitialReadForge.onBeforeSend: SKIP (fr=true syn=false hasRead=true)
[2026-08-05T10:08:21.120Z] LiveUpdateForge: EndTurn fallback flush
[2026-08-05T10:08:21.120Z] onEndTurn: naturalStop=true toolCalls=40 nudgeMsg=no
[2026-08-05T10:11:11.868Z] ResumeDiffForge: running checkResumeConsistency
[2026-08-05T10:11:11.869Z] checkResumeConsistency: forgedTimestamps=[]
[2026-08-05T10:11:11.886Z] checkResumeConsistency: no changes detected
[2026-08-05T10:11:11.887Z] LiveUpdateForge: session reset, allowLiveUpdate = false
[2026-08-05T10:11:11.887Z] NudgeForge: ResumeComplete — restoring count from history
[2026-08-05T10:11:11.888Z] restoreNudgeCountFromHistory: found nudge message at idx=2268 count=40
[2026-08-05T10:11:12.177Z] LiveUpdateForge: allowLiveUpdate = true (first real BeforeSend)
[2026-08-05T10:11:12.179Z] InitialReadForge.onBeforeSend: SKIP (fr=false syn=false hasRead=true)
[2026-08-05T10:11:29.533Z] LiveUpdateForge: EndTurn fallback flush
[2026-08-05T10:11:29.533Z] onEndTurn: naturalStop=false toolCalls=40 nudgeMsg=no
[2026-08-05T10:11:29.567Z] LiveUpdateForge: AfterToolExec flush
[2026-08-05T10:11:29.638Z] InitialReadForge.onBeforeSend: SKIP (fr=true syn=false hasRead=true)
[2026-08-05T10:11:49.541Z] LiveUpdateForge: EndTurn fallback flush
[2026-08-05T10:11:49.542Z] onEndTurn: naturalStop=false toolCalls=41 nudgeMsg=no
[2026-08-05T10:11:49.558Z] LiveUpdateForge: AfterToolExec flush
[2026-08-05T10:11:49.633Z] InitialReadForge.onBeforeSend: SKIP (fr=true syn=false hasRead=true)
[2026-08-05T10:12:09.064Z] LiveUpdateForge: EndTurn fallback flush
[2026-08-05T10:12:09.065Z] onEndTurn: naturalStop=false toolCalls=42 nudgeMsg=no
[2026-08-05T10:12:09.072Z] LiveUpdateForge: AfterToolExec flush
[2026-08-05T10:12:09.153Z] InitialReadForge.onBeforeSend: SKIP (fr=true syn=false hasRead=true)
[2026-08-05T10:12:26.056Z] LiveUpdateForge: EndTurn fallback flush
[2026-08-05T10:12:26.056Z] onEndTurn: naturalStop=false toolCalls=43 nudgeMsg=no
[2026-08-05T10:12:26.200Z] LiveUpdateForge: AfterToolExec flush
[2026-08-05T10:12:26.277Z] InitialReadForge.onBeforeSend: SKIP (fr=true syn=false hasRead=true)
[2026-08-05T10:12:50.821Z] LiveUpdateForge: EndTurn fallback flush
[2026-08-05T10:12:50.822Z] onEndTurn: naturalStop=false toolCalls=44 nudgeMsg=no
[2026-08-05T10:12:50.987Z] LiveUpdateForge: AfterToolExec flush
[2026-08-05T10:12:51.068Z] InitialReadForge.onBeforeSend: SKIP (fr=true syn=false hasRead=true)
[2026-08-05T10:13:15.240Z] LiveUpdateForge: EndTurn fallback flush
[2026-08-05T10:13:15.240Z] onEndTurn: naturalStop=false toolCalls=45 nudgeMsg=no
[2026-08-05T10:13:15.547Z] LiveUpdateForge: AfterToolExec flush
[2026-08-05T10:13:15.623Z] InitialReadForge.onBeforeSend: SKIP (fr=true syn=false hasRead=true)
[2026-08-05T10:13:38.586Z] LiveUpdateForge: EndTurn fallback flush
[2026-08-05T10:13:38.586Z] onEndTurn: naturalStop=false toolCalls=46 nudgeMsg=no
[2026-08-05T10:13:38.674Z] LiveUpdateForge: AfterToolExec flush
[2026-08-05T10:13:38.757Z] InitialReadForge.onBeforeSend: SKIP (fr=true syn=false hasRead=true)
[2026-08-05T10:14:08.575Z] LiveUpdateForge: EndTurn fallback flush
[2026-08-05T10:14:08.602Z] onEndTurn: naturalStop=false toolCalls=47 nudgeMsg=no
[2026-08-05T10:14:17.447Z] LiveUpdateForge: AfterToolExec flush
[2026-08-05T10:14:17.596Z] InitialReadForge.onBeforeSend: SKIP (fr=true syn=false hasRead=true)
[2026-08-05T10:14:30.921Z] LiveUpdateForge: EndTurn fallback flush
[2026-08-05T10:14:30.922Z] onEndTurn: naturalStop=false toolCalls=48 nudgeMsg=no
[2026-08-05T10:14:31.000Z] LiveUpdateForge: AfterToolExec flush
[2026-08-05T10:14:31.089Z] InitialReadForge.onBeforeSend: SKIP (fr=true syn=false hasRead=true)
[2026-08-05T10:14:48.958Z] LiveUpdateForge: EndTurn fallback flush
[2026-08-05T10:14:48.958Z] onEndTurn: naturalStop=false toolCalls=49 nudgeMsg=no
[2026-08-05T10:14:49.250Z] LiveUpdateForge: AfterToolExec flush
[2026-08-05T10:14:49.326Z] InitialReadForge.onBeforeSend: SKIP (fr=true syn=false hasRead=true)
[2026-08-05T10:15:16.733Z] LiveUpdateForge: EndTurn fallback flush
[2026-08-05T10:15:16.733Z] onEndTurn: naturalStop=false toolCalls=50 nudgeMsg=no
[2026-08-05T10:15:16.835Z] LiveUpdateForge: AfterToolExec flush
[2026-08-05T10:15:16.933Z] InitialReadForge.onBeforeSend: SKIP (fr=true syn=false hasRead=true)
[2026-08-05T10:16:11.987Z] LiveUpdateForge: EndTurn fallback flush
[2026-08-05T10:16:11.987Z] onEndTurn: naturalStop=false toolCalls=51 nudgeMsg=no
[2026-08-05T10:16:12.087Z] LiveUpdateForge: AfterToolExec flush
[2026-08-05T10:16:12.154Z] LiveUpdateForge: AfterToolExec flush
[2026-08-05T10:16:12.205Z] LiveUpdateForge: AfterToolExec flush
[2026-08-05T10:16:12.263Z] LiveUpdateForge: AfterToolExec flush
[2026-08-05T10:16:12.460Z] InitialReadForge.onBeforeSend: SKIP (fr=true syn=false hasRead=true)
[2026-08-05T10:16:39.561Z] LiveUpdateForge: EndTurn fallback flush
[2026-08-05T10:16:39.561Z] onEndTurn: naturalStop=false toolCalls=55 nudgeMsg=no
[2026-08-05T10:16:46.807Z] LiveUpdateForge: AfterToolExec flush
[2026-08-05T10:16:46.905Z] InitialReadForge.onBeforeSend: SKIP (fr=true syn=false hasRead=true)
[2026-08-05T10:17:33.825Z] LiveUpdateForge: EndTurn fallback flush
[2026-08-05T10:17:33.825Z] onEndTurn: naturalStop=true toolCalls=0 nudgeMsg=YES
[2026-08-05T10:17:33.836Z] InitialReadForge.onBeforeSend: SKIP (fr=false syn=false hasRead=true)
[2026-08-05T10:18:02.191Z] LiveUpdateForge: EndTurn fallback flush
[2026-08-05T10:18:02.191Z] onEndTurn: naturalStop=false toolCalls=0 nudgeMsg=no
[2026-08-05T10:18:02.248Z] LiveUpdateForge: self-write on D:\unity\demo\CODELY.md, baseline aligned
[2026-08-05T10:18:02.249Z] LiveUpdateForge: AfterToolExec flush
[2026-08-05T10:18:02.359Z] InitialReadForge.onBeforeSend: SKIP (fr=true syn=false hasRead=true)
[2026-08-05T10:18:02.931Z] LiveUpdateForge: pending external change on D:\unity\demo\CODELY.md
[2026-08-05T10:18:08.018Z] LiveUpdateForge: EndTurn fallback flush
[2026-08-05T10:18:08.018Z] onEndTurn: naturalStop=true toolCalls=0 nudgeMsg=no
[2026-08-05T10:18:35.226Z] ResumeDiffForge: running checkResumeConsistency
[2026-08-05T10:18:35.228Z] checkResumeConsistency: forgedTimestamps=[]
[2026-08-05T10:18:35.250Z] checkResumeConsistency: no changes detected
[2026-08-05T10:18:35.251Z] LiveUpdateForge: session reset, allowLiveUpdate = false
[2026-08-05T10:18:35.251Z] NudgeForge: ResumeComplete — restoring count from history
[2026-08-05T10:18:35.252Z] restoreNudgeCountFromHistory: found last write at idx=2391 count=0
[2026-08-05T10:18:35.588Z] LiveUpdateForge: allowLiveUpdate = true (first real BeforeSend)
[2026-08-05T10:18:35.591Z] InitialReadForge.onBeforeSend: SKIP (fr=false syn=false hasRead=true)
[2026-08-05T10:18:50.674Z] LiveUpdateForge: EndTurn fallback flush
[2026-08-05T10:18:50.675Z] onEndTurn: naturalStop=false toolCalls=0 nudgeMsg=no
[2026-08-05T10:18:50.936Z] LiveUpdateForge: AfterToolExec flush
[2026-08-05T10:18:51.021Z] InitialReadForge.onBeforeSend: SKIP (fr=true syn=false hasRead=true)
[2026-08-05T10:19:10.584Z] LiveUpdateForge: EndTurn fallback flush
[2026-08-05T10:19:10.585Z] onEndTurn: naturalStop=false toolCalls=1 nudgeMsg=no
[2026-08-05T10:19:10.640Z] LiveUpdateForge: AfterToolExec flush
[2026-08-05T10:19:10.714Z] InitialReadForge.onBeforeSend: SKIP (fr=true syn=false hasRead=true)
[2026-08-05T10:19:25.943Z] LiveUpdateForge: EndTurn fallback flush
[2026-08-05T10:19:25.944Z] onEndTurn: naturalStop=false toolCalls=2 nudgeMsg=no
[2026-08-05T10:19:26.075Z] LiveUpdateForge: AfterToolExec flush
[2026-08-05T10:19:26.156Z] InitialReadForge.onBeforeSend: SKIP (fr=true syn=false hasRead=true)
[2026-08-05T10:20:30.639Z] LiveUpdateForge: EndTurn fallback flush
[2026-08-05T10:20:30.639Z] onEndTurn: naturalStop=false toolCalls=3 nudgeMsg=no
[2026-08-05T10:20:30.652Z] LiveUpdateForge: AfterToolExec flush
[2026-08-05T10:20:30.736Z] InitialReadForge.onBeforeSend: SKIP (fr=true syn=false hasRead=true)
[2026-08-05T10:20:56.775Z] LiveUpdateForge: EndTurn fallback flush
[2026-08-05T10:20:56.775Z] onEndTurn: naturalStop=false toolCalls=4 nudgeMsg=no
[2026-08-05T10:20:56.975Z] LiveUpdateForge: AfterToolExec flush
[2026-08-05T10:20:57.059Z] InitialReadForge.onBeforeSend: SKIP (fr=true syn=false hasRead=true)
[2026-08-05T10:21:47.352Z] LiveUpdateForge: EndTurn fallback flush
[2026-08-05T10:21:47.352Z] onEndTurn: naturalStop=false toolCalls=5 nudgeMsg=no
[2026-08-05T10:21:47.471Z] LiveUpdateForge: AfterToolExec flush
[2026-08-05T10:21:47.558Z] InitialReadForge.onBeforeSend: SKIP (fr=true syn=false hasRead=true)
[2026-08-05T10:22:03.156Z] LiveUpdateForge: EndTurn fallback flush
[2026-08-05T10:22:03.157Z] onEndTurn: naturalStop=true toolCalls=6 nudgeMsg=no
[2026-08-05T10:23:23.426Z] ResumeDiffForge: running checkResumeConsistency
[2026-08-05T10:23:23.427Z] checkResumeConsistency: forgedTimestamps=[]
[2026-08-05T10:23:23.449Z] checkResumeConsistency: no changes detected
[2026-08-05T10:23:23.450Z] LiveUpdateForge: session reset, allowLiveUpdate = false
[2026-08-05T10:23:23.451Z] NudgeForge: ResumeComplete — restoring count from history
[2026-08-05T10:23:23.453Z] restoreNudgeCountFromHistory: found last write at idx=2391 count=6
[2026-08-05T10:23:23.841Z] LiveUpdateForge: allowLiveUpdate = true (first real BeforeSend)
[2026-08-05T10:23:23.842Z] InitialReadForge.onBeforeSend: SKIP (fr=false syn=false hasRead=true)
[2026-08-05T10:23:59.905Z] LiveUpdateForge: EndTurn fallback flush
[2026-08-05T10:23:59.906Z] onEndTurn: naturalStop=false toolCalls=6 nudgeMsg=no
[2026-08-05T10:23:59.940Z] LiveUpdateForge: AfterToolExec flush
[2026-08-05T10:24:00.020Z] InitialReadForge.onBeforeSend: SKIP (fr=true syn=false hasRead=true)
[2026-08-05T10:24:05.661Z] LiveUpdateForge: EndTurn fallback flush
[2026-08-05T10:24:05.661Z] onEndTurn: naturalStop=false toolCalls=7 nudgeMsg=no
[2026-08-05T10:24:05.674Z] LiveUpdateForge: AfterToolExec flush
[2026-08-05T10:24:05.750Z] InitialReadForge.onBeforeSend: SKIP (fr=true syn=false hasRead=true)
[2026-08-05T10:25:11.492Z] LiveUpdateForge: EndTurn fallback flush
[2026-08-05T10:25:11.492Z] onEndTurn: naturalStop=false toolCalls=8 nudgeMsg=no
[2026-08-05T10:25:11.710Z] LiveUpdateForge: AfterToolExec flush
[2026-08-05T10:25:11.795Z] InitialReadForge.onBeforeSend: SKIP (fr=true syn=false hasRead=true)
[2026-08-05T10:25:22.623Z] LiveUpdateForge: EndTurn fallback flush
[2026-08-05T10:25:22.623Z] onEndTurn: naturalStop=false toolCalls=9 nudgeMsg=no
[2026-08-05T10:25:22.638Z] LiveUpdateForge: AfterToolExec flush
[2026-08-05T10:25:22.735Z] InitialReadForge.onBeforeSend: SKIP (fr=true syn=false hasRead=true)
[2026-08-05T10:25:42.026Z] LiveUpdateForge: EndTurn fallback flush
[2026-08-05T10:25:42.026Z] onEndTurn: naturalStop=false toolCalls=10 nudgeMsg=no
[2026-08-05T10:25:42.128Z] LiveUpdateForge: AfterToolExec flush
[2026-08-05T10:25:42.211Z] InitialReadForge.onBeforeSend: SKIP (fr=true syn=false hasRead=true)
[2026-08-05T10:26:47.241Z] LiveUpdateForge: EndTurn fallback flush
[2026-08-05T10:26:47.241Z] onEndTurn: naturalStop=false toolCalls=11 nudgeMsg=no
[2026-08-05T10:26:59.501Z] LiveUpdateForge: AfterToolExec flush
[2026-08-05T10:26:59.602Z] InitialReadForge.onBeforeSend: SKIP (fr=true syn=false hasRead=true)
[2026-08-05T10:27:18.904Z] LiveUpdateForge: EndTurn fallback flush
[2026-08-05T10:27:18.905Z] onEndTurn: naturalStop=true toolCalls=12 nudgeMsg=no
[2026-08-05T10:28:34.686Z] ResumeDiffForge: running checkResumeConsistency
[2026-08-05T10:28:34.687Z] checkResumeConsistency: forgedTimestamps=[]
[2026-08-05T10:28:34.707Z] checkResumeConsistency: no changes detected
[2026-08-05T10:28:34.708Z] LiveUpdateForge: session reset, allowLiveUpdate = false
[2026-08-05T10:28:34.708Z] NudgeForge: ResumeComplete — restoring count from history
[2026-08-05T10:28:34.709Z] restoreNudgeCountFromHistory: found last write at idx=2391 count=12
[2026-08-05T10:28:35.101Z] LiveUpdateForge: allowLiveUpdate = true (first real BeforeSend)
[2026-08-05T10:28:35.104Z] InitialReadForge.onBeforeSend: SKIP (fr=false syn=false hasRead=true)
[2026-08-05T10:30:38.681Z] ResumeDiffForge: running checkResumeConsistency
[2026-08-05T10:30:38.683Z] checkResumeConsistency: forgedTimestamps=[]
[2026-08-05T10:30:38.701Z] checkResumeConsistency: no changes detected
[2026-08-05T10:30:38.701Z] LiveUpdateForge: session reset, allowLiveUpdate = false
[2026-08-05T10:30:38.702Z] NudgeForge: ResumeComplete — restoring count from history
[2026-08-05T10:30:38.703Z] restoreNudgeCountFromHistory: found last write at idx=2391 count=12
[2026-08-05T10:30:38.978Z] LiveUpdateForge: allowLiveUpdate = true (first real BeforeSend)
[2026-08-05T10:30:38.980Z] InitialReadForge.onBeforeSend: SKIP (fr=false syn=false hasRead=true)
[2026-08-05T10:31:04.186Z] LiveUpdateForge: EndTurn fallback flush
[2026-08-05T10:31:04.187Z] onEndTurn: naturalStop=false toolCalls=12 nudgeMsg=no
[2026-08-05T10:31:04.219Z] LiveUpdateForge: AfterToolExec flush
[2026-08-05T10:31:04.301Z] InitialReadForge.onBeforeSend: SKIP (fr=true syn=false hasRead=true)
[2026-08-05T10:31:39.423Z] LiveUpdateForge: EndTurn fallback flush
[2026-08-05T10:31:39.423Z] onEndTurn: naturalStop=false toolCalls=13 nudgeMsg=no
[2026-08-05T10:31:39.438Z] LiveUpdateForge: AfterToolExec flush
[2026-08-05T10:31:39.531Z] InitialReadForge.onBeforeSend: SKIP (fr=true syn=false hasRead=true)
[2026-08-05T10:32:50.750Z] LiveUpdateForge: EndTurn fallback flush
[2026-08-05T10:32:50.750Z] onEndTurn: naturalStop=false toolCalls=14 nudgeMsg=no
[2026-08-05T10:32:50.763Z] LiveUpdateForge: AfterToolExec flush
[2026-08-05T10:32:50.847Z] InitialReadForge.onBeforeSend: SKIP (fr=true syn=false hasRead=true)
[2026-08-05T10:33:49.080Z] LiveUpdateForge: EndTurn fallback flush
[2026-08-05T10:33:49.081Z] onEndTurn: naturalStop=false toolCalls=15 nudgeMsg=no
[2026-08-05T10:33:49.095Z] LiveUpdateForge: AfterToolExec flush
[2026-08-05T10:33:49.178Z] InitialReadForge.onBeforeSend: SKIP (fr=true syn=false hasRead=true)
[2026-08-05T10:34:07.122Z] LiveUpdateForge: EndTurn fallback flush
[2026-08-05T10:34:07.123Z] onEndTurn: naturalStop=false toolCalls=16 nudgeMsg=no
[2026-08-05T10:34:07.131Z] LiveUpdateForge: AfterToolExec flush
[2026-08-05T10:34:07.222Z] InitialReadForge.onBeforeSend: SKIP (fr=true syn=false hasRead=true)
[2026-08-05T10:53:40.787Z] LiveUpdateForge: EndTurn fallback flush
[2026-08-05T10:53:40.787Z] onEndTurn: naturalStop=false toolCalls=17 nudgeMsg=no
[2026-08-05T10:53:40.886Z] InitialReadForge.onBeforeSend: SKIP (fr=true syn=false hasRead=true)
[2026-08-05T10:54:59.047Z] LiveUpdateForge: EndTurn fallback flush
[2026-08-05T10:54:59.048Z] onEndTurn: naturalStop=false toolCalls=17 nudgeMsg=no
[2026-08-05T10:54:59.066Z] LiveUpdateForge: AfterToolExec flush
[2026-08-05T10:54:59.160Z] InitialReadForge.onBeforeSend: SKIP (fr=true syn=false hasRead=true)
[2026-08-05T10:55:04.694Z] LiveUpdateForge: EndTurn fallback flush
[2026-08-05T10:55:04.694Z] onEndTurn: naturalStop=false toolCalls=18 nudgeMsg=no
[2026-08-05T10:55:04.975Z] LiveUpdateForge: AfterToolExec flush
[2026-08-05T10:55:05.058Z] InitialReadForge.onBeforeSend: SKIP (fr=true syn=false hasRead=true)
[2026-08-05T10:55:09.016Z] LiveUpdateForge: EndTurn fallback flush
[2026-08-05T10:55:09.017Z] onEndTurn: naturalStop=false toolCalls=19 nudgeMsg=no
[2026-08-05T10:55:09.304Z] LiveUpdateForge: AfterToolExec flush
[2026-08-05T10:55:09.387Z] InitialReadForge.onBeforeSend: SKIP (fr=true syn=false hasRead=true)
[2026-08-05T10:55:14.468Z] LiveUpdateForge: EndTurn fallback flush
[2026-08-05T10:55:14.468Z] onEndTurn: naturalStop=false toolCalls=20 nudgeMsg=no
[2026-08-05T10:55:14.481Z] LiveUpdateForge: AfterToolExec flush
[2026-08-05T10:55:14.564Z] InitialReadForge.onBeforeSend: SKIP (fr=true syn=false hasRead=true)
[2026-08-05T10:55:19.059Z] LiveUpdateForge: EndTurn fallback flush
[2026-08-05T10:55:19.059Z] onEndTurn: naturalStop=false toolCalls=21 nudgeMsg=no
[2026-08-05T10:55:19.066Z] LiveUpdateForge: AfterToolExec flush
[2026-08-05T10:55:19.171Z] InitialReadForge.onBeforeSend: SKIP (fr=true syn=false hasRead=true)
[2026-08-05T10:55:23.251Z] LiveUpdateForge: EndTurn fallback flush
[2026-08-05T10:55:23.251Z] onEndTurn: naturalStop=false toolCalls=22 nudgeMsg=no
[2026-08-05T10:55:23.265Z] LiveUpdateForge: AfterToolExec flush
[2026-08-05T10:55:23.353Z] InitialReadForge.onBeforeSend: SKIP (fr=true syn=false hasRead=true)
[2026-08-05T10:55:27.425Z] LiveUpdateForge: EndTurn fallback flush
[2026-08-05T10:55:27.426Z] onEndTurn: naturalStop=false toolCalls=23 nudgeMsg=no
[2026-08-05T10:55:27.439Z] LiveUpdateForge: AfterToolExec flush
[2026-08-05T10:55:27.524Z] InitialReadForge.onBeforeSend: SKIP (fr=true syn=false hasRead=true)
[2026-08-05T10:55:32.114Z] LiveUpdateForge: EndTurn fallback flush
[2026-08-05T10:55:32.114Z] onEndTurn: naturalStop=false toolCalls=24 nudgeMsg=no
[2026-08-05T10:55:32.327Z] LiveUpdateForge: AfterToolExec flush
[2026-08-05T10:55:32.409Z] InitialReadForge.onBeforeSend: SKIP (fr=true syn=false hasRead=true)
[2026-08-05T10:55:39.775Z] LiveUpdateForge: EndTurn fallback flush
[2026-08-05T10:55:39.775Z] onEndTurn: naturalStop=false toolCalls=25 nudgeMsg=no
[2026-08-05T10:55:40.035Z] LiveUpdateForge: AfterToolExec flush
[2026-08-05T10:55:40.136Z] InitialReadForge.onBeforeSend: SKIP (fr=true syn=false hasRead=true)
[2026-08-05T10:55:44.289Z] LiveUpdateForge: EndTurn fallback flush
[2026-08-05T10:55:44.289Z] onEndTurn: naturalStop=false toolCalls=26 nudgeMsg=no
[2026-08-05T10:55:44.310Z] LiveUpdateForge: AfterToolExec flush
[2026-08-05T10:55:44.413Z] InitialReadForge.onBeforeSend: SKIP (fr=true syn=false hasRead=true)
[2026-08-05T10:55:55.323Z] LiveUpdateForge: EndTurn fallback flush
[2026-08-05T10:55:55.323Z] onEndTurn: naturalStop=false toolCalls=27 nudgeMsg=no
[2026-08-05T10:55:55.333Z] LiveUpdateForge: AfterToolExec flush
[2026-08-05T10:55:55.454Z] InitialReadForge.onBeforeSend: SKIP (fr=true syn=false hasRead=true)
[2026-08-05T10:56:00.166Z] LiveUpdateForge: EndTurn fallback flush
[2026-08-05T10:56:00.167Z] onEndTurn: naturalStop=false toolCalls=28 nudgeMsg=no
[2026-08-05T10:56:00.180Z] LiveUpdateForge: AfterToolExec flush
[2026-08-05T10:56:00.294Z] InitialReadForge.onBeforeSend: SKIP (fr=true syn=false hasRead=true)
[2026-08-05T10:56:08.725Z] LiveUpdateForge: EndTurn fallback flush
[2026-08-05T10:56:08.726Z] onEndTurn: naturalStop=false toolCalls=29 nudgeMsg=no
[2026-08-05T10:56:08.738Z] LiveUpdateForge: AfterToolExec flush
[2026-08-05T10:56:08.845Z] InitialReadForge.onBeforeSend: SKIP (fr=true syn=false hasRead=true)
[2026-08-05T10:56:18.958Z] LiveUpdateForge: EndTurn fallback flush
[2026-08-05T10:56:18.959Z] onEndTurn: naturalStop=false toolCalls=30 nudgeMsg=no
[2026-08-05T10:56:18.973Z] LiveUpdateForge: AfterToolExec flush
[2026-08-05T10:56:19.058Z] InitialReadForge.onBeforeSend: SKIP (fr=true syn=false hasRead=true)
[2026-08-05T10:56:30.415Z] LiveUpdateForge: EndTurn fallback flush
[2026-08-05T10:56:30.415Z] onEndTurn: naturalStop=false toolCalls=31 nudgeMsg=no
[2026-08-05T10:56:30.422Z] LiveUpdateForge: AfterToolExec flush
[2026-08-05T10:56:30.541Z] InitialReadForge.onBeforeSend: SKIP (fr=true syn=false hasRead=true)
[2026-08-05T10:56:35.720Z] LiveUpdateForge: EndTurn fallback flush
[2026-08-05T10:56:35.720Z] onEndTurn: naturalStop=false toolCalls=32 nudgeMsg=no
[2026-08-05T10:56:35.825Z] LiveUpdateForge: AfterToolExec flush
[2026-08-05T10:56:35.951Z] InitialReadForge.onBeforeSend: SKIP (fr=true syn=false hasRead=true)
[2026-08-05T10:56:43.112Z] LiveUpdateForge: EndTurn fallback flush
[2026-08-05T10:56:43.113Z] onEndTurn: naturalStop=false toolCalls=33 nudgeMsg=no
[2026-08-05T10:56:54.996Z] LiveUpdateForge: AfterToolExec flush
[2026-08-05T10:56:55.111Z] InitialReadForge.onBeforeSend: SKIP (fr=true syn=false hasRead=true)
[2026-08-05T10:57:04.823Z] LiveUpdateForge: EndTurn fallback flush
[2026-08-05T10:57:04.824Z] onEndTurn: naturalStop=true toolCalls=34 nudgeMsg=no
