[2026-07-28T00:40:58.070Z] MemoryForge: attached 5 listener(s)
[2026-07-28T00:40:58.072Z] InitialReadForge: armed one-shot BeforeSend after NewSessionStart
[2026-07-28T00:40:58.072Z] LiveUpdateForge: session reset, allowLiveUpdate = false
[2026-07-28T00:43:47.661Z] LiveUpdateForge: session reset, allowLiveUpdate = false
[2026-07-28T00:43:47.735Z] ResumeDiffForge: running checkResumeConsistency
[2026-07-28T00:43:47.738Z] checkResumeConsistency: forgedTimestamps=[["project","1970-01-01T00:00:00.000Z"]]
[2026-07-28T00:43:47.966Z] checkResumeConsistency: injecting 1 diff notification(s)
[2026-07-28T00:43:47.968Z] injectForgedHistory: role=user preview="[agent-auto] [memory-update 2026-07-27 17:41:59] project memory file has been mo"
[2026-07-28T00:43:47.969Z] injectForgedHistory: recordMessage persisted
[2026-07-28T00:43:47.970Z] LiveUpdateForge: session reset, allowLiveUpdate = false
[2026-07-28T00:43:47.971Z] NudgeForge: ResumeComplete — restoring count from history
[2026-07-28T00:43:47.973Z] restoreNudgeCountFromHistory: found last write at idx=472 count=44
[2026-07-28T00:43:55.611Z] ResumeDiffForge: running checkResumeConsistency
[2026-07-28T00:43:55.613Z] checkResumeConsistency: forgedTimestamps=[["project","1970-01-01T00:00:00.000Z"]]
[2026-07-28T00:43:55.631Z] checkResumeConsistency: injecting 1 diff notification(s)
[2026-07-28T00:43:55.632Z] injectForgedHistory: role=user preview="[agent-auto] [memory-update 2026-07-27 17:41:59] project memory file has been mo"
[2026-07-28T00:43:55.669Z] injectForgedHistory: recordMessage persisted
[2026-07-28T00:43:55.671Z] LiveUpdateForge: session reset, allowLiveUpdate = false
[2026-07-28T00:43:55.672Z] NudgeForge: ResumeComplete — restoring count from history
[2026-07-28T00:43:55.674Z] restoreNudgeCountFromHistory: found last write at idx=472 count=44
[2026-07-28T00:43:55.942Z] ResumeDiffForge: running checkResumeConsistency
[2026-07-28T00:43:55.943Z] checkResumeConsistency: forgedTimestamps=[["project","1970-01-01T00:00:00.000Z"]]
[2026-07-28T00:43:55.967Z] checkResumeConsistency: injecting 1 diff notification(s)
[2026-07-28T00:43:55.968Z] injectForgedHistory: role=user preview="[agent-auto] [memory-update 2026-07-27 17:41:59] project memory file has been mo"
[2026-07-28T00:43:56.001Z] injectForgedHistory: recordMessage persisted
[2026-07-28T00:43:56.002Z] LiveUpdateForge: session reset, allowLiveUpdate = false
[2026-07-28T00:43:56.003Z] NudgeForge: ResumeComplete — restoring count from history
[2026-07-28T00:43:56.004Z] restoreNudgeCountFromHistory: found last write at idx=472 count=44
[2026-07-28T00:43:56.178Z] MemoryForge: attached 5 listener(s)
[2026-07-28T00:43:56.179Z] InitialReadForge: armed one-shot BeforeSend after NewSessionStart
[2026-07-28T00:43:56.180Z] LiveUpdateForge: session reset, allowLiveUpdate = false
[2026-07-28T00:43:56.197Z] MemoryForge: detached all listeners
[2026-07-28T00:43:56.198Z] ResumeDiffForge: running checkResumeConsistency
[2026-07-28T00:43:56.199Z] checkResumeConsistency: forgedTimestamps=[["project","1970-01-01T00:00:00.000Z"]]
[2026-07-28T00:43:56.259Z] checkResumeConsistency: injecting 1 diff notification(s)
[2026-07-28T00:43:56.260Z] injectForgedHistory: role=user preview="[agent-auto] [memory-update 2026-07-27 17:41:59] project memory file has been mo"
[2026-07-28T00:43:56.292Z] injectForgedHistory: recordMessage persisted
[2026-07-28T00:43:56.292Z] LiveUpdateForge: session reset, allowLiveUpdate = false
[2026-07-28T00:43:56.293Z] NudgeForge: ResumeComplete — restoring count from history
[2026-07-28T00:43:56.294Z] restoreNudgeCountFromHistory: found last write at idx=472 count=44
[2026-07-28T00:43:56.337Z] LiveUpdateForge: allowLiveUpdate = true (first real BeforeSend)
[2026-07-28T00:43:56.340Z] InitialReadForge.onBeforeSend: SKIP (fr=false syn=false hasRead=true)
[2026-07-28T00:44:12.278Z] LiveUpdateForge: EndTurn fallback flush
[2026-07-28T00:44:12.279Z] onEndTurn: naturalStop=false toolCalls=44 nudgeMsg=no
[2026-07-28T00:44:13.201Z] LiveUpdateForge: AfterToolExec flush
[2026-07-28T00:44:13.247Z] InitialReadForge.onBeforeSend: SKIP (fr=true syn=false hasRead=true)
[2026-07-28T00:44:16.997Z] LiveUpdateForge: EndTurn fallback flush
[2026-07-28T00:44:16.997Z] onEndTurn: naturalStop=false toolCalls=45 nudgeMsg=no
[2026-07-28T00:44:17.010Z] LiveUpdateForge: AfterToolExec flush
[2026-07-28T00:44:17.051Z] InitialReadForge.onBeforeSend: SKIP (fr=true syn=false hasRead=true)
[2026-07-28T00:44:20.108Z] LiveUpdateForge: EndTurn fallback flush
[2026-07-28T00:44:20.109Z] onEndTurn: naturalStop=false toolCalls=46 nudgeMsg=no
[2026-07-28T00:44:20.127Z] LiveUpdateForge: AfterToolExec flush
[2026-07-28T00:44:20.189Z] InitialReadForge.onBeforeSend: SKIP (fr=true syn=false hasRead=true)
[2026-07-28T00:44:22.158Z] LiveUpdateForge: EndTurn fallback flush
[2026-07-28T00:44:22.158Z] onEndTurn: naturalStop=false toolCalls=47 nudgeMsg=no
[2026-07-28T00:44:22.169Z] LiveUpdateForge: AfterToolExec flush
[2026-07-28T00:44:22.211Z] InitialReadForge.onBeforeSend: SKIP (fr=true syn=false hasRead=true)
[2026-07-28T00:44:24.583Z] LiveUpdateForge: EndTurn fallback flush
[2026-07-28T00:44:24.583Z] onEndTurn: naturalStop=false toolCalls=48 nudgeMsg=no
[2026-07-28T00:44:24.597Z] LiveUpdateForge: AfterToolExec flush
[2026-07-28T00:44:24.646Z] InitialReadForge.onBeforeSend: SKIP (fr=true syn=false hasRead=true)
[2026-07-28T00:44:27.631Z] LiveUpdateForge: EndTurn fallback flush
[2026-07-28T00:44:27.632Z] onEndTurn: naturalStop=false toolCalls=49 nudgeMsg=no
[2026-07-28T00:44:28.020Z] LiveUpdateForge: AfterToolExec flush
[2026-07-28T00:44:28.059Z] InitialReadForge.onBeforeSend: SKIP (fr=true syn=false hasRead=true)
[2026-07-28T00:44:30.765Z] LiveUpdateForge: EndTurn fallback flush
[2026-07-28T00:44:30.766Z] onEndTurn: naturalStop=false toolCalls=50 nudgeMsg=no
[2026-07-28T00:44:30.913Z] LiveUpdateForge: AfterToolExec flush
[2026-07-28T00:44:30.960Z] InitialReadForge.onBeforeSend: SKIP (fr=true syn=false hasRead=true)
[2026-07-28T00:44:34.126Z] LiveUpdateForge: EndTurn fallback flush
[2026-07-28T00:44:34.126Z] onEndTurn: naturalStop=false toolCalls=51 nudgeMsg=no
[2026-07-28T00:44:34.233Z] LiveUpdateForge: AfterToolExec flush
[2026-07-28T00:44:34.274Z] InitialReadForge.onBeforeSend: SKIP (fr=true syn=false hasRead=true)
[2026-07-28T00:44:36.253Z] LiveUpdateForge: EndTurn fallback flush
[2026-07-28T00:44:36.253Z] onEndTurn: naturalStop=false toolCalls=52 nudgeMsg=no
[2026-07-28T00:44:36.980Z] LiveUpdateForge: AfterToolExec flush
[2026-07-28T00:44:37.016Z] InitialReadForge.onBeforeSend: SKIP (fr=true syn=false hasRead=true)
[2026-07-28T00:44:38.968Z] LiveUpdateForge: EndTurn fallback flush
[2026-07-28T00:44:38.969Z] onEndTurn: naturalStop=false toolCalls=53 nudgeMsg=no
[2026-07-28T00:44:41.418Z] LiveUpdateForge: AfterToolExec flush
[2026-07-28T00:44:41.456Z] InitialReadForge.onBeforeSend: SKIP (fr=true syn=false hasRead=true)
[2026-07-28T00:44:47.838Z] LiveUpdateForge: EndTurn fallback flush
[2026-07-28T00:44:47.839Z] onEndTurn: naturalStop=false toolCalls=54 nudgeMsg=no
[2026-07-28T00:46:13.991Z] LiveUpdateForge: AfterToolExec flush
[2026-07-28T00:46:14.038Z] InitialReadForge.onBeforeSend: SKIP (fr=true syn=false hasRead=true)
[2026-07-28T00:46:18.897Z] LiveUpdateForge: EndTurn fallback flush
[2026-07-28T00:46:18.897Z] onEndTurn: naturalStop=true toolCalls=0 nudgeMsg=YES
[2026-07-28T00:46:18.903Z] InitialReadForge.onBeforeSend: SKIP (fr=false syn=false hasRead=true)
[2026-07-28T00:46:22.358Z] LiveUpdateForge: EndTurn fallback flush
[2026-07-28T00:46:22.358Z] onEndTurn: naturalStop=false toolCalls=0 nudgeMsg=no
[2026-07-28T00:46:22.380Z] LiveUpdateForge: self-write on D:\unity\demo\CODELY.md, baseline aligned
[2026-07-28T00:46:22.381Z] LiveUpdateForge: AfterToolExec flush
[2026-07-28T00:46:22.416Z] InitialReadForge.onBeforeSend: SKIP (fr=true syn=false hasRead=true)
[2026-07-28T00:46:22.945Z] LiveUpdateForge: pending external change on D:\unity\demo\CODELY.md
[2026-07-28T00:46:26.400Z] LiveUpdateForge: EndTurn fallback flush
[2026-07-28T00:46:26.400Z] onEndTurn: naturalStop=true toolCalls=0 nudgeMsg=no
[2026-07-28T00:53:30.867Z] ResumeDiffForge: running checkResumeConsistency
[2026-07-28T00:53:30.868Z] checkResumeConsistency: forgedTimestamps=[["project","1970-01-01T00:00:00.000Z"]]
[2026-07-28T00:53:30.884Z] checkResumeConsistency: injecting 1 diff notification(s)
[2026-07-28T00:53:30.885Z] injectForgedHistory: role=user preview="[agent-auto] [memory-update 2026-07-28 08:46:22] project memory file has been mo"
[2026-07-28T00:53:30.927Z] injectForgedHistory: recordMessage persisted
[2026-07-28T00:53:30.928Z] LiveUpdateForge: session reset, allowLiveUpdate = false
[2026-07-28T00:53:30.928Z] NudgeForge: ResumeComplete — restoring count from history
[2026-07-28T00:53:30.929Z] restoreNudgeCountFromHistory: found last write at idx=603 count=0
[2026-07-28T00:53:30.983Z] LiveUpdateForge: allowLiveUpdate = true (first real BeforeSend)
[2026-07-28T00:53:30.984Z] InitialReadForge.onBeforeSend: SKIP (fr=false syn=false hasRead=true)
[2026-07-28T00:53:47.072Z] LiveUpdateForge: EndTurn fallback flush
[2026-07-28T00:53:47.074Z] onEndTurn: naturalStop=false toolCalls=0 nudgeMsg=no
[2026-07-28T00:53:47.481Z] LiveUpdateForge: AfterToolExec flush
[2026-07-28T00:53:47.528Z] InitialReadForge.onBeforeSend: SKIP (fr=true syn=false hasRead=true)
[2026-07-28T00:53:49.827Z] LiveUpdateForge: EndTurn fallback flush
[2026-07-28T00:53:49.827Z] onEndTurn: naturalStop=false toolCalls=1 nudgeMsg=no
[2026-07-28T00:53:49.833Z] LiveUpdateForge: AfterToolExec flush
[2026-07-28T00:53:49.873Z] InitialReadForge.onBeforeSend: SKIP (fr=true syn=false hasRead=true)
[2026-07-28T00:53:52.450Z] LiveUpdateForge: EndTurn fallback flush
[2026-07-28T00:53:52.451Z] onEndTurn: naturalStop=false toolCalls=2 nudgeMsg=no
[2026-07-28T00:53:52.631Z] LiveUpdateForge: AfterToolExec flush
[2026-07-28T00:53:52.686Z] InitialReadForge.onBeforeSend: SKIP (fr=true syn=false hasRead=true)
[2026-07-28T00:53:54.783Z] LiveUpdateForge: EndTurn fallback flush
[2026-07-28T00:53:54.784Z] onEndTurn: naturalStop=true toolCalls=3 nudgeMsg=no
[2026-07-28T00:56:00.854Z] ResumeDiffForge: running checkResumeConsistency
[2026-07-28T00:56:00.855Z] checkResumeConsistency: forgedTimestamps=[["project","1970-01-01T00:00:00.000Z"]]
[2026-07-28T00:56:00.874Z] checkResumeConsistency: injecting 1 diff notification(s)
[2026-07-28T00:56:00.874Z] injectForgedHistory: role=user preview="[agent-auto] [memory-update 2026-07-28 08:46:22] project memory file has been mo"
[2026-07-28T00:56:00.904Z] injectForgedHistory: recordMessage persisted
[2026-07-28T00:56:00.905Z] LiveUpdateForge: session reset, allowLiveUpdate = false
[2026-07-28T00:56:00.905Z] NudgeForge: ResumeComplete — restoring count from history
[2026-07-28T00:56:00.906Z] restoreNudgeCountFromHistory: found last write at idx=603 count=3
[2026-07-28T00:56:00.953Z] LiveUpdateForge: allowLiveUpdate = true (first real BeforeSend)
[2026-07-28T00:56:00.954Z] InitialReadForge.onBeforeSend: SKIP (fr=false syn=false hasRead=true)
[2026-07-28T00:56:04.005Z] LiveUpdateForge: EndTurn fallback flush
[2026-07-28T00:56:04.006Z] onEndTurn: naturalStop=false toolCalls=3 nudgeMsg=no
[2026-07-28T00:56:04.376Z] LiveUpdateForge: AfterToolExec flush
[2026-07-28T00:56:04.415Z] InitialReadForge.onBeforeSend: SKIP (fr=true syn=false hasRead=true)
[2026-07-28T00:56:09.106Z] LiveUpdateForge: EndTurn fallback flush
[2026-07-28T00:56:09.106Z] onEndTurn: naturalStop=false toolCalls=4 nudgeMsg=no
[2026-07-28T00:56:09.114Z] LiveUpdateForge: AfterToolExec flush
[2026-07-28T00:56:09.156Z] InitialReadForge.onBeforeSend: SKIP (fr=true syn=false hasRead=true)
[2026-07-28T00:56:13.963Z] LiveUpdateForge: EndTurn fallback flush
[2026-07-28T00:56:13.964Z] onEndTurn: naturalStop=false toolCalls=5 nudgeMsg=no
[2026-07-28T00:56:14.176Z] LiveUpdateForge: AfterToolExec flush
[2026-07-28T00:56:14.217Z] InitialReadForge.onBeforeSend: SKIP (fr=true syn=false hasRead=true)
[2026-07-28T00:56:16.303Z] LiveUpdateForge: EndTurn fallback flush
[2026-07-28T00:56:16.304Z] onEndTurn: naturalStop=true toolCalls=6 nudgeMsg=no
[2026-07-28T01:00:02.136Z] ResumeDiffForge: running checkResumeConsistency
[2026-07-28T01:00:02.137Z] checkResumeConsistency: forgedTimestamps=[["project","1970-01-01T00:00:00.000Z"]]
[2026-07-28T01:00:02.153Z] checkResumeConsistency: injecting 1 diff notification(s)
[2026-07-28T01:00:02.154Z] injectForgedHistory: role=user preview="[agent-auto] [memory-update 2026-07-28 08:46:22] project memory file has been mo"
[2026-07-28T01:00:02.190Z] injectForgedHistory: recordMessage persisted
[2026-07-28T01:00:02.190Z] LiveUpdateForge: session reset, allowLiveUpdate = false
[2026-07-28T01:00:02.191Z] NudgeForge: ResumeComplete — restoring count from history
[2026-07-28T01:00:02.192Z] restoreNudgeCountFromHistory: found last write at idx=603 count=6
[2026-07-28T01:00:02.253Z] LiveUpdateForge: allowLiveUpdate = true (first real BeforeSend)
[2026-07-28T01:00:02.254Z] InitialReadForge.onBeforeSend: SKIP (fr=false syn=false hasRead=true)
[2026-07-28T01:00:16.122Z] LiveUpdateForge: EndTurn fallback flush
[2026-07-28T01:00:16.122Z] onEndTurn: naturalStop=false toolCalls=6 nudgeMsg=no
[2026-07-28T01:00:16.143Z] LiveUpdateForge: AfterToolExec flush
[2026-07-28T01:00:16.188Z] InitialReadForge.onBeforeSend: SKIP (fr=true syn=false hasRead=true)
[2026-07-28T01:00:18.198Z] LiveUpdateForge: EndTurn fallback flush
[2026-07-28T01:00:18.199Z] onEndTurn: naturalStop=false toolCalls=7 nudgeMsg=no
[2026-07-28T01:00:18.458Z] LiveUpdateForge: AfterToolExec flush
[2026-07-28T01:00:18.492Z] InitialReadForge.onBeforeSend: SKIP (fr=true syn=false hasRead=true)
[2026-07-28T01:00:20.484Z] LiveUpdateForge: EndTurn fallback flush
[2026-07-28T01:00:20.485Z] onEndTurn: naturalStop=false toolCalls=8 nudgeMsg=no
[2026-07-28T01:00:21.017Z] LiveUpdateForge: AfterToolExec flush
[2026-07-28T01:00:21.053Z] InitialReadForge.onBeforeSend: SKIP (fr=true syn=false hasRead=true)
[2026-07-28T01:00:30.419Z] LiveUpdateForge: EndTurn fallback flush
[2026-07-28T01:00:30.419Z] onEndTurn: naturalStop=false toolCalls=9 nudgeMsg=no
[2026-07-28T01:00:40.193Z] LiveUpdateForge: AfterToolExec flush
[2026-07-28T01:00:40.230Z] InitialReadForge.onBeforeSend: SKIP (fr=true syn=false hasRead=true)
[2026-07-28T01:01:13.882Z] LiveUpdateForge: EndTurn fallback flush
[2026-07-28T01:01:13.882Z] onEndTurn: naturalStop=false toolCalls=10 nudgeMsg=no
[2026-07-28T01:01:20.025Z] LiveUpdateForge: AfterToolExec flush
[2026-07-28T01:01:20.065Z] InitialReadForge.onBeforeSend: SKIP (fr=true syn=false hasRead=true)
[2026-07-28T01:01:22.320Z] LiveUpdateForge: EndTurn fallback flush
[2026-07-28T01:01:22.321Z] onEndTurn: naturalStop=true toolCalls=11 nudgeMsg=no
[2026-07-28T01:04:53.176Z] ResumeDiffForge: running checkResumeConsistency
[2026-07-28T01:04:53.177Z] checkResumeConsistency: forgedTimestamps=[["project","1970-01-01T00:00:00.000Z"]]
[2026-07-28T01:04:53.202Z] checkResumeConsistency: injecting 1 diff notification(s)
[2026-07-28T01:04:53.203Z] injectForgedHistory: role=user preview="[agent-auto] [memory-update 2026-07-28 08:46:22] project memory file has been mo"
[2026-07-28T01:04:53.241Z] injectForgedHistory: recordMessage persisted
[2026-07-28T01:04:53.242Z] LiveUpdateForge: session reset, allowLiveUpdate = false
[2026-07-28T01:04:53.243Z] NudgeForge: ResumeComplete — restoring count from history
[2026-07-28T01:04:53.245Z] restoreNudgeCountFromHistory: found last write at idx=603 count=11
[2026-07-28T01:04:53.331Z] LiveUpdateForge: allowLiveUpdate = true (first real BeforeSend)
[2026-07-28T01:04:53.333Z] InitialReadForge.onBeforeSend: SKIP (fr=false syn=false hasRead=true)
[2026-07-28T01:05:24.455Z] LiveUpdateForge: EndTurn fallback flush
[2026-07-28T01:05:24.456Z] onEndTurn: naturalStop=false toolCalls=11 nudgeMsg=no
[2026-07-28T01:05:24.935Z] LiveUpdateForge: AfterToolExec flush
[2026-07-28T01:05:24.992Z] InitialReadForge.onBeforeSend: SKIP (fr=true syn=false hasRead=true)
[2026-07-28T01:05:35.502Z] LiveUpdateForge: EndTurn fallback flush
[2026-07-28T01:05:35.503Z] onEndTurn: naturalStop=false toolCalls=12 nudgeMsg=no
[2026-07-28T01:05:35.510Z] LiveUpdateForge: AfterToolExec flush
[2026-07-28T01:05:35.555Z] InitialReadForge.onBeforeSend: SKIP (fr=true syn=false hasRead=true)
[2026-07-28T01:06:01.416Z] LiveUpdateForge: EndTurn fallback flush
[2026-07-28T01:06:01.417Z] onEndTurn: naturalStop=false toolCalls=13 nudgeMsg=no
[2026-07-28T01:06:01.554Z] LiveUpdateForge: AfterToolExec flush
[2026-07-28T01:06:01.591Z] InitialReadForge.onBeforeSend: SKIP (fr=true syn=false hasRead=true)
[2026-07-28T01:06:07.612Z] LiveUpdateForge: EndTurn fallback flush
[2026-07-28T01:06:07.613Z] onEndTurn: naturalStop=false toolCalls=14 nudgeMsg=no
[2026-07-28T01:06:07.630Z] LiveUpdateForge: AfterToolExec flush
[2026-07-28T01:06:07.691Z] InitialReadForge.onBeforeSend: SKIP (fr=true syn=false hasRead=true)
[2026-07-28T01:07:07.198Z] LiveUpdateForge: EndTurn fallback flush
[2026-07-28T01:07:07.199Z] onEndTurn: naturalStop=false toolCalls=15 nudgeMsg=no
[2026-07-28T01:07:07.299Z] LiveUpdateForge: AfterToolExec flush
[2026-07-28T01:07:07.339Z] InitialReadForge.onBeforeSend: SKIP (fr=true syn=false hasRead=true)
[2026-07-28T01:07:29.759Z] LiveUpdateForge: EndTurn fallback flush
[2026-07-28T01:07:29.759Z] onEndTurn: naturalStop=true toolCalls=16 nudgeMsg=no
[2026-07-28T01:10:32.524Z] ResumeDiffForge: running checkResumeConsistency
[2026-07-28T01:10:32.525Z] checkResumeConsistency: forgedTimestamps=[["project","1970-01-01T00:00:00.000Z"]]
[2026-07-28T01:10:32.573Z] checkResumeConsistency: injecting 1 diff notification(s)
[2026-07-28T01:10:32.574Z] injectForgedHistory: role=user preview="[agent-auto] [memory-update 2026-07-28 08:46:22] project memory file has been mo"
[2026-07-28T01:10:32.620Z] injectForgedHistory: recordMessage persisted
[2026-07-28T01:10:32.621Z] LiveUpdateForge: session reset, allowLiveUpdate = false
[2026-07-28T01:10:32.622Z] NudgeForge: ResumeComplete — restoring count from history
[2026-07-28T01:10:32.623Z] restoreNudgeCountFromHistory: found last write at idx=603 count=16
[2026-07-28T01:10:32.735Z] LiveUpdateForge: allowLiveUpdate = true (first real BeforeSend)
[2026-07-28T01:10:32.738Z] InitialReadForge.onBeforeSend: SKIP (fr=false syn=false hasRead=true)
[2026-07-28T01:10:40.248Z] LiveUpdateForge: EndTurn fallback flush
[2026-07-28T01:10:40.249Z] onEndTurn: naturalStop=false toolCalls=16 nudgeMsg=no
[2026-07-28T01:10:53.587Z] LiveUpdateForge: AfterToolExec flush
[2026-07-28T01:10:53.622Z] InitialReadForge.onBeforeSend: SKIP (fr=true syn=false hasRead=true)
[2026-07-28T01:10:56.436Z] LiveUpdateForge: EndTurn fallback flush
[2026-07-28T01:10:56.436Z] onEndTurn: naturalStop=false toolCalls=17 nudgeMsg=no
[2026-07-28T01:10:56.459Z] LiveUpdateForge: AfterToolExec flush
[2026-07-28T01:10:56.503Z] InitialReadForge.onBeforeSend: SKIP (fr=true syn=false hasRead=true)
[2026-07-28T01:10:58.614Z] LiveUpdateForge: EndTurn fallback flush
[2026-07-28T01:10:58.615Z] onEndTurn: naturalStop=false toolCalls=18 nudgeMsg=no
[2026-07-28T01:10:58.619Z] LiveUpdateForge: AfterToolExec flush
[2026-07-28T01:10:58.661Z] InitialReadForge.onBeforeSend: SKIP (fr=true syn=false hasRead=true)
[2026-07-28T01:11:11.315Z] LiveUpdateForge: EndTurn fallback flush
[2026-07-28T01:11:11.316Z] onEndTurn: naturalStop=false toolCalls=19 nudgeMsg=no
[2026-07-28T01:11:12.935Z] LiveUpdateForge: AfterToolExec flush
[2026-07-28T01:11:12.982Z] InitialReadForge.onBeforeSend: SKIP (fr=true syn=false hasRead=true)
[2026-07-28T01:11:15.977Z] LiveUpdateForge: EndTurn fallback flush
[2026-07-28T01:11:15.978Z] onEndTurn: naturalStop=false toolCalls=20 nudgeMsg=no
[2026-07-28T01:11:16.073Z] LiveUpdateForge: AfterToolExec flush
[2026-07-28T01:11:16.129Z] InitialReadForge.onBeforeSend: SKIP (fr=true syn=false hasRead=true)
[2026-07-28T01:11:21.021Z] LiveUpdateForge: EndTurn fallback flush
[2026-07-28T01:11:21.022Z] onEndTurn: naturalStop=false toolCalls=21 nudgeMsg=no
[2026-07-28T01:11:21.034Z] LiveUpdateForge: AfterToolExec flush
[2026-07-28T01:11:21.079Z] InitialReadForge.onBeforeSend: SKIP (fr=true syn=false hasRead=true)
[2026-07-28T01:11:24.538Z] LiveUpdateForge: EndTurn fallback flush
[2026-07-28T01:11:24.539Z] onEndTurn: naturalStop=false toolCalls=22 nudgeMsg=no
[2026-07-28T01:11:24.694Z] LiveUpdateForge: AfterToolExec flush
[2026-07-28T01:11:24.741Z] InitialReadForge.onBeforeSend: SKIP (fr=true syn=false hasRead=true)
[2026-07-28T01:11:28.218Z] LiveUpdateForge: EndTurn fallback flush
[2026-07-28T01:11:28.219Z] onEndTurn: naturalStop=false toolCalls=23 nudgeMsg=no
[2026-07-28T01:11:28.237Z] LiveUpdateForge: AfterToolExec flush
[2026-07-28T01:11:28.287Z] InitialReadForge.onBeforeSend: SKIP (fr=true syn=false hasRead=true)
[2026-07-28T01:11:32.487Z] LiveUpdateForge: EndTurn fallback flush
[2026-07-28T01:11:32.488Z] onEndTurn: naturalStop=false toolCalls=24 nudgeMsg=no
[2026-07-28T01:11:32.652Z] LiveUpdateForge: AfterToolExec flush
[2026-07-28T01:11:32.699Z] InitialReadForge.onBeforeSend: SKIP (fr=true syn=false hasRead=true)
[2026-07-28T01:11:35.303Z] LiveUpdateForge: EndTurn fallback flush
[2026-07-28T01:11:35.304Z] onEndTurn: naturalStop=false toolCalls=25 nudgeMsg=no
[2026-07-28T01:11:36.172Z] LiveUpdateForge: AfterToolExec flush
[2026-07-28T01:11:36.206Z] InitialReadForge.onBeforeSend: SKIP (fr=true syn=false hasRead=true)
[2026-07-28T01:11:38.433Z] LiveUpdateForge: EndTurn fallback flush
[2026-07-28T01:11:38.433Z] onEndTurn: naturalStop=false toolCalls=26 nudgeMsg=no
[2026-07-28T01:11:46.144Z] LiveUpdateForge: AfterToolExec flush
[2026-07-28T01:11:46.183Z] InitialReadForge.onBeforeSend: SKIP (fr=true syn=false hasRead=true)
[2026-07-28T01:11:50.682Z] LiveUpdateForge: EndTurn fallback flush
[2026-07-28T01:11:50.682Z] onEndTurn: naturalStop=true toolCalls=27 nudgeMsg=no
[2026-07-28T01:14:08.141Z] ResumeDiffForge: running checkResumeConsistency
[2026-07-28T01:14:08.142Z] checkResumeConsistency: forgedTimestamps=[["project","1970-01-01T00:00:00.000Z"]]
[2026-07-28T01:14:08.158Z] checkResumeConsistency: injecting 1 diff notification(s)
[2026-07-28T01:14:08.159Z] injectForgedHistory: role=user preview="[agent-auto] [memory-update 2026-07-28 08:46:22] project memory file has been mo"
[2026-07-28T01:14:08.194Z] injectForgedHistory: recordMessage persisted
[2026-07-28T01:14:08.194Z] LiveUpdateForge: session reset, allowLiveUpdate = false
[2026-07-28T01:14:08.195Z] NudgeForge: ResumeComplete — restoring count from history
[2026-07-28T01:14:08.195Z] restoreNudgeCountFromHistory: found last write at idx=603 count=27
[2026-07-28T01:14:08.258Z] LiveUpdateForge: allowLiveUpdate = true (first real BeforeSend)
[2026-07-28T01:14:08.259Z] InitialReadForge.onBeforeSend: SKIP (fr=false syn=false hasRead=true)
[2026-07-28T01:17:48.716Z] ResumeDiffForge: running checkResumeConsistency
[2026-07-28T01:17:48.717Z] checkResumeConsistency: forgedTimestamps=[["project","1970-01-01T00:00:00.000Z"]]
[2026-07-28T01:17:48.733Z] checkResumeConsistency: injecting 1 diff notification(s)
[2026-07-28T01:17:48.733Z] injectForgedHistory: role=user preview="[agent-auto] [memory-update 2026-07-28 08:46:22] project memory file has been mo"
[2026-07-28T01:17:48.767Z] injectForgedHistory: recordMessage persisted
[2026-07-28T01:17:48.768Z] LiveUpdateForge: session reset, allowLiveUpdate = false
[2026-07-28T01:17:48.769Z] NudgeForge: ResumeComplete — restoring count from history
[2026-07-28T01:17:48.770Z] restoreNudgeCountFromHistory: found last write at idx=603 count=27
[2026-07-28T01:17:48.824Z] LiveUpdateForge: allowLiveUpdate = true (first real BeforeSend)
[2026-07-28T01:17:48.825Z] InitialReadForge.onBeforeSend: SKIP (fr=false syn=false hasRead=true)
[2026-07-28T01:18:02.570Z] LiveUpdateForge: EndTurn fallback flush
[2026-07-28T01:18:02.570Z] onEndTurn: naturalStop=false toolCalls=27 nudgeMsg=no
[2026-07-28T01:18:02.590Z] LiveUpdateForge: AfterToolExec flush
[2026-07-28T01:18:02.633Z] InitialReadForge.onBeforeSend: SKIP (fr=true syn=false hasRead=true)
[2026-07-28T01:18:48.610Z] LiveUpdateForge: EndTurn fallback flush
[2026-07-28T01:18:48.611Z] onEndTurn: naturalStop=false toolCalls=28 nudgeMsg=no
[2026-07-28T01:18:48.618Z] LiveUpdateForge: AfterToolExec flush
[2026-07-28T01:18:48.661Z] InitialReadForge.onBeforeSend: SKIP (fr=true syn=false hasRead=true)
[2026-07-28T01:19:37.583Z] LiveUpdateForge: EndTurn fallback flush
[2026-07-28T01:19:37.584Z] onEndTurn: naturalStop=false toolCalls=29 nudgeMsg=no
[2026-07-28T01:19:37.796Z] LiveUpdateForge: AfterToolExec flush
[2026-07-28T01:19:37.843Z] InitialReadForge.onBeforeSend: SKIP (fr=true syn=false hasRead=true)
[2026-07-28T01:20:27.280Z] LiveUpdateForge: EndTurn fallback flush
[2026-07-28T01:20:27.281Z] onEndTurn: naturalStop=false toolCalls=30 nudgeMsg=no
[2026-07-28T01:20:27.460Z] LiveUpdateForge: AfterToolExec flush
[2026-07-28T01:20:27.502Z] InitialReadForge.onBeforeSend: SKIP (fr=true syn=false hasRead=true)
[2026-07-28T01:20:43.912Z] LiveUpdateForge: EndTurn fallback flush
[2026-07-28T01:20:43.912Z] onEndTurn: naturalStop=false toolCalls=31 nudgeMsg=no
[2026-07-28T01:20:44.028Z] LiveUpdateForge: AfterToolExec flush
[2026-07-28T01:20:44.072Z] InitialReadForge.onBeforeSend: SKIP (fr=true syn=false hasRead=true)
[2026-07-28T01:20:59.915Z] LiveUpdateForge: EndTurn fallback flush
[2026-07-28T01:20:59.916Z] onEndTurn: naturalStop=true toolCalls=32 nudgeMsg=no
[2026-07-28T01:22:14.557Z] ResumeDiffForge: running checkResumeConsistency
[2026-07-28T01:22:14.559Z] checkResumeConsistency: forgedTimestamps=[["project","1970-01-01T00:00:00.000Z"]]
[2026-07-28T01:22:14.575Z] checkResumeConsistency: injecting 1 diff notification(s)
[2026-07-28T01:22:14.575Z] injectForgedHistory: role=user preview="[agent-auto] [memory-update 2026-07-28 08:46:22] project memory file has been mo"
[2026-07-28T01:22:14.607Z] injectForgedHistory: recordMessage persisted
[2026-07-28T01:22:14.608Z] LiveUpdateForge: session reset, allowLiveUpdate = false
[2026-07-28T01:22:14.608Z] NudgeForge: ResumeComplete — restoring count from history
[2026-07-28T01:22:14.609Z] restoreNudgeCountFromHistory: found last write at idx=603 count=32
[2026-07-28T01:22:14.674Z] LiveUpdateForge: allowLiveUpdate = true (first real BeforeSend)
[2026-07-28T01:22:14.676Z] InitialReadForge.onBeforeSend: SKIP (fr=false syn=false hasRead=true)
[2026-07-28T01:22:32.526Z] LiveUpdateForge: EndTurn fallback flush
[2026-07-28T01:22:32.527Z] onEndTurn: naturalStop=false toolCalls=32 nudgeMsg=no
[2026-07-28T01:22:32.543Z] LiveUpdateForge: AfterToolExec flush
[2026-07-28T01:22:32.586Z] InitialReadForge.onBeforeSend: SKIP (fr=true syn=false hasRead=true)
[2026-07-28T01:22:35.059Z] LiveUpdateForge: EndTurn fallback flush
[2026-07-28T01:22:35.060Z] onEndTurn: naturalStop=false toolCalls=33 nudgeMsg=no
[2026-07-28T01:22:35.067Z] LiveUpdateForge: AfterToolExec flush
[2026-07-28T01:22:35.106Z] InitialReadForge.onBeforeSend: SKIP (fr=true syn=false hasRead=true)
[2026-07-28T01:22:39.560Z] LiveUpdateForge: EndTurn fallback flush
[2026-07-28T01:22:39.561Z] onEndTurn: naturalStop=false toolCalls=34 nudgeMsg=no
[2026-07-28T01:22:39.780Z] LiveUpdateForge: AfterToolExec flush
[2026-07-28T01:22:39.830Z] InitialReadForge.onBeforeSend: SKIP (fr=true syn=false hasRead=true)
[2026-07-28T01:22:44.434Z] LiveUpdateForge: EndTurn fallback flush
[2026-07-28T01:22:44.435Z] onEndTurn: naturalStop=true toolCalls=35 nudgeMsg=no
[2026-07-28T01:24:28.450Z] ResumeDiffForge: running checkResumeConsistency
[2026-07-28T01:24:28.451Z] checkResumeConsistency: forgedTimestamps=[["project","1970-01-01T00:00:00.000Z"]]
[2026-07-28T01:24:28.469Z] checkResumeConsistency: injecting 1 diff notification(s)
[2026-07-28T01:24:28.469Z] injectForgedHistory: role=user preview="[agent-auto] [memory-update 2026-07-28 08:46:22] project memory file has been mo"
[2026-07-28T01:24:28.508Z] injectForgedHistory: recordMessage persisted
[2026-07-28T01:24:28.508Z] LiveUpdateForge: session reset, allowLiveUpdate = false
[2026-07-28T01:24:28.509Z] NudgeForge: ResumeComplete — restoring count from history
[2026-07-28T01:24:28.510Z] restoreNudgeCountFromHistory: found last write at idx=603 count=35
[2026-07-28T01:24:28.572Z] LiveUpdateForge: allowLiveUpdate = true (first real BeforeSend)
[2026-07-28T01:24:28.573Z] InitialReadForge.onBeforeSend: SKIP (fr=false syn=false hasRead=true)
[2026-07-28T01:24:34.256Z] LiveUpdateForge: EndTurn fallback flush
[2026-07-28T01:24:34.256Z] onEndTurn: naturalStop=false toolCalls=35 nudgeMsg=no
[2026-07-28T01:24:34.285Z] LiveUpdateForge: AfterToolExec flush
[2026-07-28T01:24:34.349Z] InitialReadForge.onBeforeSend: SKIP (fr=true syn=false hasRead=true)
[2026-07-28T01:24:38.190Z] LiveUpdateForge: EndTurn fallback flush
[2026-07-28T01:24:38.191Z] onEndTurn: naturalStop=false toolCalls=36 nudgeMsg=no
[2026-07-28T01:24:38.197Z] LiveUpdateForge: AfterToolExec flush
[2026-07-28T01:24:38.240Z] InitialReadForge.onBeforeSend: SKIP (fr=true syn=false hasRead=true)
[2026-07-28T01:24:41.175Z] LiveUpdateForge: EndTurn fallback flush
[2026-07-28T01:24:41.175Z] onEndTurn: naturalStop=false toolCalls=37 nudgeMsg=no
[2026-07-28T01:24:41.292Z] LiveUpdateForge: AfterToolExec flush
[2026-07-28T01:24:41.332Z] InitialReadForge.onBeforeSend: SKIP (fr=true syn=false hasRead=true)
[2026-07-28T01:24:47.675Z] LiveUpdateForge: EndTurn fallback flush
[2026-07-28T01:24:47.676Z] onEndTurn: naturalStop=false toolCalls=38 nudgeMsg=no
[2026-07-28T01:24:47.771Z] LiveUpdateForge: AfterToolExec flush
[2026-07-28T01:24:47.817Z] InitialReadForge.onBeforeSend: SKIP (fr=true syn=false hasRead=true)
[2026-07-28T01:24:51.198Z] LiveUpdateForge: EndTurn fallback flush
[2026-07-28T01:24:51.199Z] onEndTurn: naturalStop=true toolCalls=39 nudgeMsg=no
[2026-07-28T01:27:33.633Z] ResumeDiffForge: running checkResumeConsistency
[2026-07-28T01:27:33.634Z] checkResumeConsistency: forgedTimestamps=[["project","1970-01-01T00:00:00.000Z"]]
[2026-07-28T01:27:33.660Z] checkResumeConsistency: injecting 1 diff notification(s)
[2026-07-28T01:27:33.661Z] injectForgedHistory: role=user preview="[agent-auto] [memory-update 2026-07-28 08:46:22] project memory file has been mo"
[2026-07-28T01:27:33.702Z] injectForgedHistory: recordMessage persisted
[2026-07-28T01:27:33.702Z] LiveUpdateForge: session reset, allowLiveUpdate = false
[2026-07-28T01:27:33.703Z] NudgeForge: ResumeComplete — restoring count from history
[2026-07-28T01:27:33.703Z] restoreNudgeCountFromHistory: found last write at idx=603 count=39
[2026-07-28T01:27:33.764Z] LiveUpdateForge: allowLiveUpdate = true (first real BeforeSend)
[2026-07-28T01:27:33.765Z] InitialReadForge.onBeforeSend: SKIP (fr=false syn=false hasRead=true)
[2026-07-28T01:27:38.931Z] LiveUpdateForge: EndTurn fallback flush
[2026-07-28T01:27:38.932Z] onEndTurn: naturalStop=false toolCalls=39 nudgeMsg=no
[2026-07-28T01:27:38.983Z] LiveUpdateForge: AfterToolExec flush
[2026-07-28T01:27:39.028Z] InitialReadForge.onBeforeSend: SKIP (fr=true syn=false hasRead=true)
[2026-07-28T01:27:42.645Z] LiveUpdateForge: EndTurn fallback flush
[2026-07-28T01:27:42.645Z] onEndTurn: naturalStop=false toolCalls=40 nudgeMsg=no
[2026-07-28T01:27:43.276Z] LiveUpdateForge: AfterToolExec flush
[2026-07-28T01:27:43.316Z] InitialReadForge.onBeforeSend: SKIP (fr=true syn=false hasRead=true)
[2026-07-28T01:27:46.672Z] LiveUpdateForge: EndTurn fallback flush
[2026-07-28T01:27:46.672Z] onEndTurn: naturalStop=false toolCalls=41 nudgeMsg=no
[2026-07-28T01:28:01.877Z] LiveUpdateForge: AfterToolExec flush
[2026-07-28T01:28:01.919Z] InitialReadForge.onBeforeSend: SKIP (fr=true syn=false hasRead=true)
[2026-07-28T01:28:06.658Z] LiveUpdateForge: EndTurn fallback flush
[2026-07-28T01:28:06.658Z] onEndTurn: naturalStop=false toolCalls=42 nudgeMsg=no
[2026-07-28T01:28:06.675Z] LiveUpdateForge: AfterToolExec flush
[2026-07-28T01:28:06.724Z] InitialReadForge.onBeforeSend: SKIP (fr=true syn=false hasRead=true)
[2026-07-28T01:28:17.310Z] LiveUpdateForge: EndTurn fallback flush
[2026-07-28T01:28:17.310Z] onEndTurn: naturalStop=false toolCalls=43 nudgeMsg=no
[2026-07-28T01:28:17.319Z] LiveUpdateForge: AfterToolExec flush
[2026-07-28T01:28:17.362Z] InitialReadForge.onBeforeSend: SKIP (fr=true syn=false hasRead=true)
[2026-07-28T01:28:40.952Z] LiveUpdateForge: EndTurn fallback flush
[2026-07-28T01:28:40.953Z] onEndTurn: naturalStop=false toolCalls=44 nudgeMsg=no
[2026-07-28T01:28:40.968Z] LiveUpdateForge: AfterToolExec flush
[2026-07-28T01:28:41.015Z] InitialReadForge.onBeforeSend: SKIP (fr=true syn=false hasRead=true)
[2026-07-28T01:28:48.500Z] LiveUpdateForge: EndTurn fallback flush
[2026-07-28T01:28:48.501Z] onEndTurn: naturalStop=false toolCalls=45 nudgeMsg=no
[2026-07-28T01:28:48.515Z] LiveUpdateForge: AfterToolExec flush
[2026-07-28T01:28:48.560Z] InitialReadForge.onBeforeSend: SKIP (fr=true syn=false hasRead=true)
[2026-07-28T01:28:55.208Z] LiveUpdateForge: EndTurn fallback flush
[2026-07-28T01:28:55.209Z] onEndTurn: naturalStop=false toolCalls=46 nudgeMsg=no
[2026-07-28T01:28:55.433Z] LiveUpdateForge: AfterToolExec flush
[2026-07-28T01:28:55.474Z] InitialReadForge.onBeforeSend: SKIP (fr=true syn=false hasRead=true)
[2026-07-28T01:29:00.376Z] LiveUpdateForge: EndTurn fallback flush
[2026-07-28T01:29:00.377Z] onEndTurn: naturalStop=false toolCalls=47 nudgeMsg=no
[2026-07-28T01:29:00.557Z] LiveUpdateForge: AfterToolExec flush
[2026-07-28T01:29:00.616Z] InitialReadForge.onBeforeSend: SKIP (fr=true syn=false hasRead=true)
[2026-07-28T01:29:05.827Z] LiveUpdateForge: EndTurn fallback flush
[2026-07-28T01:29:05.828Z] onEndTurn: naturalStop=false toolCalls=48 nudgeMsg=no
[2026-07-28T01:29:05.989Z] LiveUpdateForge: AfterToolExec flush
[2026-07-28T01:29:06.042Z] InitialReadForge.onBeforeSend: SKIP (fr=true syn=false hasRead=true)
[2026-07-28T01:29:54.077Z] LiveUpdateForge: EndTurn fallback flush
[2026-07-28T01:29:54.078Z] onEndTurn: naturalStop=false toolCalls=49 nudgeMsg=no
[2026-07-28T01:29:54.253Z] LiveUpdateForge: AfterToolExec flush
[2026-07-28T01:29:54.303Z] InitialReadForge.onBeforeSend: SKIP (fr=true syn=false hasRead=true)
[2026-07-28T01:30:20.486Z] LiveUpdateForge: EndTurn fallback flush
[2026-07-28T01:30:20.487Z] onEndTurn: naturalStop=false toolCalls=50 nudgeMsg=no
[2026-07-28T01:30:20.607Z] LiveUpdateForge: AfterToolExec flush
[2026-07-28T01:30:20.655Z] InitialReadForge.onBeforeSend: SKIP (fr=true syn=false hasRead=true)
[2026-07-28T01:30:55.666Z] LiveUpdateForge: EndTurn fallback flush
[2026-07-28T01:30:55.666Z] onEndTurn: naturalStop=false toolCalls=51 nudgeMsg=no
[2026-07-28T01:30:55.680Z] LiveUpdateForge: AfterToolExec flush
[2026-07-28T01:30:55.725Z] InitialReadForge.onBeforeSend: SKIP (fr=true syn=false hasRead=true)
[2026-07-28T01:31:04.502Z] LiveUpdateForge: EndTurn fallback flush
[2026-07-28T01:31:04.503Z] onEndTurn: naturalStop=false toolCalls=52 nudgeMsg=no
[2026-07-28T01:31:04.596Z] LiveUpdateForge: AfterToolExec flush
[2026-07-28T01:31:04.678Z] InitialReadForge.onBeforeSend: SKIP (fr=true syn=false hasRead=true)
[2026-07-28T01:31:06.728Z] LiveUpdateForge: EndTurn fallback flush
[2026-07-28T01:31:06.729Z] onEndTurn: naturalStop=false toolCalls=53 nudgeMsg=no
[2026-07-28T01:31:07.508Z] LiveUpdateForge: AfterToolExec flush
[2026-07-28T01:31:07.558Z] InitialReadForge.onBeforeSend: SKIP (fr=true syn=false hasRead=true)
[2026-07-28T01:31:09.758Z] LiveUpdateForge: EndTurn fallback flush
[2026-07-28T01:31:09.758Z] onEndTurn: naturalStop=false toolCalls=54 nudgeMsg=no
[2026-07-28T01:31:19.283Z] LiveUpdateForge: AfterToolExec flush
[2026-07-28T01:31:19.325Z] InitialReadForge.onBeforeSend: SKIP (fr=true syn=false hasRead=true)
[2026-07-28T01:31:22.270Z] LiveUpdateForge: EndTurn fallback flush
[2026-07-28T01:31:22.271Z] onEndTurn: naturalStop=false toolCalls=55 nudgeMsg=no
[2026-07-28T01:31:28.074Z] LiveUpdateForge: AfterToolExec flush
[2026-07-28T01:31:28.124Z] InitialReadForge.onBeforeSend: SKIP (fr=true syn=false hasRead=true)
[2026-07-28T01:31:31.026Z] LiveUpdateForge: EndTurn fallback flush
[2026-07-28T01:31:31.027Z] onEndTurn: naturalStop=false toolCalls=56 nudgeMsg=no
[2026-07-28T01:31:36.598Z] LiveUpdateForge: AfterToolExec flush
[2026-07-28T01:31:36.675Z] InitialReadForge.onBeforeSend: SKIP (fr=true syn=false hasRead=true)
[2026-07-28T01:31:44.486Z] LiveUpdateForge: EndTurn fallback flush
[2026-07-28T01:31:44.487Z] onEndTurn: naturalStop=false toolCalls=57 nudgeMsg=no
[2026-07-28T01:31:45.151Z] LiveUpdateForge: AfterToolExec flush
[2026-07-28T01:31:45.193Z] InitialReadForge.onBeforeSend: SKIP (fr=true syn=false hasRead=true)
[2026-07-28T01:31:48.690Z] LiveUpdateForge: EndTurn fallback flush
[2026-07-28T01:31:48.691Z] onEndTurn: naturalStop=false toolCalls=58 nudgeMsg=no
[2026-07-28T01:32:02.139Z] LiveUpdateForge: AfterToolExec flush
[2026-07-28T01:32:02.202Z] InitialReadForge.onBeforeSend: SKIP (fr=true syn=false hasRead=true)
[2026-07-28T01:32:10.406Z] LiveUpdateForge: EndTurn fallback flush
[2026-07-28T01:32:10.407Z] onEndTurn: naturalStop=true toolCalls=0 nudgeMsg=YES
[2026-07-28T01:32:10.414Z] InitialReadForge.onBeforeSend: SKIP (fr=false syn=false hasRead=true)
[2026-07-28T01:32:16.797Z] LiveUpdateForge: EndTurn fallback flush
[2026-07-28T01:32:16.798Z] onEndTurn: naturalStop=false toolCalls=0 nudgeMsg=no
[2026-07-28T01:32:16.824Z] LiveUpdateForge: self-write on D:\unity\demo\CODELY.md, baseline aligned
[2026-07-28T01:32:16.826Z] LiveUpdateForge: AfterToolExec flush
[2026-07-28T01:32:16.868Z] InitialReadForge.onBeforeSend: SKIP (fr=true syn=false hasRead=true)
[2026-07-28T01:32:17.422Z] LiveUpdateForge: pending external change on D:\unity\demo\CODELY.md
[2026-07-28T01:32:20.073Z] LiveUpdateForge: EndTurn fallback flush
[2026-07-28T01:32:20.073Z] onEndTurn: naturalStop=true toolCalls=0 nudgeMsg=no
[2026-07-28T01:33:20.884Z] ResumeDiffForge: running checkResumeConsistency
[2026-07-28T01:33:20.885Z] checkResumeConsistency: forgedTimestamps=[["project","1970-01-01T00:00:00.000Z"]]
[2026-07-28T01:33:20.925Z] checkResumeConsistency: injecting 1 diff notification(s)
[2026-07-28T01:33:20.926Z] injectForgedHistory: role=user preview="[agent-auto] [memory-update 2026-07-28 09:32:16] project memory file has been mo"
[2026-07-28T01:33:20.959Z] injectForgedHistory: recordMessage persisted
[2026-07-28T01:33:20.960Z] LiveUpdateForge: session reset, allowLiveUpdate = false
[2026-07-28T01:33:20.960Z] NudgeForge: ResumeComplete — restoring count from history
[2026-07-28T01:33:20.961Z] restoreNudgeCountFromHistory: found last write at idx=754 count=0
[2026-07-28T01:33:21.027Z] LiveUpdateForge: allowLiveUpdate = true (first real BeforeSend)
[2026-07-28T01:33:21.028Z] InitialReadForge.onBeforeSend: SKIP (fr=false syn=false hasRead=true)
[2026-07-28T01:34:04.423Z] LiveUpdateForge: EndTurn fallback flush
[2026-07-28T01:34:04.424Z] onEndTurn: naturalStop=false toolCalls=0 nudgeMsg=no
[2026-07-28T01:34:04.451Z] LiveUpdateForge: AfterToolExec flush
[2026-07-28T01:34:04.500Z] InitialReadForge.onBeforeSend: SKIP (fr=true syn=false hasRead=true)
[2026-07-28T01:34:19.592Z] LiveUpdateForge: EndTurn fallback flush
[2026-07-28T01:34:19.592Z] onEndTurn: naturalStop=false toolCalls=1 nudgeMsg=no
[2026-07-28T01:34:19.610Z] LiveUpdateForge: AfterToolExec flush
[2026-07-28T01:34:19.666Z] InitialReadForge.onBeforeSend: SKIP (fr=true syn=false hasRead=true)
[2026-07-28T01:34:24.987Z] LiveUpdateForge: EndTurn fallback flush
[2026-07-28T01:34:24.988Z] onEndTurn: naturalStop=false toolCalls=2 nudgeMsg=no
[2026-07-28T01:34:25.815Z] LiveUpdateForge: AfterToolExec flush
[2026-07-28T01:34:25.880Z] InitialReadForge.onBeforeSend: SKIP (fr=true syn=false hasRead=true)
[2026-07-28T01:34:30.179Z] LiveUpdateForge: EndTurn fallback flush
[2026-07-28T01:34:30.180Z] onEndTurn: naturalStop=false toolCalls=3 nudgeMsg=no
[2026-07-28T01:34:30.193Z] LiveUpdateForge: AfterToolExec flush
[2026-07-28T01:34:30.238Z] InitialReadForge.onBeforeSend: SKIP (fr=true syn=false hasRead=true)
[2026-07-28T01:34:37.335Z] LiveUpdateForge: EndTurn fallback flush
[2026-07-28T01:34:37.336Z] onEndTurn: naturalStop=false toolCalls=4 nudgeMsg=no
[2026-07-28T01:34:37.575Z] LiveUpdateForge: AfterToolExec flush
[2026-07-28T01:34:37.631Z] InitialReadForge.onBeforeSend: SKIP (fr=true syn=false hasRead=true)
[2026-07-28T01:34:45.040Z] LiveUpdateForge: EndTurn fallback flush
[2026-07-28T01:34:45.041Z] onEndTurn: naturalStop=false toolCalls=5 nudgeMsg=no
[2026-07-28T01:34:45.132Z] LiveUpdateForge: AfterToolExec flush
[2026-07-28T01:34:45.196Z] InitialReadForge.onBeforeSend: SKIP (fr=true syn=false hasRead=true)
[2026-07-28T01:34:48.079Z] LiveUpdateForge: EndTurn fallback flush
[2026-07-28T01:34:48.080Z] onEndTurn: naturalStop=false toolCalls=6 nudgeMsg=no
[2026-07-28T01:34:48.837Z] LiveUpdateForge: AfterToolExec flush
[2026-07-28T01:34:48.878Z] InitialReadForge.onBeforeSend: SKIP (fr=true syn=false hasRead=true)
[2026-07-28T01:34:51.906Z] LiveUpdateForge: EndTurn fallback flush
[2026-07-28T01:34:51.906Z] onEndTurn: naturalStop=false toolCalls=7 nudgeMsg=no
[2026-07-28T01:35:00.479Z] LiveUpdateForge: AfterToolExec flush
[2026-07-28T01:35:00.523Z] InitialReadForge.onBeforeSend: SKIP (fr=true syn=false hasRead=true)
[2026-07-28T01:35:05.390Z] LiveUpdateForge: EndTurn fallback flush
[2026-07-28T01:35:05.390Z] onEndTurn: naturalStop=true toolCalls=8 nudgeMsg=no
[2026-07-28T01:39:53.672Z] ResumeDiffForge: running checkResumeConsistency
[2026-07-28T01:39:53.673Z] checkResumeConsistency: forgedTimestamps=[["project","1970-01-01T00:00:00.000Z"]]
[2026-07-28T01:39:53.693Z] checkResumeConsistency: injecting 1 diff notification(s)
[2026-07-28T01:39:53.694Z] injectForgedHistory: role=user preview="[agent-auto] [memory-update 2026-07-28 09:32:16] project memory file has been mo"
[2026-07-28T01:39:53.736Z] injectForgedHistory: recordMessage persisted
[2026-07-28T01:39:53.736Z] LiveUpdateForge: session reset, allowLiveUpdate = false
[2026-07-28T01:39:53.737Z] NudgeForge: ResumeComplete — restoring count from history
[2026-07-28T01:39:53.738Z] restoreNudgeCountFromHistory: found last write at idx=754 count=8
[2026-07-28T01:39:53.801Z] LiveUpdateForge: allowLiveUpdate = true (first real BeforeSend)
[2026-07-28T01:39:53.803Z] InitialReadForge.onBeforeSend: SKIP (fr=false syn=false hasRead=true)
[2026-07-28T01:40:26.983Z] LiveUpdateForge: EndTurn fallback flush
[2026-07-28T01:40:26.984Z] onEndTurn: naturalStop=false toolCalls=8 nudgeMsg=no
[2026-07-28T01:40:27.011Z] LiveUpdateForge: AfterToolExec flush
[2026-07-28T01:40:27.059Z] InitialReadForge.onBeforeSend: SKIP (fr=true syn=false hasRead=true)
[2026-07-28T01:40:33.236Z] LiveUpdateForge: EndTurn fallback flush
[2026-07-28T01:40:33.237Z] onEndTurn: naturalStop=false toolCalls=9 nudgeMsg=no
[2026-07-28T01:40:33.254Z] LiveUpdateForge: AfterToolExec flush
[2026-07-28T01:40:33.306Z] InitialReadForge.onBeforeSend: SKIP (fr=true syn=false hasRead=true)
[2026-07-28T01:40:43.808Z] LiveUpdateForge: EndTurn fallback flush
[2026-07-28T01:40:43.809Z] onEndTurn: naturalStop=false toolCalls=10 nudgeMsg=no
[2026-07-28T01:40:44.283Z] LiveUpdateForge: AfterToolExec flush
[2026-07-28T01:40:44.341Z] InitialReadForge.onBeforeSend: SKIP (fr=true syn=false hasRead=true)
[2026-07-28T01:40:50.523Z] LiveUpdateForge: EndTurn fallback flush
[2026-07-28T01:40:50.524Z] onEndTurn: naturalStop=false toolCalls=11 nudgeMsg=no
[2026-07-28T01:40:50.991Z] LiveUpdateForge: AfterToolExec flush
[2026-07-28T01:40:51.052Z] InitialReadForge.onBeforeSend: SKIP (fr=true syn=false hasRead=true)
[2026-07-28T01:40:54.669Z] LiveUpdateForge: EndTurn fallback flush
[2026-07-28T01:40:54.670Z] onEndTurn: naturalStop=false toolCalls=12 nudgeMsg=no
[2026-07-28T01:40:54.699Z] LiveUpdateForge: AfterToolExec flush
[2026-07-28T01:40:54.749Z] InitialReadForge.onBeforeSend: SKIP (fr=true syn=false hasRead=true)
[2026-07-28T01:41:00.308Z] LiveUpdateForge: EndTurn fallback flush
[2026-07-28T01:41:00.309Z] onEndTurn: naturalStop=false toolCalls=13 nudgeMsg=no
[2026-07-28T01:41:00.457Z] LiveUpdateForge: AfterToolExec flush
[2026-07-28T01:41:00.538Z] InitialReadForge.onBeforeSend: SKIP (fr=true syn=false hasRead=true)
[2026-07-28T01:41:06.253Z] LiveUpdateForge: EndTurn fallback flush
[2026-07-28T01:41:06.254Z] onEndTurn: naturalStop=false toolCalls=14 nudgeMsg=no
[2026-07-28T01:41:06.273Z] LiveUpdateForge: AfterToolExec flush
[2026-07-28T01:41:06.376Z] InitialReadForge.onBeforeSend: SKIP (fr=true syn=false hasRead=true)
[2026-07-28T01:41:15.277Z] LiveUpdateForge: EndTurn fallback flush
[2026-07-28T01:41:15.278Z] onEndTurn: naturalStop=false toolCalls=15 nudgeMsg=no
[2026-07-28T01:41:15.453Z] LiveUpdateForge: AfterToolExec flush
[2026-07-28T01:41:15.546Z] InitialReadForge.onBeforeSend: SKIP (fr=true syn=false hasRead=true)
[2026-07-28T01:41:18.782Z] LiveUpdateForge: EndTurn fallback flush
[2026-07-28T01:41:18.784Z] onEndTurn: naturalStop=false toolCalls=16 nudgeMsg=no
[2026-07-28T01:41:19.363Z] LiveUpdateForge: AfterToolExec flush
[2026-07-28T01:41:19.428Z] InitialReadForge.onBeforeSend: SKIP (fr=true syn=false hasRead=true)
[2026-07-28T01:42:07.157Z] LiveUpdateForge: EndTurn fallback flush
[2026-07-28T01:42:07.158Z] onEndTurn: naturalStop=false toolCalls=17 nudgeMsg=no
[2026-07-28T01:42:07.180Z] LiveUpdateForge: AfterToolExec flush
[2026-07-28T01:42:07.239Z] InitialReadForge.onBeforeSend: SKIP (fr=true syn=false hasRead=true)
[2026-07-28T01:42:12.876Z] ResumeDiffForge: running checkResumeConsistency
[2026-07-28T01:42:12.877Z] checkResumeConsistency: forgedTimestamps=[["project","1970-01-01T00:00:00.000Z"]]
[2026-07-28T01:42:12.903Z] checkResumeConsistency: injecting 1 diff notification(s)
[2026-07-28T01:42:12.903Z] injectForgedHistory: role=user preview="[agent-auto] [memory-update 2026-07-28 09:32:16] project memory file has been mo"
[2026-07-28T01:42:12.936Z] injectForgedHistory: recordMessage persisted
[2026-07-28T01:42:12.937Z] LiveUpdateForge: session reset, allowLiveUpdate = false
[2026-07-28T01:42:12.937Z] NudgeForge: ResumeComplete — restoring count from history
[2026-07-28T01:42:12.938Z] restoreNudgeCountFromHistory: found last write at idx=754 count=8
[2026-07-28T01:42:12.996Z] LiveUpdateForge: allowLiveUpdate = true (first real BeforeSend)
[2026-07-28T01:42:13.000Z] InitialReadForge.onBeforeSend: SKIP (fr=false syn=false hasRead=true)
[2026-07-28T01:42:23.871Z] LiveUpdateForge: EndTurn fallback flush
[2026-07-28T01:42:23.872Z] onEndTurn: naturalStop=false toolCalls=8 nudgeMsg=no
[2026-07-28T01:42:23.897Z] LiveUpdateForge: AfterToolExec flush
[2026-07-28T01:42:23.943Z] InitialReadForge.onBeforeSend: SKIP (fr=true syn=false hasRead=true)
[2026-07-28T01:42:27.086Z] LiveUpdateForge: EndTurn fallback flush
[2026-07-28T01:42:27.087Z] onEndTurn: naturalStop=false toolCalls=9 nudgeMsg=no
[2026-07-28T01:42:27.100Z] LiveUpdateForge: AfterToolExec flush
[2026-07-28T01:42:27.142Z] InitialReadForge.onBeforeSend: SKIP (fr=true syn=false hasRead=true)
[2026-07-28T01:42:32.012Z] LiveUpdateForge: EndTurn fallback flush
[2026-07-28T01:42:32.012Z] onEndTurn: naturalStop=false toolCalls=10 nudgeMsg=no
[2026-07-28T01:42:32.030Z] LiveUpdateForge: AfterToolExec flush
[2026-07-28T01:42:32.079Z] InitialReadForge.onBeforeSend: SKIP (fr=true syn=false hasRead=true)
[2026-07-28T01:42:37.353Z] LiveUpdateForge: EndTurn fallback flush
[2026-07-28T01:42:37.354Z] onEndTurn: naturalStop=false toolCalls=11 nudgeMsg=no
[2026-07-28T01:42:37.381Z] LiveUpdateForge: AfterToolExec flush
[2026-07-28T01:42:37.430Z] InitialReadForge.onBeforeSend: SKIP (fr=true syn=false hasRead=true)
[2026-07-28T01:42:41.871Z] LiveUpdateForge: EndTurn fallback flush
[2026-07-28T01:42:41.872Z] onEndTurn: naturalStop=false toolCalls=12 nudgeMsg=no
[2026-07-28T01:42:41.886Z] LiveUpdateForge: AfterToolExec flush
[2026-07-28T01:42:41.933Z] InitialReadForge.onBeforeSend: SKIP (fr=true syn=false hasRead=true)
[2026-07-28T01:42:44.985Z] LiveUpdateForge: EndTurn fallback flush
[2026-07-28T01:42:44.986Z] onEndTurn: naturalStop=false toolCalls=13 nudgeMsg=no
[2026-07-28T01:42:44.997Z] LiveUpdateForge: AfterToolExec flush
[2026-07-28T01:42:45.039Z] InitialReadForge.onBeforeSend: SKIP (fr=true syn=false hasRead=true)
[2026-07-28T01:42:47.478Z] LiveUpdateForge: EndTurn fallback flush
[2026-07-28T01:42:47.479Z] onEndTurn: naturalStop=false toolCalls=14 nudgeMsg=no
[2026-07-28T01:42:47.491Z] LiveUpdateForge: AfterToolExec flush
[2026-07-28T01:42:47.535Z] InitialReadForge.onBeforeSend: SKIP (fr=true syn=false hasRead=true)
[2026-07-28T01:42:54.258Z] LiveUpdateForge: EndTurn fallback flush
[2026-07-28T01:42:54.259Z] onEndTurn: naturalStop=false toolCalls=15 nudgeMsg=no
[2026-07-28T01:42:54.495Z] LiveUpdateForge: AfterToolExec flush
[2026-07-28T01:42:54.550Z] InitialReadForge.onBeforeSend: SKIP (fr=true syn=false hasRead=true)
[2026-07-28T01:42:57.816Z] LiveUpdateForge: EndTurn fallback flush
[2026-07-28T01:42:57.816Z] onEndTurn: naturalStop=false toolCalls=16 nudgeMsg=no
[2026-07-28T01:42:58.017Z] LiveUpdateForge: AfterToolExec flush
[2026-07-28T01:42:58.070Z] InitialReadForge.onBeforeSend: SKIP (fr=true syn=false hasRead=true)
[2026-07-28T01:43:04.629Z] LiveUpdateForge: EndTurn fallback flush
[2026-07-28T01:43:04.630Z] onEndTurn: naturalStop=false toolCalls=17 nudgeMsg=no
[2026-07-28T01:43:04.836Z] LiveUpdateForge: AfterToolExec flush
[2026-07-28T01:43:04.892Z] InitialReadForge.onBeforeSend: SKIP (fr=true syn=false hasRead=true)
[2026-07-28T01:44:08.999Z] LiveUpdateForge: EndTurn fallback flush
[2026-07-28T01:44:09.000Z] onEndTurn: naturalStop=false toolCalls=18 nudgeMsg=no
[2026-07-28T01:44:09.145Z] LiveUpdateForge: AfterToolExec flush
[2026-07-28T01:44:09.204Z] InitialReadForge.onBeforeSend: SKIP (fr=true syn=false hasRead=true)
[2026-07-28T01:44:11.874Z] LiveUpdateForge: EndTurn fallback flush
[2026-07-28T01:44:11.875Z] onEndTurn: naturalStop=false toolCalls=19 nudgeMsg=no
[2026-07-28T01:44:12.465Z] LiveUpdateForge: AfterToolExec flush
[2026-07-28T01:44:12.531Z] InitialReadForge.onBeforeSend: SKIP (fr=true syn=false hasRead=true)
[2026-07-28T01:44:15.479Z] LiveUpdateForge: EndTurn fallback flush
[2026-07-28T01:44:15.479Z] onEndTurn: naturalStop=false toolCalls=20 nudgeMsg=no
[2026-07-28T01:44:15.895Z] LiveUpdateForge: AfterToolExec flush
[2026-07-28T01:44:15.940Z] InitialReadForge.onBeforeSend: SKIP (fr=true syn=false hasRead=true)
[2026-07-28T01:44:18.464Z] LiveUpdateForge: EndTurn fallback flush
[2026-07-28T01:44:18.465Z] onEndTurn: naturalStop=false toolCalls=21 nudgeMsg=no
[2026-07-28T01:44:18.485Z] LiveUpdateForge: AfterToolExec flush
[2026-07-28T01:44:18.530Z] InitialReadForge.onBeforeSend: SKIP (fr=true syn=false hasRead=true)
[2026-07-28T01:44:22.331Z] LiveUpdateForge: EndTurn fallback flush
[2026-07-28T01:44:22.332Z] onEndTurn: naturalStop=false toolCalls=22 nudgeMsg=no
[2026-07-28T01:44:22.508Z] LiveUpdateForge: AfterToolExec flush
[2026-07-28T01:44:22.560Z] InitialReadForge.onBeforeSend: SKIP (fr=true syn=false hasRead=true)
[2026-07-28T01:44:27.278Z] LiveUpdateForge: EndTurn fallback flush
[2026-07-28T01:44:27.278Z] onEndTurn: naturalStop=false toolCalls=23 nudgeMsg=no
[2026-07-28T01:44:27.293Z] LiveUpdateForge: AfterToolExec flush
[2026-07-28T01:44:27.347Z] InitialReadForge.onBeforeSend: SKIP (fr=true syn=false hasRead=true)
[2026-07-28T01:44:31.904Z] LiveUpdateForge: EndTurn fallback flush
[2026-07-28T01:44:31.905Z] onEndTurn: naturalStop=false toolCalls=24 nudgeMsg=no
[2026-07-28T01:44:32.007Z] LiveUpdateForge: AfterToolExec flush
[2026-07-28T01:44:32.068Z] InitialReadForge.onBeforeSend: SKIP (fr=true syn=false hasRead=true)
[2026-07-28T01:44:35.485Z] LiveUpdateForge: EndTurn fallback flush
[2026-07-28T01:44:35.486Z] onEndTurn: naturalStop=false toolCalls=25 nudgeMsg=no
[2026-07-28T01:44:35.538Z] InitialReadForge.onBeforeSend: SKIP (fr=true syn=false hasRead=true)
[2026-07-28T01:44:38.877Z] LiveUpdateForge: EndTurn fallback flush
[2026-07-28T01:44:38.878Z] onEndTurn: naturalStop=false toolCalls=25 nudgeMsg=no
[2026-07-28T01:44:39.372Z] LiveUpdateForge: AfterToolExec flush
[2026-07-28T01:44:39.422Z] InitialReadForge.onBeforeSend: SKIP (fr=true syn=false hasRead=true)
[2026-07-28T01:44:42.199Z] LiveUpdateForge: EndTurn fallback flush
[2026-07-28T01:44:42.200Z] onEndTurn: naturalStop=false toolCalls=26 nudgeMsg=no
[2026-07-28T01:44:42.214Z] LiveUpdateForge: AfterToolExec flush
[2026-07-28T01:44:42.267Z] InitialReadForge.onBeforeSend: SKIP (fr=true syn=false hasRead=true)
[2026-07-28T01:44:46.055Z] LiveUpdateForge: EndTurn fallback flush
[2026-07-28T01:44:46.056Z] onEndTurn: naturalStop=false toolCalls=27 nudgeMsg=no
[2026-07-28T01:44:46.161Z] LiveUpdateForge: AfterToolExec flush
[2026-07-28T01:44:46.209Z] InitialReadForge.onBeforeSend: SKIP (fr=true syn=false hasRead=true)
[2026-07-28T01:44:51.183Z] LiveUpdateForge: EndTurn fallback flush
[2026-07-28T01:44:51.184Z] onEndTurn: naturalStop=false toolCalls=28 nudgeMsg=no
[2026-07-28T01:44:51.197Z] LiveUpdateForge: AfterToolExec flush
[2026-07-28T01:44:51.246Z] InitialReadForge.onBeforeSend: SKIP (fr=true syn=false hasRead=true)
[2026-07-28T01:44:53.842Z] LiveUpdateForge: EndTurn fallback flush
[2026-07-28T01:44:53.843Z] onEndTurn: naturalStop=false toolCalls=29 nudgeMsg=no
[2026-07-28T01:44:54.006Z] LiveUpdateForge: AfterToolExec flush
[2026-07-28T01:44:54.057Z] InitialReadForge.onBeforeSend: SKIP (fr=true syn=false hasRead=true)
[2026-07-28T01:44:56.944Z] LiveUpdateForge: EndTurn fallback flush
[2026-07-28T01:44:56.945Z] onEndTurn: naturalStop=false toolCalls=30 nudgeMsg=no
[2026-07-28T01:44:56.959Z] LiveUpdateForge: AfterToolExec flush
[2026-07-28T01:44:57.008Z] InitialReadForge.onBeforeSend: SKIP (fr=true syn=false hasRead=true)
[2026-07-28T01:45:00.556Z] LiveUpdateForge: EndTurn fallback flush
[2026-07-28T01:45:00.557Z] onEndTurn: naturalStop=false toolCalls=31 nudgeMsg=no
[2026-07-28T01:45:00.577Z] LiveUpdateForge: AfterToolExec flush
[2026-07-28T01:45:00.642Z] InitialReadForge.onBeforeSend: SKIP (fr=true syn=false hasRead=true)
[2026-07-28T01:45:03.755Z] LiveUpdateForge: EndTurn fallback flush
[2026-07-28T01:45:03.756Z] onEndTurn: naturalStop=false toolCalls=32 nudgeMsg=no
[2026-07-28T01:45:03.852Z] LiveUpdateForge: AfterToolExec flush
[2026-07-28T01:45:03.914Z] InitialReadForge.onBeforeSend: SKIP (fr=true syn=false hasRead=true)
[2026-07-28T01:45:07.132Z] LiveUpdateForge: EndTurn fallback flush
[2026-07-28T01:45:07.132Z] onEndTurn: naturalStop=false toolCalls=33 nudgeMsg=no
[2026-07-28T01:45:07.545Z] LiveUpdateForge: AfterToolExec flush
[2026-07-28T01:45:07.594Z] InitialReadForge.onBeforeSend: SKIP (fr=true syn=false hasRead=true)
[2026-07-28T01:45:10.874Z] LiveUpdateForge: EndTurn fallback flush
[2026-07-28T01:45:10.874Z] onEndTurn: naturalStop=false toolCalls=34 nudgeMsg=no
[2026-07-28T01:45:10.885Z] LiveUpdateForge: AfterToolExec flush
[2026-07-28T01:45:10.930Z] InitialReadForge.onBeforeSend: SKIP (fr=true syn=false hasRead=true)
[2026-07-28T01:45:16.168Z] LiveUpdateForge: EndTurn fallback flush
[2026-07-28T01:45:16.169Z] onEndTurn: naturalStop=false toolCalls=35 nudgeMsg=no
[2026-07-28T01:45:16.272Z] LiveUpdateForge: AfterToolExec flush
[2026-07-28T01:45:16.329Z] InitialReadForge.onBeforeSend: SKIP (fr=true syn=false hasRead=true)
[2026-07-28T01:45:20.069Z] LiveUpdateForge: EndTurn fallback flush
[2026-07-28T01:45:20.070Z] onEndTurn: naturalStop=false toolCalls=36 nudgeMsg=no
[2026-07-28T01:45:20.315Z] LiveUpdateForge: AfterToolExec flush
[2026-07-28T01:45:20.381Z] InitialReadForge.onBeforeSend: SKIP (fr=true syn=false hasRead=true)
[2026-07-28T01:45:23.344Z] LiveUpdateForge: EndTurn fallback flush
[2026-07-28T01:45:23.345Z] onEndTurn: naturalStop=false toolCalls=37 nudgeMsg=no
[2026-07-28T01:45:23.860Z] LiveUpdateForge: AfterToolExec flush
[2026-07-28T01:45:23.929Z] InitialReadForge.onBeforeSend: SKIP (fr=true syn=false hasRead=true)
[2026-07-28T01:45:28.167Z] LiveUpdateForge: EndTurn fallback flush
[2026-07-28T01:45:28.167Z] onEndTurn: naturalStop=false toolCalls=38 nudgeMsg=no
[2026-07-28T01:45:28.577Z] LiveUpdateForge: AfterToolExec flush
[2026-07-28T01:45:28.633Z] InitialReadForge.onBeforeSend: SKIP (fr=true syn=false hasRead=true)
[2026-07-28T01:45:32.414Z] LiveUpdateForge: EndTurn fallback flush
[2026-07-28T01:45:32.414Z] onEndTurn: naturalStop=false toolCalls=39 nudgeMsg=no
[2026-07-28T01:45:32.425Z] LiveUpdateForge: AfterToolExec flush
[2026-07-28T01:45:32.473Z] InitialReadForge.onBeforeSend: SKIP (fr=true syn=false hasRead=true)
[2026-07-28T01:45:35.186Z] LiveUpdateForge: EndTurn fallback flush
[2026-07-28T01:45:35.186Z] onEndTurn: naturalStop=false toolCalls=40 nudgeMsg=no
[2026-07-28T01:45:35.199Z] LiveUpdateForge: AfterToolExec flush
[2026-07-28T01:45:35.250Z] InitialReadForge.onBeforeSend: SKIP (fr=true syn=false hasRead=true)
[2026-07-28T01:45:42.117Z] LiveUpdateForge: EndTurn fallback flush
[2026-07-28T01:45:42.118Z] onEndTurn: naturalStop=false toolCalls=41 nudgeMsg=no
[2026-07-28T01:45:42.242Z] LiveUpdateForge: AfterToolExec flush
[2026-07-28T01:45:42.294Z] InitialReadForge.onBeforeSend: SKIP (fr=true syn=false hasRead=true)
[2026-07-28T01:45:49.669Z] LiveUpdateForge: EndTurn fallback flush
[2026-07-28T01:45:49.670Z] onEndTurn: naturalStop=false toolCalls=42 nudgeMsg=no
[2026-07-28T01:45:50.670Z] LiveUpdateForge: AfterToolExec flush
[2026-07-28T01:45:50.718Z] InitialReadForge.onBeforeSend: SKIP (fr=true syn=false hasRead=true)
[2026-07-28T01:45:53.954Z] LiveUpdateForge: EndTurn fallback flush
[2026-07-28T01:45:53.955Z] onEndTurn: naturalStop=false toolCalls=43 nudgeMsg=no
[2026-07-28T01:46:03.271Z] LiveUpdateForge: AfterToolExec flush
[2026-07-28T01:46:03.329Z] InitialReadForge.onBeforeSend: SKIP (fr=true syn=false hasRead=true)
[2026-07-28T01:46:08.452Z] LiveUpdateForge: EndTurn fallback flush
[2026-07-28T01:46:08.452Z] onEndTurn: naturalStop=true toolCalls=44 nudgeMsg=no
[2026-07-28T01:50:20.116Z] ResumeDiffForge: running checkResumeConsistency
[2026-07-28T01:50:20.117Z] checkResumeConsistency: forgedTimestamps=[["project","1970-01-01T00:00:00.000Z"]]
[2026-07-28T01:50:20.136Z] checkResumeConsistency: injecting 1 diff notification(s)
[2026-07-28T01:50:20.136Z] injectForgedHistory: role=user preview="[agent-auto] [memory-update 2026-07-28 09:32:16] project memory file has been mo"
[2026-07-28T01:50:20.171Z] injectForgedHistory: recordMessage persisted
[2026-07-28T01:50:20.172Z] LiveUpdateForge: session reset, allowLiveUpdate = false
[2026-07-28T01:50:20.172Z] NudgeForge: ResumeComplete — restoring count from history
[2026-07-28T01:50:20.173Z] restoreNudgeCountFromHistory: found last write at idx=754 count=45
[2026-07-28T01:50:20.230Z] LiveUpdateForge: allowLiveUpdate = true (first real BeforeSend)
[2026-07-28T01:50:20.231Z] InitialReadForge.onBeforeSend: SKIP (fr=false syn=false hasRead=true)
[2026-07-28T01:50:27.243Z] LiveUpdateForge: EndTurn fallback flush
[2026-07-28T01:50:27.244Z] onEndTurn: naturalStop=false toolCalls=45 nudgeMsg=no
[2026-07-28T01:50:27.709Z] LiveUpdateForge: AfterToolExec flush
[2026-07-28T01:50:27.765Z] InitialReadForge.onBeforeSend: SKIP (fr=true syn=false hasRead=true)
[2026-07-28T01:50:31.993Z] LiveUpdateForge: EndTurn fallback flush
[2026-07-28T01:50:31.994Z] onEndTurn: naturalStop=false toolCalls=46 nudgeMsg=no
[2026-07-28T01:50:32.003Z] LiveUpdateForge: AfterToolExec flush
[2026-07-28T01:50:32.057Z] InitialReadForge.onBeforeSend: SKIP (fr=true syn=false hasRead=true)
[2026-07-28T01:51:38.656Z] LiveUpdateForge: EndTurn fallback flush
[2026-07-28T01:51:38.657Z] onEndTurn: naturalStop=false toolCalls=47 nudgeMsg=no
[2026-07-28T01:51:38.907Z] LiveUpdateForge: AfterToolExec flush
[2026-07-28T01:51:38.967Z] InitialReadForge.onBeforeSend: SKIP (fr=true syn=false hasRead=true)
[2026-07-28T01:52:05.404Z] LiveUpdateForge: EndTurn fallback flush
[2026-07-28T01:52:05.405Z] onEndTurn: naturalStop=true toolCalls=48 nudgeMsg=no
[2026-07-28T01:54:37.231Z] ResumeDiffForge: running checkResumeConsistency
[2026-07-28T01:54:37.232Z] checkResumeConsistency: forgedTimestamps=[["project","1970-01-01T00:00:00.000Z"]]
[2026-07-28T01:54:37.256Z] checkResumeConsistency: injecting 1 diff notification(s)
[2026-07-28T01:54:37.257Z] injectForgedHistory: role=user preview="[agent-auto] [memory-update 2026-07-28 09:32:16] project memory file has been mo"
[2026-07-28T01:54:37.298Z] injectForgedHistory: recordMessage persisted
[2026-07-28T01:54:37.299Z] LiveUpdateForge: session reset, allowLiveUpdate = false
[2026-07-28T01:54:37.299Z] NudgeForge: ResumeComplete — restoring count from history
[2026-07-28T01:54:37.300Z] restoreNudgeCountFromHistory: found last write at idx=754 count=48
[2026-07-28T01:54:37.369Z] LiveUpdateForge: allowLiveUpdate = true (first real BeforeSend)
[2026-07-28T01:54:37.370Z] InitialReadForge.onBeforeSend: SKIP (fr=false syn=false hasRead=true)
[2026-07-28T01:54:58.538Z] LiveUpdateForge: EndTurn fallback flush
[2026-07-28T01:54:58.538Z] onEndTurn: naturalStop=false toolCalls=48 nudgeMsg=no
[2026-07-28T01:54:58.943Z] LiveUpdateForge: AfterToolExec flush
[2026-07-28T01:54:58.987Z] InitialReadForge.onBeforeSend: SKIP (fr=true syn=false hasRead=true)
[2026-07-28T01:55:09.649Z] LiveUpdateForge: EndTurn fallback flush
[2026-07-28T01:55:09.650Z] onEndTurn: naturalStop=false toolCalls=49 nudgeMsg=no
[2026-07-28T01:55:09.669Z] LiveUpdateForge: AfterToolExec flush
[2026-07-28T01:55:09.726Z] InitialReadForge.onBeforeSend: SKIP (fr=true syn=false hasRead=true)
[2026-07-28T01:55:14.036Z] LiveUpdateForge: EndTurn fallback flush
[2026-07-28T01:55:14.037Z] onEndTurn: naturalStop=false toolCalls=50 nudgeMsg=no
[2026-07-28T01:55:14.047Z] LiveUpdateForge: AfterToolExec flush
[2026-07-28T01:55:14.093Z] InitialReadForge.onBeforeSend: SKIP (fr=true syn=false hasRead=true)
[2026-07-28T01:55:17.315Z] LiveUpdateForge: EndTurn fallback flush
[2026-07-28T01:55:17.315Z] onEndTurn: naturalStop=false toolCalls=51 nudgeMsg=no
[2026-07-28T01:55:17.326Z] LiveUpdateForge: AfterToolExec flush
[2026-07-28T01:55:17.370Z] InitialReadForge.onBeforeSend: SKIP (fr=true syn=false hasRead=true)
[2026-07-28T01:55:33.048Z] LiveUpdateForge: EndTurn fallback flush
[2026-07-28T01:55:33.049Z] onEndTurn: naturalStop=false toolCalls=52 nudgeMsg=no
[2026-07-28T01:55:33.297Z] LiveUpdateForge: AfterToolExec flush
[2026-07-28T01:55:33.352Z] InitialReadForge.onBeforeSend: SKIP (fr=true syn=false hasRead=true)
[2026-07-28T01:55:44.632Z] LiveUpdateForge: EndTurn fallback flush
[2026-07-28T01:55:44.633Z] onEndTurn: naturalStop=false toolCalls=53 nudgeMsg=no
[2026-07-28T01:55:44.642Z] LiveUpdateForge: AfterToolExec flush
[2026-07-28T01:55:44.696Z] InitialReadForge.onBeforeSend: SKIP (fr=true syn=false hasRead=true)
[2026-07-28T01:56:11.414Z] LiveUpdateForge: EndTurn fallback flush
[2026-07-28T01:56:11.415Z] onEndTurn: naturalStop=false toolCalls=54 nudgeMsg=no
[2026-07-28T01:56:11.740Z] LiveUpdateForge: AfterToolExec flush
[2026-07-28T01:56:11.804Z] InitialReadForge.onBeforeSend: SKIP (fr=true syn=false hasRead=true)
[2026-07-28T01:56:29.961Z] LiveUpdateForge: EndTurn fallback flush
[2026-07-28T01:56:29.962Z] onEndTurn: naturalStop=false toolCalls=55 nudgeMsg=no
[2026-07-28T01:56:30.767Z] LiveUpdateForge: AfterToolExec flush
[2026-07-28T01:56:30.807Z] InitialReadForge.onBeforeSend: SKIP (fr=true syn=false hasRead=true)
[2026-07-28T01:56:45.863Z] LiveUpdateForge: EndTurn fallback flush
[2026-07-28T01:56:45.863Z] onEndTurn: naturalStop=false toolCalls=56 nudgeMsg=no
[2026-07-28T01:56:54.100Z] LiveUpdateForge: AfterToolExec flush
[2026-07-28T01:56:54.147Z] InitialReadForge.onBeforeSend: SKIP (fr=true syn=false hasRead=true)
[2026-07-28T01:57:02.199Z] LiveUpdateForge: EndTurn fallback flush
[2026-07-28T01:57:02.200Z] onEndTurn: naturalStop=true toolCalls=0 nudgeMsg=YES
[2026-07-28T01:57:02.209Z] InitialReadForge.onBeforeSend: SKIP (fr=false syn=false hasRead=true)
[2026-07-28T01:57:12.329Z] LiveUpdateForge: EndTurn fallback flush
[2026-07-28T01:57:12.329Z] onEndTurn: naturalStop=false toolCalls=0 nudgeMsg=no
[2026-07-28T01:57:12.349Z] LiveUpdateForge: self-write on D:\unity\demo\CODELY.md, baseline aligned
[2026-07-28T01:57:12.350Z] LiveUpdateForge: AfterToolExec flush
[2026-07-28T01:57:12.392Z] InitialReadForge.onBeforeSend: SKIP (fr=true syn=false hasRead=true)
[2026-07-28T01:57:12.934Z] LiveUpdateForge: pending external change on D:\unity\demo\CODELY.md
[2026-07-28T01:57:16.483Z] LiveUpdateForge: EndTurn fallback flush
[2026-07-28T01:57:16.484Z] onEndTurn: naturalStop=true toolCalls=0 nudgeMsg=no
[2026-07-28T02:00:09.324Z] ResumeDiffForge: running checkResumeConsistency
[2026-07-28T02:00:09.326Z] checkResumeConsistency: forgedTimestamps=[["project","1970-01-01T00:00:00.000Z"]]
[2026-07-28T02:00:09.351Z] checkResumeConsistency: injecting 1 diff notification(s)
[2026-07-28T02:00:09.365Z] injectForgedHistory: role=user preview="[agent-auto] [memory-update 2026-07-28 09:57:12] project memory file has been mo"
[2026-07-28T02:00:09.402Z] injectForgedHistory: recordMessage persisted
[2026-07-28T02:00:09.403Z] LiveUpdateForge: session reset, allowLiveUpdate = false
[2026-07-28T02:00:09.403Z] NudgeForge: ResumeComplete — restoring count from history
[2026-07-28T02:00:09.404Z] restoreNudgeCountFromHistory: found last write at idx=884 count=0
[2026-07-28T02:00:09.471Z] LiveUpdateForge: allowLiveUpdate = true (first real BeforeSend)
[2026-07-28T02:00:09.472Z] InitialReadForge.onBeforeSend: SKIP (fr=false syn=false hasRead=true)
[2026-07-28T02:00:15.781Z] LiveUpdateForge: EndTurn fallback flush
[2026-07-28T02:00:15.782Z] onEndTurn: naturalStop=false toolCalls=0 nudgeMsg=no
[2026-07-28T02:00:16.161Z] LiveUpdateForge: AfterToolExec flush
[2026-07-28T02:00:16.214Z] InitialReadForge.onBeforeSend: SKIP (fr=true syn=false hasRead=true)
[2026-07-28T02:00:20.606Z] LiveUpdateForge: EndTurn fallback flush
[2026-07-28T02:00:20.606Z] onEndTurn: naturalStop=false toolCalls=1 nudgeMsg=no
[2026-07-28T02:00:20.621Z] LiveUpdateForge: AfterToolExec flush
[2026-07-28T02:00:20.673Z] InitialReadForge.onBeforeSend: SKIP (fr=true syn=false hasRead=true)
[2026-07-28T02:00:29.002Z] LiveUpdateForge: EndTurn fallback flush
[2026-07-28T02:00:29.003Z] onEndTurn: naturalStop=false toolCalls=2 nudgeMsg=no
[2026-07-28T02:00:29.233Z] LiveUpdateForge: AfterToolExec flush
[2026-07-28T02:00:29.289Z] InitialReadForge.onBeforeSend: SKIP (fr=true syn=false hasRead=true)
[2026-07-28T02:00:39.722Z] LiveUpdateForge: EndTurn fallback flush
[2026-07-28T02:00:39.723Z] onEndTurn: naturalStop=false toolCalls=3 nudgeMsg=no
[2026-07-28T02:00:39.822Z] LiveUpdateForge: AfterToolExec flush
[2026-07-28T02:00:39.877Z] InitialReadForge.onBeforeSend: SKIP (fr=true syn=false hasRead=true)
[2026-07-28T02:00:43.254Z] LiveUpdateForge: EndTurn fallback flush
[2026-07-28T02:00:43.255Z] onEndTurn: naturalStop=true toolCalls=4 nudgeMsg=no
[2026-07-28T02:01:58.468Z] ResumeDiffForge: running checkResumeConsistency
[2026-07-28T02:01:58.469Z] checkResumeConsistency: forgedTimestamps=[["project","1970-01-01T00:00:00.000Z"]]
[2026-07-28T02:01:58.493Z] checkResumeConsistency: injecting 1 diff notification(s)
[2026-07-28T02:01:58.494Z] injectForgedHistory: role=user preview="[agent-auto] [memory-update 2026-07-28 09:57:12] project memory file has been mo"
[2026-07-28T02:01:58.535Z] injectForgedHistory: recordMessage persisted
[2026-07-28T02:01:58.536Z] LiveUpdateForge: session reset, allowLiveUpdate = false
[2026-07-28T02:01:58.536Z] NudgeForge: ResumeComplete — restoring count from history
[2026-07-28T02:01:58.537Z] restoreNudgeCountFromHistory: found last write at idx=884 count=4
[2026-07-28T02:01:58.605Z] LiveUpdateForge: allowLiveUpdate = true (first real BeforeSend)
[2026-07-28T02:01:58.606Z] InitialReadForge.onBeforeSend: SKIP (fr=false syn=false hasRead=true)
[2026-07-28T02:02:07.067Z] LiveUpdateForge: EndTurn fallback flush
[2026-07-28T02:02:07.068Z] onEndTurn: naturalStop=false toolCalls=4 nudgeMsg=no
[2026-07-28T02:02:07.382Z] LiveUpdateForge: AfterToolExec flush
[2026-07-28T02:02:07.426Z] InitialReadForge.onBeforeSend: SKIP (fr=true syn=false hasRead=true)
[2026-07-28T02:03:08.676Z] LiveUpdateForge: EndTurn fallback flush
[2026-07-28T02:03:08.677Z] onEndTurn: naturalStop=false toolCalls=5 nudgeMsg=no
[2026-07-28T02:03:09.272Z] LiveUpdateForge: AfterToolExec flush
[2026-07-28T02:03:09.317Z] InitialReadForge.onBeforeSend: SKIP (fr=true syn=false hasRead=true)
[2026-07-28T02:03:15.859Z] LiveUpdateForge: EndTurn fallback flush
[2026-07-28T02:03:15.859Z] onEndTurn: naturalStop=false toolCalls=6 nudgeMsg=no
[2026-07-28T02:03:25.380Z] LiveUpdateForge: AfterToolExec flush
[2026-07-28T02:03:25.434Z] InitialReadForge.onBeforeSend: SKIP (fr=true syn=false hasRead=true)
[2026-07-28T02:03:30.114Z] LiveUpdateForge: EndTurn fallback flush
[2026-07-28T02:03:30.115Z] onEndTurn: naturalStop=false toolCalls=7 nudgeMsg=no
[2026-07-28T02:03:30.175Z] LiveUpdateForge: AfterToolExec flush
[2026-07-28T02:03:30.224Z] InitialReadForge.onBeforeSend: SKIP (fr=true syn=false hasRead=true)
[2026-07-28T02:03:33.923Z] LiveUpdateForge: EndTurn fallback flush
[2026-07-28T02:03:33.924Z] onEndTurn: naturalStop=true toolCalls=8 nudgeMsg=no
[2026-07-28T02:04:53.004Z] ResumeDiffForge: running checkResumeConsistency
[2026-07-28T02:04:53.005Z] checkResumeConsistency: forgedTimestamps=[["project","1970-01-01T00:00:00.000Z"]]
[2026-07-28T02:04:53.027Z] checkResumeConsistency: injecting 1 diff notification(s)
[2026-07-28T02:04:53.027Z] injectForgedHistory: role=user preview="[agent-auto] [memory-update 2026-07-28 09:57:12] project memory file has been mo"
[2026-07-28T02:04:53.063Z] injectForgedHistory: recordMessage persisted
[2026-07-28T02:04:53.063Z] LiveUpdateForge: session reset, allowLiveUpdate = false
[2026-07-28T02:04:53.064Z] NudgeForge: ResumeComplete — restoring count from history
[2026-07-28T02:04:53.065Z] restoreNudgeCountFromHistory: found last write at idx=884 count=8
[2026-07-28T02:04:53.148Z] LiveUpdateForge: allowLiveUpdate = true (first real BeforeSend)
[2026-07-28T02:04:53.151Z] InitialReadForge.onBeforeSend: SKIP (fr=false syn=false hasRead=true)
[2026-07-28T02:04:59.396Z] LiveUpdateForge: EndTurn fallback flush
[2026-07-28T02:04:59.397Z] onEndTurn: naturalStop=false toolCalls=8 nudgeMsg=no
[2026-07-28T02:04:59.860Z] LiveUpdateForge: AfterToolExec flush
[2026-07-28T02:04:59.915Z] InitialReadForge.onBeforeSend: SKIP (fr=true syn=false hasRead=true)
[2026-07-28T02:05:06.519Z] LiveUpdateForge: EndTurn fallback flush
[2026-07-28T02:05:06.519Z] onEndTurn: naturalStop=false toolCalls=9 nudgeMsg=no
[2026-07-28T02:05:06.897Z] LiveUpdateForge: AfterToolExec flush
[2026-07-28T02:05:06.944Z] InitialReadForge.onBeforeSend: SKIP (fr=true syn=false hasRead=true)
[2026-07-28T02:05:14.514Z] LiveUpdateForge: EndTurn fallback flush
[2026-07-28T02:05:14.514Z] onEndTurn: naturalStop=false toolCalls=10 nudgeMsg=no
[2026-07-28T02:05:14.529Z] LiveUpdateForge: AfterToolExec flush
[2026-07-28T02:05:14.575Z] InitialReadForge.onBeforeSend: SKIP (fr=true syn=false hasRead=true)
[2026-07-28T02:05:19.902Z] LiveUpdateForge: EndTurn fallback flush
[2026-07-28T02:05:19.902Z] onEndTurn: naturalStop=false toolCalls=11 nudgeMsg=no
[2026-07-28T02:05:20.292Z] LiveUpdateForge: AfterToolExec flush
[2026-07-28T02:05:20.350Z] InitialReadForge.onBeforeSend: SKIP (fr=true syn=false hasRead=true)
[2026-07-28T02:05:24.491Z] LiveUpdateForge: EndTurn fallback flush
[2026-07-28T02:05:24.492Z] onEndTurn: naturalStop=true toolCalls=12 nudgeMsg=no
[2026-07-28T02:08:09.853Z] ResumeDiffForge: running checkResumeConsistency
[2026-07-28T02:08:09.854Z] checkResumeConsistency: forgedTimestamps=[["project","1970-01-01T00:00:00.000Z"]]
[2026-07-28T02:08:09.874Z] checkResumeConsistency: injecting 1 diff notification(s)
[2026-07-28T02:08:09.875Z] injectForgedHistory: role=user preview="[agent-auto] [memory-update 2026-07-28 09:57:12] project memory file has been mo"
[2026-07-28T02:08:09.915Z] injectForgedHistory: recordMessage persisted
[2026-07-28T02:08:09.917Z] LiveUpdateForge: session reset, allowLiveUpdate = false
[2026-07-28T02:08:09.917Z] NudgeForge: ResumeComplete — restoring count from history
[2026-07-28T02:08:09.918Z] restoreNudgeCountFromHistory: found last write at idx=884 count=12
[2026-07-28T02:08:09.972Z] LiveUpdateForge: allowLiveUpdate = true (first real BeforeSend)
[2026-07-28T02:08:09.973Z] InitialReadForge.onBeforeSend: SKIP (fr=false syn=false hasRead=true)
[2026-07-28T02:08:31.286Z] LiveUpdateForge: EndTurn fallback flush
[2026-07-28T02:08:31.287Z] onEndTurn: naturalStop=false toolCalls=12 nudgeMsg=no
[2026-07-28T02:08:31.707Z] LiveUpdateForge: AfterToolExec flush
[2026-07-28T02:08:31.755Z] InitialReadForge.onBeforeSend: SKIP (fr=true syn=false hasRead=true)
[2026-07-28T02:08:42.181Z] LiveUpdateForge: EndTurn fallback flush
[2026-07-28T02:08:42.182Z] onEndTurn: naturalStop=false toolCalls=13 nudgeMsg=no
[2026-07-28T02:08:42.189Z] LiveUpdateForge: AfterToolExec flush
[2026-07-28T02:08:42.245Z] InitialReadForge.onBeforeSend: SKIP (fr=true syn=false hasRead=true)
[2026-07-28T02:08:51.056Z] LiveUpdateForge: EndTurn fallback flush
[2026-07-28T02:08:51.057Z] onEndTurn: naturalStop=false toolCalls=14 nudgeMsg=no
[2026-07-28T02:08:51.295Z] LiveUpdateForge: AfterToolExec flush
[2026-07-28T02:08:51.342Z] InitialReadForge.onBeforeSend: SKIP (fr=true syn=false hasRead=true)
[2026-07-28T02:09:24.192Z] LiveUpdateForge: EndTurn fallback flush
[2026-07-28T02:09:24.192Z] onEndTurn: naturalStop=false toolCalls=15 nudgeMsg=no
[2026-07-28T02:09:24.368Z] LiveUpdateForge: AfterToolExec flush
[2026-07-28T02:09:24.415Z] InitialReadForge.onBeforeSend: SKIP (fr=true syn=false hasRead=true)
[2026-07-28T02:09:32.722Z] LiveUpdateForge: EndTurn fallback flush
[2026-07-28T02:09:32.723Z] onEndTurn: naturalStop=false toolCalls=16 nudgeMsg=no
[2026-07-28T02:09:32.903Z] LiveUpdateForge: AfterToolExec flush
[2026-07-28T02:09:32.962Z] InitialReadForge.onBeforeSend: SKIP (fr=true syn=false hasRead=true)
[2026-07-28T02:09:52.806Z] LiveUpdateForge: EndTurn fallback flush
[2026-07-28T02:09:52.806Z] onEndTurn: naturalStop=false toolCalls=17 nudgeMsg=no
[2026-07-28T02:09:52.928Z] LiveUpdateForge: AfterToolExec flush
[2026-07-28T02:09:52.984Z] InitialReadForge.onBeforeSend: SKIP (fr=true syn=false hasRead=true)
[2026-07-28T02:10:06.039Z] LiveUpdateForge: EndTurn fallback flush
[2026-07-28T02:10:06.039Z] onEndTurn: naturalStop=false toolCalls=18 nudgeMsg=no
[2026-07-28T02:10:06.198Z] LiveUpdateForge: AfterToolExec flush
[2026-07-28T02:10:06.250Z] InitialReadForge.onBeforeSend: SKIP (fr=true syn=false hasRead=true)
[2026-07-28T02:10:15.736Z] LiveUpdateForge: EndTurn fallback flush
[2026-07-28T02:10:15.737Z] onEndTurn: naturalStop=true toolCalls=19 nudgeMsg=no
[2026-07-28T02:11:03.835Z] ResumeDiffForge: running checkResumeConsistency
[2026-07-28T02:11:03.836Z] checkResumeConsistency: forgedTimestamps=[["project","1970-01-01T00:00:00.000Z"]]
[2026-07-28T02:11:03.853Z] checkResumeConsistency: injecting 1 diff notification(s)
[2026-07-28T02:11:03.854Z] injectForgedHistory: role=user preview="[agent-auto] [memory-update 2026-07-28 09:57:12] project memory file has been mo"
[2026-07-28T02:11:03.895Z] injectForgedHistory: recordMessage persisted
[2026-07-28T02:11:03.896Z] LiveUpdateForge: session reset, allowLiveUpdate = false
[2026-07-28T02:11:03.896Z] NudgeForge: ResumeComplete — restoring count from history
[2026-07-28T02:11:03.897Z] restoreNudgeCountFromHistory: found last write at idx=884 count=19
[2026-07-28T02:11:03.971Z] LiveUpdateForge: allowLiveUpdate = true (first real BeforeSend)
[2026-07-28T02:11:03.972Z] InitialReadForge.onBeforeSend: SKIP (fr=false syn=false hasRead=true)
[2026-07-28T02:11:20.635Z] LiveUpdateForge: EndTurn fallback flush
[2026-07-28T02:11:20.645Z] onEndTurn: naturalStop=false toolCalls=19 nudgeMsg=no
[2026-07-28T02:16:00.334Z] LiveUpdateForge: AfterToolExec flush
[2026-07-28T02:16:00.376Z] InitialReadForge.onBeforeSend: SKIP (fr=true syn=false hasRead=true)
[2026-07-28T02:16:52.044Z] LiveUpdateForge: EndTurn fallback flush
[2026-07-28T02:16:52.045Z] onEndTurn: naturalStop=false toolCalls=20 nudgeMsg=no
[2026-07-28T02:16:52.360Z] LiveUpdateForge: AfterToolExec flush
[2026-07-28T02:16:52.398Z] InitialReadForge.onBeforeSend: SKIP (fr=true syn=false hasRead=true)
[2026-07-28T02:17:25.563Z] LiveUpdateForge: EndTurn fallback flush
[2026-07-28T02:17:25.564Z] onEndTurn: naturalStop=false toolCalls=21 nudgeMsg=no
[2026-07-28T02:17:25.842Z] LiveUpdateForge: AfterToolExec flush
[2026-07-28T02:17:25.908Z] InitialReadForge.onBeforeSend: SKIP (fr=true syn=false hasRead=true)
[2026-07-28T02:17:59.730Z] LiveUpdateForge: EndTurn fallback flush
[2026-07-28T02:17:59.731Z] onEndTurn: naturalStop=false toolCalls=22 nudgeMsg=no
[2026-07-28T02:18:06.354Z] LiveUpdateForge: AfterToolExec flush
[2026-07-28T02:18:06.399Z] InitialReadForge.onBeforeSend: SKIP (fr=true syn=false hasRead=true)
[2026-07-28T02:18:35.528Z] LiveUpdateForge: EndTurn fallback flush
[2026-07-28T02:18:35.529Z] onEndTurn: naturalStop=false toolCalls=23 nudgeMsg=no
[2026-07-28T02:18:38.323Z] LiveUpdateForge: AfterToolExec flush
[2026-07-28T02:18:38.365Z] InitialReadForge.onBeforeSend: SKIP (fr=true syn=false hasRead=true)
[2026-07-28T02:18:55.990Z] LiveUpdateForge: EndTurn fallback flush
[2026-07-28T02:18:55.991Z] onEndTurn: naturalStop=false toolCalls=24 nudgeMsg=no
[2026-07-28T02:19:02.101Z] LiveUpdateForge: AfterToolExec flush
[2026-07-28T02:19:02.162Z] InitialReadForge.onBeforeSend: SKIP (fr=true syn=false hasRead=true)
[2026-07-28T02:19:15.398Z] LiveUpdateForge: EndTurn fallback flush
[2026-07-28T02:19:15.399Z] onEndTurn: naturalStop=true toolCalls=25 nudgeMsg=no
[2026-07-28T02:25:27.847Z] MemoryForge: attached 5 listener(s)
[2026-07-28T02:25:27.857Z] InitialReadForge: armed one-shot BeforeSend after NewSessionStart
[2026-07-28T02:25:27.859Z] LiveUpdateForge: session reset, allowLiveUpdate = false
[2026-07-28T02:29:01.696Z] LiveUpdateForge: session reset, allowLiveUpdate = false
[2026-07-28T02:29:01.982Z] ResumeDiffForge: running checkResumeConsistency
[2026-07-28T02:29:02.003Z] checkResumeConsistency: forgedTimestamps=[["project","1970-01-01T00:00:00.000Z"]]
[2026-07-28T02:29:02.369Z] checkResumeConsistency: injecting 1 diff notification(s)
[2026-07-28T02:29:02.374Z] injectForgedHistory: role=user preview="[agent-auto] [memory-update 2026-07-28 09:57:12] project memory file has been mo"
[2026-07-28T02:29:02.378Z] injectForgedHistory: recordMessage persisted
[2026-07-28T02:29:02.379Z] LiveUpdateForge: session reset, allowLiveUpdate = false
[2026-07-28T02:29:02.380Z] NudgeForge: ResumeComplete — restoring count from history
[2026-07-28T02:29:02.384Z] restoreNudgeCountFromHistory: found last write at idx=884 count=25
[2026-07-28T02:29:12.257Z] ResumeDiffForge: running checkResumeConsistency
[2026-07-28T02:29:12.258Z] checkResumeConsistency: forgedTimestamps=[["project","1970-01-01T00:00:00.000Z"]]
[2026-07-28T02:29:12.285Z] checkResumeConsistency: injecting 1 diff notification(s)
[2026-07-28T02:29:12.285Z] injectForgedHistory: role=user preview="[agent-auto] [memory-update 2026-07-28 09:57:12] project memory file has been mo"
[2026-07-28T02:29:12.354Z] injectForgedHistory: recordMessage persisted
[2026-07-28T02:29:12.355Z] LiveUpdateForge: session reset, allowLiveUpdate = false
[2026-07-28T02:29:12.355Z] NudgeForge: ResumeComplete — restoring count from history
[2026-07-28T02:29:12.357Z] restoreNudgeCountFromHistory: found last write at idx=884 count=25
[2026-07-28T02:29:12.618Z] ResumeDiffForge: running checkResumeConsistency
[2026-07-28T02:29:12.620Z] checkResumeConsistency: forgedTimestamps=[["project","1970-01-01T00:00:00.000Z"]]
[2026-07-28T02:29:12.648Z] checkResumeConsistency: injecting 1 diff notification(s)
[2026-07-28T02:29:12.648Z] injectForgedHistory: role=user preview="[agent-auto] [memory-update 2026-07-28 09:57:12] project memory file has been mo"
[2026-07-28T02:29:12.723Z] injectForgedHistory: recordMessage persisted
[2026-07-28T02:29:12.723Z] LiveUpdateForge: session reset, allowLiveUpdate = false
[2026-07-28T02:29:12.723Z] NudgeForge: ResumeComplete — restoring count from history
[2026-07-28T02:29:12.724Z] restoreNudgeCountFromHistory: found last write at idx=884 count=25
[2026-07-28T02:29:12.970Z] MemoryForge: attached 5 listener(s)
[2026-07-28T02:29:12.971Z] InitialReadForge: armed one-shot BeforeSend after NewSessionStart
[2026-07-28T02:29:12.972Z] LiveUpdateForge: session reset, allowLiveUpdate = false
[2026-07-28T02:29:12.987Z] MemoryForge: detached all listeners
[2026-07-28T02:29:12.988Z] ResumeDiffForge: running checkResumeConsistency
[2026-07-28T02:29:12.989Z] checkResumeConsistency: forgedTimestamps=[["project","1970-01-01T00:00:00.000Z"]]
[2026-07-28T02:29:13.090Z] checkResumeConsistency: injecting 1 diff notification(s)
[2026-07-28T02:29:13.091Z] injectForgedHistory: role=user preview="[agent-auto] [memory-update 2026-07-28 09:57:12] project memory file has been mo"
[2026-07-28T02:29:13.160Z] injectForgedHistory: recordMessage persisted
[2026-07-28T02:29:13.161Z] LiveUpdateForge: session reset, allowLiveUpdate = false
[2026-07-28T02:29:13.161Z] NudgeForge: ResumeComplete — restoring count from history
[2026-07-28T02:29:13.162Z] restoreNudgeCountFromHistory: found last write at idx=884 count=25
[2026-07-28T02:29:13.208Z] LiveUpdateForge: allowLiveUpdate = true (first real BeforeSend)
[2026-07-28T02:29:13.210Z] InitialReadForge.onBeforeSend: SKIP (fr=false syn=false hasRead=true)
[2026-07-28T02:29:44.659Z] LiveUpdateForge: EndTurn fallback flush
[2026-07-28T02:29:44.659Z] onEndTurn: naturalStop=false toolCalls=25 nudgeMsg=no
[2026-07-28T02:29:46.746Z] LiveUpdateForge: AfterToolExec flush
[2026-07-28T02:29:53.413Z] LiveUpdateForge: AfterToolExec flush
[2026-07-28T02:29:53.557Z] InitialReadForge.onBeforeSend: SKIP (fr=true syn=false hasRead=true)
[2026-07-28T02:30:03.334Z] LiveUpdateForge: EndTurn fallback flush
[2026-07-28T02:30:03.335Z] onEndTurn: naturalStop=false toolCalls=27 nudgeMsg=no
[2026-07-28T02:30:03.370Z] LiveUpdateForge: AfterToolExec flush
[2026-07-28T02:30:03.447Z] InitialReadForge.onBeforeSend: SKIP (fr=true syn=false hasRead=true)
[2026-07-28T02:30:15.013Z] LiveUpdateForge: EndTurn fallback flush
[2026-07-28T02:30:15.014Z] onEndTurn: naturalStop=false toolCalls=28 nudgeMsg=no
[2026-07-28T02:30:15.377Z] LiveUpdateForge: AfterToolExec flush
[2026-07-28T02:30:15.467Z] InitialReadForge.onBeforeSend: SKIP (fr=true syn=false hasRead=true)
[2026-07-28T02:30:23.064Z] LiveUpdateForge: EndTurn fallback flush
[2026-07-28T02:30:23.065Z] onEndTurn: naturalStop=false toolCalls=29 nudgeMsg=no
[2026-07-28T02:30:23.075Z] LiveUpdateForge: AfterToolExec flush
[2026-07-28T02:30:23.157Z] InitialReadForge.onBeforeSend: SKIP (fr=true syn=false hasRead=true)
[2026-07-28T02:31:45.582Z] MemoryForge: attached 5 listener(s)
[2026-07-28T02:31:45.583Z] InitialReadForge: armed one-shot BeforeSend after NewSessionStart
[2026-07-28T02:31:45.584Z] LiveUpdateForge: session reset, allowLiveUpdate = false
[2026-07-28T02:33:36.723Z] LiveUpdateForge: EndTurn fallback flush
[2026-07-28T02:33:36.724Z] onEndTurn: naturalStop=false toolCalls=30 nudgeMsg=no
[2026-07-28T02:33:36.742Z] LiveUpdateForge: AfterToolExec flush
[2026-07-28T02:33:36.793Z] InitialReadForge.onBeforeSend: SKIP (fr=true syn=false hasRead=true)
[2026-07-28T02:34:02.091Z] LiveUpdateForge: EndTurn fallback flush
[2026-07-28T02:34:02.092Z] onEndTurn: naturalStop=false toolCalls=31 nudgeMsg=no
[2026-07-28T02:34:02.109Z] LiveUpdateForge: AfterToolExec flush
[2026-07-28T02:34:02.168Z] InitialReadForge.onBeforeSend: SKIP (fr=true syn=false hasRead=true)
[2026-07-28T02:39:00.022Z] LiveUpdateForge: EndTurn fallback flush
[2026-07-28T02:39:00.022Z] onEndTurn: naturalStop=false toolCalls=32 nudgeMsg=no
[2026-07-28T02:39:01.872Z] LiveUpdateForge: AfterToolExec flush
[2026-07-28T02:39:01.915Z] InitialReadForge.onBeforeSend: SKIP (fr=true syn=false hasRead=true)
[2026-07-28T02:43:28.962Z] LiveUpdateForge: EndTurn fallback flush
[2026-07-28T02:43:28.962Z] onEndTurn: naturalStop=false toolCalls=33 nudgeMsg=no
[2026-07-28T02:43:28.977Z] InitialReadForge.onBeforeSend: SKIP (fr=true syn=false hasRead=true)
[2026-07-28T02:44:28.875Z] LiveUpdateForge: EndTurn fallback flush
[2026-07-28T02:44:28.876Z] onEndTurn: naturalStop=false toolCalls=33 nudgeMsg=no
[2026-07-28T02:44:28.887Z] LiveUpdateForge: AfterToolExec flush
[2026-07-28T02:44:28.928Z] InitialReadForge.onBeforeSend: SKIP (fr=true syn=false hasRead=true)
[2026-07-28T02:45:09.459Z] LiveUpdateForge: EndTurn fallback flush
[2026-07-28T02:45:09.459Z] onEndTurn: naturalStop=false toolCalls=34 nudgeMsg=no
[2026-07-28T02:45:09.539Z] LiveUpdateForge: AfterToolExec flush
[2026-07-28T02:45:09.627Z] InitialReadForge.onBeforeSend: SKIP (fr=true syn=false hasRead=true)
[2026-07-28T02:45:29.519Z] LiveUpdateForge: EndTurn fallback flush
[2026-07-28T02:45:29.519Z] onEndTurn: naturalStop=false toolCalls=35 nudgeMsg=no
[2026-07-28T02:45:29.639Z] LiveUpdateForge: AfterToolExec flush
[2026-07-28T02:45:29.692Z] InitialReadForge.onBeforeSend: SKIP (fr=true syn=false hasRead=true)
[2026-07-28T02:46:09.628Z] LiveUpdateForge: EndTurn fallback flush
[2026-07-28T02:46:09.628Z] onEndTurn: naturalStop=false toolCalls=36 nudgeMsg=no
[2026-07-28T02:46:09.773Z] LiveUpdateForge: AfterToolExec flush
[2026-07-28T02:46:09.818Z] InitialReadForge.onBeforeSend: SKIP (fr=true syn=false hasRead=true)
[2026-07-28T02:46:23.533Z] LiveUpdateForge: EndTurn fallback flush
[2026-07-28T02:46:23.533Z] onEndTurn: naturalStop=true toolCalls=37 nudgeMsg=no
[2026-07-28T02:53:09.427Z] MemoryForge: attached 5 listener(s)
[2026-07-28T02:53:09.427Z] InitialReadForge: armed one-shot BeforeSend after NewSessionStart
[2026-07-28T02:53:09.428Z] LiveUpdateForge: session reset, allowLiveUpdate = false
[2026-07-28T02:55:19.172Z] LiveUpdateForge: session reset, allowLiveUpdate = false
[2026-07-28T02:55:19.345Z] ResumeDiffForge: running checkResumeConsistency
[2026-07-28T02:55:19.358Z] checkResumeConsistency: forgedTimestamps=[["project","1970-01-01T00:00:00.000Z"]]
[2026-07-28T02:55:19.599Z] checkResumeConsistency: injecting 1 diff notification(s)
[2026-07-28T02:55:19.602Z] injectForgedHistory: role=user preview="[agent-auto] [memory-update 2026-07-28 09:57:12] project memory file has been mo"
[2026-07-28T02:55:19.608Z] injectForgedHistory: recordMessage persisted
[2026-07-28T02:55:19.609Z] LiveUpdateForge: session reset, allowLiveUpdate = false
[2026-07-28T02:55:19.610Z] NudgeForge: ResumeComplete — restoring count from history
[2026-07-28T02:55:19.629Z] restoreNudgeCountFromHistory: found last write at idx=884 count=37
[2026-07-28T02:55:32.525Z] MemoryForge: attached 5 listener(s)
[2026-07-28T02:55:32.526Z] InitialReadForge: armed one-shot BeforeSend after NewSessionStart
[2026-07-28T02:55:32.527Z] LiveUpdateForge: session reset, allowLiveUpdate = false
[2026-07-28T02:57:38.164Z] LiveUpdateForge: session reset, allowLiveUpdate = false
[2026-07-28T02:57:38.317Z] ResumeDiffForge: running checkResumeConsistency
[2026-07-28T02:57:38.321Z] checkResumeConsistency: forgedTimestamps=[["project","1970-01-01T00:00:00.000Z"]]
[2026-07-28T02:57:38.583Z] checkResumeConsistency: injecting 1 diff notification(s)
[2026-07-28T02:57:38.584Z] injectForgedHistory: role=user preview="[agent-auto] [memory-update 2026-07-28 09:57:12] project memory file has been mo"
[2026-07-28T02:57:38.585Z] injectForgedHistory: recordMessage persisted
[2026-07-28T02:57:38.586Z] LiveUpdateForge: session reset, allowLiveUpdate = false
[2026-07-28T02:57:38.586Z] NudgeForge: ResumeComplete — restoring count from history
[2026-07-28T02:57:38.588Z] restoreNudgeCountFromHistory: found last write at idx=884 count=37
[2026-07-28T02:57:59.099Z] ResumeDiffForge: running checkResumeConsistency
[2026-07-28T02:57:59.099Z] checkResumeConsistency: forgedTimestamps=[["project","1970-01-01T00:00:00.000Z"]]
[2026-07-28T02:57:59.245Z] checkResumeConsistency: injecting 1 diff notification(s)
[2026-07-28T02:57:59.256Z] injectForgedHistory: role=user preview="[agent-auto] [memory-update 2026-07-28 09:57:12] project memory file has been mo"
[2026-07-28T02:57:59.297Z] injectForgedHistory: recordMessage persisted
[2026-07-28T02:57:59.388Z] LiveUpdateForge: session reset, allowLiveUpdate = false
[2026-07-28T02:57:59.456Z] NudgeForge: ResumeComplete — restoring count from history
[2026-07-28T02:57:59.457Z] restoreNudgeCountFromHistory: found last write at idx=884 count=37
[2026-07-28T02:58:19.716Z] ResumeDiffForge: running checkResumeConsistency
[2026-07-28T02:58:19.717Z] checkResumeConsistency: forgedTimestamps=[["project","1970-01-01T00:00:00.000Z"]]
[2026-07-28T02:58:19.733Z] checkResumeConsistency: injecting 1 diff notification(s)
[2026-07-28T02:58:19.734Z] injectForgedHistory: role=user preview="[agent-auto] [memory-update 2026-07-28 09:57:12] project memory file has been mo"
[2026-07-28T02:58:19.769Z] injectForgedHistory: recordMessage persisted
[2026-07-28T02:58:19.769Z] LiveUpdateForge: session reset, allowLiveUpdate = false
[2026-07-28T02:58:19.770Z] NudgeForge: ResumeComplete — restoring count from history
[2026-07-28T02:58:19.770Z] restoreNudgeCountFromHistory: found last write at idx=884 count=37
[2026-07-28T02:58:40.032Z] MemoryForge: attached 5 listener(s)
[2026-07-28T02:58:40.033Z] InitialReadForge: armed one-shot BeforeSend after NewSessionStart
[2026-07-28T02:58:40.033Z] LiveUpdateForge: session reset, allowLiveUpdate = false
[2026-07-28T02:58:40.047Z] MemoryForge: detached all listeners
[2026-07-28T02:58:40.047Z] ResumeDiffForge: running checkResumeConsistency
[2026-07-28T02:58:40.048Z] checkResumeConsistency: forgedTimestamps=[["project","1970-01-01T00:00:00.000Z"]]
[2026-07-28T02:58:40.095Z] checkResumeConsistency: injecting 1 diff notification(s)
[2026-07-28T02:58:40.096Z] injectForgedHistory: role=user preview="[agent-auto] [memory-update 2026-07-28 09:57:12] project memory file has been mo"
[2026-07-28T02:58:40.126Z] injectForgedHistory: recordMessage persisted
[2026-07-28T02:58:40.127Z] LiveUpdateForge: session reset, allowLiveUpdate = false
[2026-07-28T02:58:40.127Z] NudgeForge: ResumeComplete — restoring count from history
[2026-07-28T02:58:40.128Z] restoreNudgeCountFromHistory: found last write at idx=884 count=37
[2026-07-28T02:59:00.172Z] LiveUpdateForge: allowLiveUpdate = true (first real BeforeSend)
[2026-07-28T02:59:00.185Z] InitialReadForge.onBeforeSend: SKIP (fr=false syn=false hasRead=true)
[2026-07-28T03:12:52.609Z] ResumeDiffForge: running checkResumeConsistency
[2026-07-28T03:12:52.610Z] checkResumeConsistency: forgedTimestamps=[["project","1970-01-01T00:00:00.000Z"]]
[2026-07-28T03:12:52.626Z] checkResumeConsistency: injecting 1 diff notification(s)
[2026-07-28T03:12:52.627Z] injectForgedHistory: role=user preview="[agent-auto] [memory-update 2026-07-28 09:57:12] project memory file has been mo"
[2026-07-28T03:12:52.665Z] injectForgedHistory: recordMessage persisted
[2026-07-28T03:12:52.666Z] LiveUpdateForge: session reset, allowLiveUpdate = false
[2026-07-28T03:12:52.666Z] NudgeForge: ResumeComplete — restoring count from history
[2026-07-28T03:12:52.667Z] restoreNudgeCountFromHistory: found last write at idx=884 count=37
[2026-07-28T03:12:52.724Z] LiveUpdateForge: allowLiveUpdate = true (first real BeforeSend)
[2026-07-28T03:12:52.726Z] InitialReadForge.onBeforeSend: SKIP (fr=false syn=false hasRead=true)
[2026-07-28T03:16:12.478Z] LiveUpdateForge: EndTurn fallback flush
[2026-07-28T03:16:12.479Z] onEndTurn: naturalStop=false toolCalls=37 nudgeMsg=no
[2026-07-28T03:16:14.346Z] LiveUpdateForge: AfterToolExec flush
[2026-07-28T03:16:14.391Z] InitialReadForge.onBeforeSend: SKIP (fr=true syn=false hasRead=true)
[2026-07-28T03:16:54.053Z] LiveUpdateForge: EndTurn fallback flush
[2026-07-28T03:16:54.054Z] onEndTurn: naturalStop=false toolCalls=38 nudgeMsg=no
[2026-07-28T03:16:54.665Z] LiveUpdateForge: AfterToolExec flush
[2026-07-28T03:16:54.729Z] InitialReadForge.onBeforeSend: SKIP (fr=true syn=false hasRead=true)
[2026-07-28T03:17:17.455Z] LiveUpdateForge: EndTurn fallback flush
[2026-07-28T03:17:17.456Z] onEndTurn: naturalStop=false toolCalls=39 nudgeMsg=no
[2026-07-28T03:17:48.048Z] LiveUpdateForge: AfterToolExec flush
[2026-07-28T03:17:48.117Z] InitialReadForge.onBeforeSend: SKIP (fr=true syn=false hasRead=true)
[2026-07-28T03:18:15.030Z] LiveUpdateForge: EndTurn fallback flush
[2026-07-28T03:18:15.031Z] onEndTurn: naturalStop=false toolCalls=40 nudgeMsg=no
[2026-07-28T03:18:15.050Z] LiveUpdateForge: AfterToolExec flush
[2026-07-28T03:18:15.094Z] InitialReadForge.onBeforeSend: SKIP (fr=true syn=false hasRead=true)
[2026-07-28T03:18:38.970Z] LiveUpdateForge: EndTurn fallback flush
[2026-07-28T03:18:38.970Z] onEndTurn: naturalStop=false toolCalls=41 nudgeMsg=no
[2026-07-28T03:18:39.141Z] LiveUpdateForge: AfterToolExec flush
[2026-07-28T03:18:39.186Z] InitialReadForge.onBeforeSend: SKIP (fr=true syn=false hasRead=true)
[2026-07-28T03:19:16.874Z] LiveUpdateForge: EndTurn fallback flush
[2026-07-28T03:19:16.875Z] onEndTurn: naturalStop=false toolCalls=42 nudgeMsg=no
[2026-07-28T03:19:18.923Z] LiveUpdateForge: AfterToolExec flush
[2026-07-28T03:19:18.967Z] InitialReadForge.onBeforeSend: SKIP (fr=true syn=false hasRead=true)
[2026-07-28T03:19:36.840Z] LiveUpdateForge: EndTurn fallback flush
[2026-07-28T03:19:36.841Z] onEndTurn: naturalStop=false toolCalls=43 nudgeMsg=no
[2026-07-28T03:19:36.848Z] LiveUpdateForge: AfterToolExec flush
[2026-07-28T03:19:36.887Z] InitialReadForge.onBeforeSend: SKIP (fr=true syn=false hasRead=true)
[2026-07-28T03:20:02.592Z] LiveUpdateForge: EndTurn fallback flush
[2026-07-28T03:20:02.593Z] onEndTurn: naturalStop=false toolCalls=44 nudgeMsg=no
[2026-07-28T03:20:02.748Z] LiveUpdateForge: AfterToolExec flush
[2026-07-28T03:20:02.788Z] InitialReadForge.onBeforeSend: SKIP (fr=true syn=false hasRead=true)
[2026-07-28T03:20:14.519Z] LiveUpdateForge: EndTurn fallback flush
[2026-07-28T03:20:14.520Z] onEndTurn: naturalStop=false toolCalls=45 nudgeMsg=no
[2026-07-28T03:20:14.625Z] LiveUpdateForge: AfterToolExec flush
[2026-07-28T03:20:14.666Z] InitialReadForge.onBeforeSend: SKIP (fr=true syn=false hasRead=true)
[2026-07-28T03:20:21.537Z] LiveUpdateForge: EndTurn fallback flush
[2026-07-28T03:20:21.537Z] onEndTurn: naturalStop=false toolCalls=46 nudgeMsg=no
[2026-07-28T03:20:46.151Z] LiveUpdateForge: AfterToolExec flush
[2026-07-28T03:20:46.204Z] InitialReadForge.onBeforeSend: SKIP (fr=true syn=false hasRead=true)
[2026-07-28T03:22:14.146Z] LiveUpdateForge: EndTurn fallback flush
[2026-07-28T03:22:14.147Z] onEndTurn: naturalStop=true toolCalls=47 nudgeMsg=no
[2026-07-28T03:22:26.334Z] ResumeDiffForge: running checkResumeConsistency
[2026-07-28T03:22:26.336Z] checkResumeConsistency: forgedTimestamps=[["project","1970-01-01T00:00:00.000Z"]]
[2026-07-28T03:22:26.356Z] checkResumeConsistency: injecting 1 diff notification(s)
[2026-07-28T03:22:26.357Z] injectForgedHistory: role=user preview="[agent-auto] [memory-update 2026-07-28 09:57:12] project memory file has been mo"
[2026-07-28T03:22:26.401Z] injectForgedHistory: recordMessage persisted
[2026-07-28T03:22:26.402Z] LiveUpdateForge: session reset, allowLiveUpdate = false
[2026-07-28T03:22:26.402Z] NudgeForge: ResumeComplete — restoring count from history
[2026-07-28T03:22:26.404Z] restoreNudgeCountFromHistory: found last write at idx=884 count=47
[2026-07-28T03:22:26.474Z] LiveUpdateForge: allowLiveUpdate = true (first real BeforeSend)
[2026-07-28T03:22:26.475Z] InitialReadForge.onBeforeSend: SKIP (fr=false syn=false hasRead=true)
[2026-07-28T03:22:50.420Z] LiveUpdateForge: EndTurn fallback flush
[2026-07-28T03:22:50.421Z] onEndTurn: naturalStop=false toolCalls=47 nudgeMsg=no
[2026-07-28T03:22:50.444Z] LiveUpdateForge: AfterToolExec flush
[2026-07-28T03:22:50.486Z] InitialReadForge.onBeforeSend: SKIP (fr=true syn=false hasRead=true)
[2026-07-28T03:23:14.369Z] LiveUpdateForge: EndTurn fallback flush
[2026-07-28T03:23:14.370Z] onEndTurn: naturalStop=false toolCalls=48 nudgeMsg=no
[2026-07-28T03:23:14.543Z] LiveUpdateForge: AfterToolExec flush
[2026-07-28T03:23:14.579Z] InitialReadForge.onBeforeSend: SKIP (fr=true syn=false hasRead=true)
[2026-07-28T03:23:23.485Z] LiveUpdateForge: EndTurn fallback flush
[2026-07-28T03:23:23.486Z] onEndTurn: naturalStop=false toolCalls=49 nudgeMsg=no
[2026-07-28T03:23:23.600Z] LiveUpdateForge: AfterToolExec flush
[2026-07-28T03:23:23.641Z] InitialReadForge.onBeforeSend: SKIP (fr=true syn=false hasRead=true)
[2026-07-28T03:23:32.172Z] LiveUpdateForge: EndTurn fallback flush
[2026-07-28T03:23:32.172Z] onEndTurn: naturalStop=false toolCalls=50 nudgeMsg=no
[2026-07-28T03:23:32.296Z] LiveUpdateForge: AfterToolExec flush
[2026-07-28T03:23:32.344Z] InitialReadForge.onBeforeSend: SKIP (fr=true syn=false hasRead=true)
[2026-07-28T03:23:50.549Z] LiveUpdateForge: EndTurn fallback flush
[2026-07-28T03:23:50.549Z] onEndTurn: naturalStop=false toolCalls=51 nudgeMsg=no
[2026-07-28T03:23:50.683Z] LiveUpdateForge: AfterToolExec flush
[2026-07-28T03:23:50.732Z] InitialReadForge.onBeforeSend: SKIP (fr=true syn=false hasRead=true)
[2026-07-28T03:24:40.779Z] LiveUpdateForge: EndTurn fallback flush
[2026-07-28T03:24:40.780Z] onEndTurn: naturalStop=false toolCalls=52 nudgeMsg=no
[2026-07-28T03:24:40.906Z] LiveUpdateForge: AfterToolExec flush
[2026-07-28T03:24:40.952Z] InitialReadForge.onBeforeSend: SKIP (fr=true syn=false hasRead=true)
[2026-07-28T03:25:03.539Z] LiveUpdateForge: EndTurn fallback flush
[2026-07-28T03:25:03.539Z] onEndTurn: naturalStop=false toolCalls=53 nudgeMsg=no
[2026-07-28T03:25:03.550Z] LiveUpdateForge: AfterToolExec flush
[2026-07-28T03:25:03.590Z] InitialReadForge.onBeforeSend: SKIP (fr=true syn=false hasRead=true)
[2026-07-28T03:26:30.124Z] LiveUpdateForge: EndTurn fallback flush
[2026-07-28T03:26:30.125Z] onEndTurn: naturalStop=false toolCalls=54 nudgeMsg=no
[2026-07-28T03:26:30.339Z] LiveUpdateForge: AfterToolExec flush
[2026-07-28T03:26:30.384Z] InitialReadForge.onBeforeSend: SKIP (fr=true syn=false hasRead=true)
[2026-07-28T03:26:56.810Z] LiveUpdateForge: EndTurn fallback flush
[2026-07-28T03:26:56.811Z] onEndTurn: naturalStop=false toolCalls=55 nudgeMsg=no
[2026-07-28T03:26:58.726Z] LiveUpdateForge: AfterToolExec flush
[2026-07-28T03:26:58.771Z] InitialReadForge.onBeforeSend: SKIP (fr=true syn=false hasRead=true)
[2026-07-28T03:27:31.630Z] LiveUpdateForge: EndTurn fallback flush
[2026-07-28T03:27:31.631Z] onEndTurn: naturalStop=false toolCalls=56 nudgeMsg=no
[2026-07-28T03:27:31.906Z] LiveUpdateForge: AfterToolExec flush
[2026-07-28T03:27:31.990Z] InitialReadForge.onBeforeSend: SKIP (fr=true syn=false hasRead=true)
[2026-07-28T03:28:02.616Z] LiveUpdateForge: EndTurn fallback flush
[2026-07-28T03:28:02.616Z] onEndTurn: naturalStop=false toolCalls=57 nudgeMsg=no
[2026-07-28T03:28:02.631Z] LiveUpdateForge: AfterToolExec flush
[2026-07-28T03:28:02.872Z] InitialReadForge.onBeforeSend: SKIP (fr=true syn=false hasRead=true)
[2026-07-28T03:28:25.051Z] LiveUpdateForge: EndTurn fallback flush
[2026-07-28T03:28:25.052Z] onEndTurn: naturalStop=false toolCalls=58 nudgeMsg=no
[2026-07-28T03:28:25.226Z] LiveUpdateForge: AfterToolExec flush
[2026-07-28T03:28:25.326Z] InitialReadForge.onBeforeSend: SKIP (fr=true syn=false hasRead=true)
[2026-07-28T03:29:12.766Z] LiveUpdateForge: EndTurn fallback flush
[2026-07-28T03:29:12.767Z] onEndTurn: naturalStop=false toolCalls=59 nudgeMsg=no
[2026-07-28T03:29:13.008Z] LiveUpdateForge: AfterToolExec flush
[2026-07-28T03:29:13.114Z] InitialReadForge.onBeforeSend: SKIP (fr=true syn=false hasRead=true)
[2026-07-28T03:29:57.948Z] LiveUpdateForge: EndTurn fallback flush
[2026-07-28T03:29:57.948Z] onEndTurn: naturalStop=false toolCalls=60 nudgeMsg=no
[2026-07-28T03:30:46.408Z] LiveUpdateForge: AfterToolExec flush
[2026-07-28T03:30:46.467Z] InitialReadForge.onBeforeSend: SKIP (fr=true syn=false hasRead=true)
[2026-07-28T03:30:57.875Z] LiveUpdateForge: EndTurn fallback flush
[2026-07-28T03:30:57.876Z] onEndTurn: naturalStop=false toolCalls=61 nudgeMsg=no
[2026-07-28T03:31:07.281Z] LiveUpdateForge: AfterToolExec flush
[2026-07-28T03:31:07.372Z] InitialReadForge.onBeforeSend: SKIP (fr=true syn=false hasRead=true)
[2026-07-28T03:31:28.014Z] LiveUpdateForge: EndTurn fallback flush
[2026-07-28T03:31:28.014Z] onEndTurn: naturalStop=true toolCalls=0 nudgeMsg=YES
[2026-07-28T03:31:28.021Z] InitialReadForge.onBeforeSend: SKIP (fr=false syn=false hasRead=true)
[2026-07-28T03:31:55.894Z] LiveUpdateForge: EndTurn fallback flush
[2026-07-28T03:31:55.894Z] onEndTurn: naturalStop=false toolCalls=0 nudgeMsg=no
[2026-07-28T03:31:55.922Z] LiveUpdateForge: self-write on D:\unity\demo\CODELY.md, baseline aligned
[2026-07-28T03:31:55.923Z] LiveUpdateForge: AfterToolExec flush
[2026-07-28T03:31:56.064Z] InitialReadForge.onBeforeSend: SKIP (fr=true syn=false hasRead=true)
[2026-07-28T03:31:56.612Z] LiveUpdateForge: pending external change on D:\unity\demo\CODELY.md
[2026-07-28T03:32:11.294Z] LiveUpdateForge: EndTurn fallback flush
[2026-07-28T03:32:11.296Z] onEndTurn: naturalStop=true toolCalls=0 nudgeMsg=no
[2026-07-28T03:34:04.523Z] ResumeDiffForge: running checkResumeConsistency
[2026-07-28T03:34:04.524Z] checkResumeConsistency: forgedTimestamps=[["project","1970-01-01T00:00:00.000Z"]]
[2026-07-28T03:34:04.542Z] checkResumeConsistency: injecting 1 diff notification(s)
[2026-07-28T03:34:04.543Z] injectForgedHistory: role=user preview="[agent-auto] [memory-update 2026-07-28 11:31:55] project memory file has been mo"
[2026-07-28T03:34:04.581Z] injectForgedHistory: recordMessage persisted
[2026-07-28T03:34:04.581Z] LiveUpdateForge: session reset, allowLiveUpdate = false
[2026-07-28T03:34:04.582Z] NudgeForge: ResumeComplete — restoring count from history
[2026-07-28T03:34:04.582Z] restoreNudgeCountFromHistory: found last write at idx=1035 count=0
[2026-07-28T03:34:04.643Z] LiveUpdateForge: allowLiveUpdate = true (first real BeforeSend)
[2026-07-28T03:34:04.645Z] InitialReadForge.onBeforeSend: SKIP (fr=false syn=false hasRead=true)
[2026-07-28T03:34:36.149Z] LiveUpdateForge: EndTurn fallback flush
[2026-07-28T03:34:36.149Z] onEndTurn: naturalStop=false toolCalls=0 nudgeMsg=no
[2026-07-28T03:34:46.028Z] LiveUpdateForge: AfterToolExec flush
[2026-07-28T03:34:46.082Z] InitialReadForge.onBeforeSend: SKIP (fr=true syn=false hasRead=true)
[2026-07-28T03:35:07.830Z] LiveUpdateForge: EndTurn fallback flush
[2026-07-28T03:35:07.831Z] onEndTurn: naturalStop=false toolCalls=1 nudgeMsg=no
[2026-07-28T03:35:36.231Z] LiveUpdateForge: AfterToolExec flush
[2026-07-28T03:35:36.287Z] InitialReadForge.onBeforeSend: SKIP (fr=true syn=false hasRead=true)
[2026-07-28T03:35:47.848Z] LiveUpdateForge: EndTurn fallback flush
[2026-07-28T03:35:47.849Z] onEndTurn: naturalStop=false toolCalls=2 nudgeMsg=no
[2026-07-28T03:37:22.054Z] LiveUpdateForge: AfterToolExec flush
[2026-07-28T03:37:22.117Z] InitialReadForge.onBeforeSend: SKIP (fr=true syn=false hasRead=true)
[2026-07-28T03:44:01.888Z] LiveUpdateForge: EndTurn fallback flush
[2026-07-28T03:44:01.888Z] onEndTurn: naturalStop=false toolCalls=3 nudgeMsg=no
[2026-07-28T03:44:49.976Z] LiveUpdateForge: AfterToolExec flush
[2026-07-28T03:44:50.035Z] InitialReadForge.onBeforeSend: SKIP (fr=true syn=false hasRead=true)
[2026-07-28T03:45:07.540Z] LiveUpdateForge: EndTurn fallback flush
[2026-07-28T03:45:07.540Z] onEndTurn: naturalStop=false toolCalls=4 nudgeMsg=no
[2026-07-28T03:46:32.253Z] LiveUpdateForge: AfterToolExec flush
[2026-07-28T03:46:32.304Z] InitialReadForge.onBeforeSend: SKIP (fr=true syn=false hasRead=true)
[2026-07-28T03:46:44.610Z] LiveUpdateForge: EndTurn fallback flush
[2026-07-28T03:46:44.611Z] onEndTurn: naturalStop=false toolCalls=5 nudgeMsg=no
[2026-07-28T03:47:23.722Z] LiveUpdateForge: AfterToolExec flush
[2026-07-28T03:47:23.800Z] InitialReadForge.onBeforeSend: SKIP (fr=true syn=false hasRead=true)
[2026-07-28T03:47:41.695Z] LiveUpdateForge: EndTurn fallback flush
[2026-07-28T03:47:41.695Z] onEndTurn: naturalStop=true toolCalls=6 nudgeMsg=no
[2026-07-28T03:51:02.425Z] ResumeDiffForge: running checkResumeConsistency
[2026-07-28T03:51:02.426Z] checkResumeConsistency: forgedTimestamps=[["project","1970-01-01T00:00:00.000Z"]]
[2026-07-28T03:51:02.623Z] checkResumeConsistency: injecting 1 diff notification(s)
[2026-07-28T03:51:02.637Z] injectForgedHistory: role=user preview="[agent-auto] [memory-update 2026-07-28 11:31:55] project memory file has been mo"
[2026-07-28T03:51:02.704Z] injectForgedHistory: recordMessage persisted
[2026-07-28T03:51:02.705Z] LiveUpdateForge: session reset, allowLiveUpdate = false
[2026-07-28T03:51:02.705Z] NudgeForge: ResumeComplete — restoring count from history
[2026-07-28T03:51:02.705Z] restoreNudgeCountFromHistory: found last write at idx=1035 count=6
[2026-07-28T03:51:02.776Z] LiveUpdateForge: allowLiveUpdate = true (first real BeforeSend)
[2026-07-28T03:51:02.777Z] InitialReadForge.onBeforeSend: SKIP (fr=false syn=false hasRead=true)
[2026-07-28T03:51:13.379Z] LiveUpdateForge: EndTurn fallback flush
[2026-07-28T03:51:13.380Z] onEndTurn: naturalStop=false toolCalls=6 nudgeMsg=no
[2026-07-28T03:51:18.113Z] LiveUpdateForge: AfterToolExec flush
[2026-07-28T03:51:18.165Z] InitialReadForge.onBeforeSend: SKIP (fr=true syn=false hasRead=true)
[2026-07-28T03:53:48.412Z] LiveUpdateForge: EndTurn fallback flush
[2026-07-28T03:53:48.413Z] onEndTurn: naturalStop=false toolCalls=7 nudgeMsg=no
[2026-07-28T03:55:04.221Z] LiveUpdateForge: AfterToolExec flush
[2026-07-28T03:55:04.276Z] InitialReadForge.onBeforeSend: SKIP (fr=true syn=false hasRead=true)
[2026-07-28T03:55:30.330Z] LiveUpdateForge: EndTurn fallback flush
[2026-07-28T03:55:30.331Z] onEndTurn: naturalStop=false toolCalls=8 nudgeMsg=no
[2026-07-28T03:55:44.002Z] LiveUpdateForge: AfterToolExec flush
[2026-07-28T03:55:44.103Z] InitialReadForge.onBeforeSend: SKIP (fr=true syn=false hasRead=true)
[2026-07-28T03:55:56.299Z] LiveUpdateForge: EndTurn fallback flush
[2026-07-28T03:55:56.300Z] onEndTurn: naturalStop=false toolCalls=9 nudgeMsg=no
[2026-07-28T03:57:12.070Z] LiveUpdateForge: AfterToolExec flush
[2026-07-28T03:57:12.134Z] InitialReadForge.onBeforeSend: SKIP (fr=true syn=false hasRead=true)
[2026-07-28T03:58:21.015Z] LiveUpdateForge: EndTurn fallback flush
[2026-07-28T03:58:21.016Z] onEndTurn: naturalStop=false toolCalls=10 nudgeMsg=no
[2026-07-28T03:58:48.720Z] LiveUpdateForge: AfterToolExec flush
[2026-07-28T03:58:48.772Z] InitialReadForge.onBeforeSend: SKIP (fr=true syn=false hasRead=true)
[2026-07-28T03:59:23.616Z] LiveUpdateForge: EndTurn fallback flush
[2026-07-28T03:59:23.616Z] onEndTurn: naturalStop=false toolCalls=11 nudgeMsg=no
[2026-07-28T03:59:24.220Z] LiveUpdateForge: AfterToolExec flush
[2026-07-28T03:59:24.265Z] InitialReadForge.onBeforeSend: SKIP (fr=true syn=false hasRead=true)
[2026-07-28T03:59:43.141Z] LiveUpdateForge: EndTurn fallback flush
[2026-07-28T03:59:43.141Z] onEndTurn: naturalStop=false toolCalls=12 nudgeMsg=no
[2026-07-28T03:59:43.156Z] LiveUpdateForge: AfterToolExec flush
[2026-07-28T03:59:43.199Z] InitialReadForge.onBeforeSend: SKIP (fr=true syn=false hasRead=true)
[2026-07-28T04:00:15.512Z] LiveUpdateForge: EndTurn fallback flush
[2026-07-28T04:00:15.513Z] onEndTurn: naturalStop=false toolCalls=13 nudgeMsg=no
[2026-07-28T04:00:15.526Z] LiveUpdateForge: AfterToolExec flush
[2026-07-28T04:00:15.575Z] InitialReadForge.onBeforeSend: SKIP (fr=true syn=false hasRead=true)
[2026-07-28T04:00:27.369Z] LiveUpdateForge: EndTurn fallback flush
[2026-07-28T04:00:27.370Z] onEndTurn: naturalStop=false toolCalls=14 nudgeMsg=no
[2026-07-28T04:00:29.062Z] LiveUpdateForge: AfterToolExec flush
[2026-07-28T04:00:29.114Z] InitialReadForge.onBeforeSend: SKIP (fr=true syn=false hasRead=true)
[2026-07-28T04:00:42.327Z] LiveUpdateForge: EndTurn fallback flush
[2026-07-28T04:00:42.328Z] onEndTurn: naturalStop=false toolCalls=15 nudgeMsg=no
[2026-07-28T04:00:42.703Z] LiveUpdateForge: AfterToolExec flush
[2026-07-28T04:00:42.745Z] InitialReadForge.onBeforeSend: SKIP (fr=true syn=false hasRead=true)
[2026-07-28T04:00:48.183Z] LiveUpdateForge: EndTurn fallback flush
[2026-07-28T04:00:48.183Z] onEndTurn: naturalStop=false toolCalls=16 nudgeMsg=no
[2026-07-28T04:00:48.195Z] LiveUpdateForge: AfterToolExec flush
[2026-07-28T04:00:48.242Z] InitialReadForge.onBeforeSend: SKIP (fr=true syn=false hasRead=true)
[2026-07-28T04:01:08.130Z] LiveUpdateForge: EndTurn fallback flush
[2026-07-28T04:01:08.130Z] onEndTurn: naturalStop=false toolCalls=17 nudgeMsg=no
[2026-07-28T04:01:08.292Z] LiveUpdateForge: AfterToolExec flush
[2026-07-28T04:01:08.335Z] InitialReadForge.onBeforeSend: SKIP (fr=true syn=false hasRead=true)
[2026-07-28T04:01:13.414Z] LiveUpdateForge: EndTurn fallback flush
[2026-07-28T04:01:13.414Z] onEndTurn: naturalStop=false toolCalls=18 nudgeMsg=no
[2026-07-28T04:01:26.438Z] LiveUpdateForge: AfterToolExec flush
[2026-07-28T04:01:26.492Z] InitialReadForge.onBeforeSend: SKIP (fr=true syn=false hasRead=true)
[2026-07-28T04:02:05.412Z] LiveUpdateForge: EndTurn fallback flush
[2026-07-28T04:02:05.412Z] onEndTurn: naturalStop=false toolCalls=19 nudgeMsg=no
[2026-07-28T04:02:49.710Z] LiveUpdateForge: AfterToolExec flush
[2026-07-28T04:02:49.763Z] InitialReadForge.onBeforeSend: SKIP (fr=true syn=false hasRead=true)
[2026-07-28T04:03:37.925Z] LiveUpdateForge: EndTurn fallback flush
[2026-07-28T04:03:37.925Z] onEndTurn: naturalStop=true toolCalls=20 nudgeMsg=no
[2026-07-28T04:04:43.149Z] ResumeDiffForge: running checkResumeConsistency
[2026-07-28T04:04:43.151Z] checkResumeConsistency: forgedTimestamps=[["project","1970-01-01T00:00:00.000Z"]]
[2026-07-28T04:04:43.181Z] checkResumeConsistency: injecting 1 diff notification(s)
[2026-07-28T04:04:43.181Z] injectForgedHistory: role=user preview="[agent-auto] [memory-update 2026-07-28 11:31:55] project memory file has been mo"
[2026-07-28T04:04:43.216Z] injectForgedHistory: recordMessage persisted
[2026-07-28T04:04:43.217Z] LiveUpdateForge: session reset, allowLiveUpdate = false
[2026-07-28T04:04:43.217Z] NudgeForge: ResumeComplete — restoring count from history
[2026-07-28T04:04:43.218Z] restoreNudgeCountFromHistory: found last write at idx=1035 count=20
[2026-07-28T04:04:43.289Z] LiveUpdateForge: allowLiveUpdate = true (first real BeforeSend)
[2026-07-28T04:04:43.290Z] InitialReadForge.onBeforeSend: SKIP (fr=false syn=false hasRead=true)
[2026-07-28T04:05:28.568Z] LiveUpdateForge: EndTurn fallback flush
[2026-07-28T04:05:28.569Z] onEndTurn: naturalStop=false toolCalls=20 nudgeMsg=no
[2026-07-28T04:05:28.944Z] LiveUpdateForge: AfterToolExec flush
[2026-07-28T04:05:28.992Z] InitialReadForge.onBeforeSend: SKIP (fr=true syn=false hasRead=true)
[2026-07-28T04:05:37.573Z] LiveUpdateForge: EndTurn fallback flush
[2026-07-28T04:05:37.573Z] onEndTurn: naturalStop=false toolCalls=21 nudgeMsg=no
[2026-07-28T04:05:57.694Z] LiveUpdateForge: AfterToolExec flush
[2026-07-28T04:05:57.743Z] InitialReadForge.onBeforeSend: SKIP (fr=true syn=false hasRead=true)
[2026-07-28T04:06:10.854Z] LiveUpdateForge: EndTurn fallback flush
[2026-07-28T04:06:10.855Z] onEndTurn: naturalStop=false toolCalls=22 nudgeMsg=no
[2026-07-28T04:08:38.486Z] LiveUpdateForge: AfterToolExec flush
[2026-07-28T04:08:38.547Z] InitialReadForge.onBeforeSend: SKIP (fr=true syn=false hasRead=true)
[2026-07-28T04:08:50.137Z] LiveUpdateForge: EndTurn fallback flush
[2026-07-28T04:08:50.137Z] onEndTurn: naturalStop=false toolCalls=23 nudgeMsg=no
[2026-07-28T04:09:34.066Z] LiveUpdateForge: AfterToolExec flush
[2026-07-28T04:09:34.120Z] InitialReadForge.onBeforeSend: SKIP (fr=true syn=false hasRead=true)
[2026-07-28T04:09:43.692Z] LiveUpdateForge: EndTurn fallback flush
[2026-07-28T04:09:43.692Z] onEndTurn: naturalStop=false toolCalls=24 nudgeMsg=no
[2026-07-28T04:09:52.536Z] LiveUpdateForge: AfterToolExec flush
[2026-07-28T04:09:52.604Z] InitialReadForge.onBeforeSend: SKIP (fr=true syn=false hasRead=true)
[2026-07-28T04:09:59.016Z] LiveUpdateForge: EndTurn fallback flush
[2026-07-28T04:09:59.017Z] onEndTurn: naturalStop=false toolCalls=25 nudgeMsg=no
[2026-07-28T04:10:05.753Z] LiveUpdateForge: AfterToolExec flush
[2026-07-28T04:10:05.805Z] InitialReadForge.onBeforeSend: SKIP (fr=true syn=false hasRead=true)
[2026-07-28T04:10:13.989Z] LiveUpdateForge: EndTurn fallback flush
[2026-07-28T04:10:13.990Z] onEndTurn: naturalStop=false toolCalls=26 nudgeMsg=no
[2026-07-28T04:11:32.321Z] LiveUpdateForge: AfterToolExec flush
[2026-07-28T04:11:32.374Z] InitialReadForge.onBeforeSend: SKIP (fr=true syn=false hasRead=true)
[2026-07-28T04:12:02.653Z] LiveUpdateForge: EndTurn fallback flush
[2026-07-28T04:12:02.654Z] onEndTurn: naturalStop=false toolCalls=27 nudgeMsg=no
[2026-07-28T04:12:28.049Z] LiveUpdateForge: AfterToolExec flush
[2026-07-28T04:12:28.121Z] InitialReadForge.onBeforeSend: SKIP (fr=true syn=false hasRead=true)
[2026-07-28T04:13:00.970Z] LiveUpdateForge: EndTurn fallback flush
[2026-07-28T04:13:00.971Z] onEndTurn: naturalStop=true toolCalls=28 nudgeMsg=no
[2026-07-28T04:21:12.273Z] ResumeDiffForge: running checkResumeConsistency
[2026-07-28T04:21:12.274Z] checkResumeConsistency: forgedTimestamps=[["project","1970-01-01T00:00:00.000Z"]]
[2026-07-28T04:21:12.478Z] checkResumeConsistency: injecting 1 diff notification(s)
[2026-07-28T04:21:12.504Z] injectForgedHistory: role=user preview="[agent-auto] [memory-update 2026-07-28 11:31:55] project memory file has been mo"
[2026-07-28T04:21:12.593Z] injectForgedHistory: recordMessage persisted
[2026-07-28T04:21:12.593Z] LiveUpdateForge: session reset, allowLiveUpdate = false
[2026-07-28T04:21:12.594Z] NudgeForge: ResumeComplete — restoring count from history
[2026-07-28T04:21:12.595Z] restoreNudgeCountFromHistory: found last write at idx=1035 count=28
[2026-07-28T04:21:12.694Z] LiveUpdateForge: allowLiveUpdate = true (first real BeforeSend)
[2026-07-28T04:21:12.696Z] InitialReadForge.onBeforeSend: SKIP (fr=false syn=false hasRead=true)
[2026-07-28T04:22:24.609Z] LiveUpdateForge: EndTurn fallback flush
[2026-07-28T04:22:24.609Z] onEndTurn: naturalStop=false toolCalls=28 nudgeMsg=no
[2026-07-28T04:22:24.685Z] LiveUpdateForge: AfterToolExec flush
[2026-07-28T04:22:24.743Z] InitialReadForge.onBeforeSend: SKIP (fr=true syn=false hasRead=true)
[2026-07-28T04:22:28.054Z] LiveUpdateForge: EndTurn fallback flush
[2026-07-28T04:22:28.054Z] onEndTurn: naturalStop=false toolCalls=29 nudgeMsg=no
[2026-07-28T04:22:28.127Z] LiveUpdateForge: AfterToolExec flush
[2026-07-28T04:22:28.186Z] InitialReadForge.onBeforeSend: SKIP (fr=true syn=false hasRead=true)
[2026-07-28T04:22:46.999Z] LiveUpdateForge: EndTurn fallback flush
[2026-07-28T04:22:47.000Z] onEndTurn: naturalStop=false toolCalls=30 nudgeMsg=no
[2026-07-28T04:22:47.480Z] LiveUpdateForge: AfterToolExec flush
[2026-07-28T04:22:47.543Z] InitialReadForge.onBeforeSend: SKIP (fr=true syn=false hasRead=true)
[2026-07-28T04:23:14.647Z] LiveUpdateForge: EndTurn fallback flush
[2026-07-28T04:23:14.647Z] onEndTurn: naturalStop=false toolCalls=31 nudgeMsg=no
[2026-07-28T04:23:14.667Z] LiveUpdateForge: AfterToolExec flush
[2026-07-28T04:23:14.742Z] InitialReadForge.onBeforeSend: SKIP (fr=true syn=false hasRead=true)
[2026-07-28T04:24:28.898Z] LiveUpdateForge: EndTurn fallback flush
[2026-07-28T04:24:28.899Z] onEndTurn: naturalStop=false toolCalls=32 nudgeMsg=no
[2026-07-28T04:24:29.190Z] LiveUpdateForge: AfterToolExec flush
[2026-07-28T04:24:29.260Z] InitialReadForge.onBeforeSend: SKIP (fr=true syn=false hasRead=true)
[2026-07-28T04:24:32.452Z] LiveUpdateForge: EndTurn fallback flush
[2026-07-28T04:24:32.453Z] onEndTurn: naturalStop=false toolCalls=33 nudgeMsg=no
[2026-07-28T04:24:32.981Z] LiveUpdateForge: AfterToolExec flush
[2026-07-28T04:24:33.059Z] InitialReadForge.onBeforeSend: SKIP (fr=true syn=false hasRead=true)
[2026-07-28T04:24:39.380Z] LiveUpdateForge: EndTurn fallback flush
[2026-07-28T04:24:39.381Z] onEndTurn: naturalStop=false toolCalls=34 nudgeMsg=no
[2026-07-28T04:24:39.474Z] LiveUpdateForge: AfterToolExec flush
[2026-07-28T04:24:39.530Z] InitialReadForge.onBeforeSend: SKIP (fr=true syn=false hasRead=true)
[2026-07-28T04:24:44.455Z] LiveUpdateForge: EndTurn fallback flush
[2026-07-28T04:24:44.456Z] onEndTurn: naturalStop=false toolCalls=35 nudgeMsg=no
[2026-07-28T04:24:45.283Z] LiveUpdateForge: AfterToolExec flush
[2026-07-28T04:24:45.346Z] InitialReadForge.onBeforeSend: SKIP (fr=true syn=false hasRead=true)
[2026-07-28T04:25:37.450Z] LiveUpdateForge: EndTurn fallback flush
[2026-07-28T04:25:37.451Z] onEndTurn: naturalStop=false toolCalls=36 nudgeMsg=no
[2026-07-28T04:26:08.013Z] LiveUpdateForge: AfterToolExec flush
[2026-07-28T04:26:08.062Z] InitialReadForge.onBeforeSend: SKIP (fr=true syn=false hasRead=true)
[2026-07-28T04:27:00.302Z] LiveUpdateForge: EndTurn fallback flush
[2026-07-28T04:27:00.338Z] onEndTurn: naturalStop=true toolCalls=37 nudgeMsg=no
[2026-07-28T04:31:49.561Z] ResumeDiffForge: running checkResumeConsistency
[2026-07-28T04:31:49.562Z] checkResumeConsistency: forgedTimestamps=[["project","1970-01-01T00:00:00.000Z"]]
[2026-07-28T04:31:49.654Z] checkResumeConsistency: injecting 1 diff notification(s)
[2026-07-28T04:31:49.706Z] injectForgedHistory: role=user preview="[agent-auto] [memory-update 2026-07-28 11:31:55] project memory file has been mo"
[2026-07-28T04:31:49.814Z] injectForgedHistory: recordMessage persisted
[2026-07-28T04:31:49.815Z] LiveUpdateForge: session reset, allowLiveUpdate = false
[2026-07-28T04:31:49.815Z] NudgeForge: ResumeComplete — restoring count from history
[2026-07-28T04:31:49.817Z] restoreNudgeCountFromHistory: found last write at idx=1035 count=37
[2026-07-28T04:31:49.926Z] LiveUpdateForge: allowLiveUpdate = true (first real BeforeSend)
[2026-07-28T04:31:49.928Z] InitialReadForge.onBeforeSend: SKIP (fr=false syn=false hasRead=true)
[2026-07-28T04:32:18.396Z] LiveUpdateForge: EndTurn fallback flush
[2026-07-28T04:32:18.397Z] onEndTurn: naturalStop=false toolCalls=37 nudgeMsg=no
[2026-07-28T04:32:18.844Z] LiveUpdateForge: AfterToolExec flush
[2026-07-28T04:32:18.917Z] InitialReadForge.onBeforeSend: SKIP (fr=true syn=false hasRead=true)
[2026-07-28T04:32:24.888Z] LiveUpdateForge: EndTurn fallback flush
[2026-07-28T04:32:24.889Z] onEndTurn: naturalStop=false toolCalls=38 nudgeMsg=no
[2026-07-28T04:32:24.909Z] LiveUpdateForge: AfterToolExec flush
[2026-07-28T04:32:25.036Z] InitialReadForge.onBeforeSend: SKIP (fr=true syn=false hasRead=true)
[2026-07-28T04:32:48.159Z] LiveUpdateForge: EndTurn fallback flush
[2026-07-28T04:32:48.160Z] onEndTurn: naturalStop=false toolCalls=39 nudgeMsg=no
[2026-07-28T04:32:48.348Z] LiveUpdateForge: AfterToolExec flush
[2026-07-28T04:32:48.446Z] InitialReadForge.onBeforeSend: SKIP (fr=true syn=false hasRead=true)
[2026-07-28T04:32:53.016Z] LiveUpdateForge: EndTurn fallback flush
[2026-07-28T04:32:53.017Z] onEndTurn: naturalStop=false toolCalls=40 nudgeMsg=no
[2026-07-28T04:32:53.804Z] LiveUpdateForge: AfterToolExec flush
[2026-07-28T04:32:53.909Z] InitialReadForge.onBeforeSend: SKIP (fr=true syn=false hasRead=true)
[2026-07-28T04:33:20.071Z] LiveUpdateForge: EndTurn fallback flush
[2026-07-28T04:33:20.071Z] onEndTurn: naturalStop=false toolCalls=41 nudgeMsg=no
[2026-07-28T04:33:22.344Z] LiveUpdateForge: AfterToolExec flush
[2026-07-28T04:33:22.398Z] InitialReadForge.onBeforeSend: SKIP (fr=true syn=false hasRead=true)
[2026-07-28T04:33:28.345Z] LiveUpdateForge: EndTurn fallback flush
[2026-07-28T04:33:28.347Z] onEndTurn: naturalStop=false toolCalls=42 nudgeMsg=no
[2026-07-28T04:33:28.363Z] LiveUpdateForge: AfterToolExec flush
[2026-07-28T04:33:28.508Z] InitialReadForge.onBeforeSend: SKIP (fr=true syn=false hasRead=true)
[2026-07-28T04:33:40.122Z] LiveUpdateForge: EndTurn fallback flush
[2026-07-28T04:33:40.123Z] onEndTurn: naturalStop=false toolCalls=43 nudgeMsg=no
[2026-07-28T04:33:40.203Z] LiveUpdateForge: AfterToolExec flush
[2026-07-28T04:33:40.249Z] InitialReadForge.onBeforeSend: SKIP (fr=true syn=false hasRead=true)
[2026-07-28T04:33:56.293Z] LiveUpdateForge: EndTurn fallback flush
[2026-07-28T04:33:56.294Z] onEndTurn: naturalStop=false toolCalls=44 nudgeMsg=no
[2026-07-28T04:34:05.921Z] LiveUpdateForge: AfterToolExec flush
[2026-07-28T04:34:05.978Z] InitialReadForge.onBeforeSend: SKIP (fr=true syn=false hasRead=true)
[2026-07-28T04:34:31.290Z] LiveUpdateForge: EndTurn fallback flush
[2026-07-28T04:34:31.291Z] onEndTurn: naturalStop=true toolCalls=45 nudgeMsg=no
[2026-07-28T04:35:46.120Z] ResumeDiffForge: running checkResumeConsistency
[2026-07-28T04:35:46.121Z] checkResumeConsistency: forgedTimestamps=[["project","1970-01-01T00:00:00.000Z"]]
[2026-07-28T04:35:46.137Z] checkResumeConsistency: injecting 1 diff notification(s)
[2026-07-28T04:35:46.200Z] injectForgedHistory: role=user preview="[agent-auto] [memory-update 2026-07-28 11:31:55] project memory file has been mo"
[2026-07-28T04:35:46.238Z] injectForgedHistory: recordMessage persisted
[2026-07-28T04:35:46.280Z] LiveUpdateForge: session reset, allowLiveUpdate = false
[2026-07-28T04:35:46.322Z] NudgeForge: ResumeComplete — restoring count from history
[2026-07-28T04:35:46.324Z] restoreNudgeCountFromHistory: found last write at idx=1035 count=45
[2026-07-28T04:35:46.405Z] LiveUpdateForge: allowLiveUpdate = true (first real BeforeSend)
[2026-07-28T04:35:46.406Z] InitialReadForge.onBeforeSend: SKIP (fr=false syn=false hasRead=true)
[2026-07-28T04:35:52.017Z] LiveUpdateForge: EndTurn fallback flush
[2026-07-28T04:35:52.018Z] onEndTurn: naturalStop=false toolCalls=45 nudgeMsg=no
[2026-07-28T04:35:52.395Z] LiveUpdateForge: AfterToolExec flush
[2026-07-28T04:35:52.445Z] InitialReadForge.onBeforeSend: SKIP (fr=true syn=false hasRead=true)
[2026-07-28T04:35:57.916Z] LiveUpdateForge: EndTurn fallback flush
[2026-07-28T04:35:57.917Z] onEndTurn: naturalStop=false toolCalls=46 nudgeMsg=no
[2026-07-28T04:35:57.931Z] LiveUpdateForge: AfterToolExec flush
[2026-07-28T04:35:58.022Z] InitialReadForge.onBeforeSend: SKIP (fr=true syn=false hasRead=true)
[2026-07-28T04:36:05.205Z] LiveUpdateForge: EndTurn fallback flush
[2026-07-28T04:36:05.206Z] onEndTurn: naturalStop=false toolCalls=47 nudgeMsg=no
[2026-07-28T04:36:05.217Z] LiveUpdateForge: AfterToolExec flush
[2026-07-28T04:36:05.290Z] InitialReadForge.onBeforeSend: SKIP (fr=true syn=false hasRead=true)
[2026-07-28T04:36:15.401Z] LiveUpdateForge: EndTurn fallback flush
[2026-07-28T04:36:15.401Z] onEndTurn: naturalStop=false toolCalls=48 nudgeMsg=no
[2026-07-28T04:36:15.699Z] LiveUpdateForge: AfterToolExec flush
[2026-07-28T04:36:15.780Z] InitialReadForge.onBeforeSend: SKIP (fr=true syn=false hasRead=true)
[2026-07-28T04:36:21.481Z] LiveUpdateForge: EndTurn fallback flush
[2026-07-28T04:36:21.481Z] onEndTurn: naturalStop=false toolCalls=49 nudgeMsg=no
[2026-07-28T04:36:21.851Z] LiveUpdateForge: AfterToolExec flush
[2026-07-28T04:36:21.944Z] InitialReadForge.onBeforeSend: SKIP (fr=true syn=false hasRead=true)
[2026-07-28T04:37:38.993Z] LiveUpdateForge: EndTurn fallback flush
[2026-07-28T04:37:38.994Z] onEndTurn: naturalStop=false toolCalls=50 nudgeMsg=no
[2026-07-28T04:37:39.357Z] LiveUpdateForge: AfterToolExec flush
[2026-07-28T04:37:39.418Z] InitialReadForge.onBeforeSend: SKIP (fr=true syn=false hasRead=true)
[2026-07-28T04:37:47.232Z] LiveUpdateForge: EndTurn fallback flush
[2026-07-28T04:37:47.232Z] onEndTurn: naturalStop=false toolCalls=51 nudgeMsg=no
[2026-07-28T04:37:47.245Z] LiveUpdateForge: AfterToolExec flush
[2026-07-28T04:37:47.292Z] InitialReadForge.onBeforeSend: SKIP (fr=true syn=false hasRead=true)
[2026-07-28T04:37:52.926Z] LiveUpdateForge: EndTurn fallback flush
[2026-07-28T04:37:52.926Z] onEndTurn: naturalStop=false toolCalls=52 nudgeMsg=no
[2026-07-28T04:37:53.234Z] LiveUpdateForge: AfterToolExec flush
[2026-07-28T04:37:53.272Z] InitialReadForge.onBeforeSend: SKIP (fr=true syn=false hasRead=true)
[2026-07-28T04:37:59.768Z] LiveUpdateForge: EndTurn fallback flush
[2026-07-28T04:37:59.769Z] onEndTurn: naturalStop=false toolCalls=53 nudgeMsg=no
[2026-07-28T04:37:59.783Z] LiveUpdateForge: AfterToolExec flush
[2026-07-28T04:37:59.837Z] InitialReadForge.onBeforeSend: SKIP (fr=true syn=false hasRead=true)
[2026-07-28T04:39:07.649Z] ResumeDiffForge: running checkResumeConsistency
[2026-07-28T04:39:07.650Z] checkResumeConsistency: forgedTimestamps=[["project","1970-01-01T00:00:00.000Z"]]
[2026-07-28T04:39:07.664Z] checkResumeConsistency: injecting 1 diff notification(s)
[2026-07-28T04:39:07.664Z] injectForgedHistory: role=user preview="[agent-auto] [memory-update 2026-07-28 11:31:55] project memory file has been mo"
[2026-07-28T04:39:07.698Z] injectForgedHistory: recordMessage persisted
[2026-07-28T04:39:07.699Z] LiveUpdateForge: session reset, allowLiveUpdate = false
[2026-07-28T04:39:07.699Z] NudgeForge: ResumeComplete — restoring count from history
[2026-07-28T04:39:07.700Z] restoreNudgeCountFromHistory: found last write at idx=1035 count=54
[2026-07-28T04:39:07.749Z] LiveUpdateForge: allowLiveUpdate = true (first real BeforeSend)
[2026-07-28T04:39:07.750Z] InitialReadForge.onBeforeSend: SKIP (fr=false syn=false hasRead=true)
[2026-07-28T04:39:21.246Z] LiveUpdateForge: EndTurn fallback flush
[2026-07-28T04:39:21.247Z] onEndTurn: naturalStop=false toolCalls=54 nudgeMsg=no
[2026-07-28T04:39:21.270Z] LiveUpdateForge: AfterToolExec flush
[2026-07-28T04:39:21.350Z] InitialReadForge.onBeforeSend: SKIP (fr=true syn=false hasRead=true)
[2026-07-28T04:40:04.163Z] LiveUpdateForge: EndTurn fallback flush
[2026-07-28T04:40:04.163Z] onEndTurn: naturalStop=false toolCalls=55 nudgeMsg=no
[2026-07-28T04:40:04.326Z] LiveUpdateForge: AfterToolExec flush
[2026-07-28T04:40:04.414Z] InitialReadForge.onBeforeSend: SKIP (fr=true syn=false hasRead=true)
[2026-07-28T04:40:11.520Z] LiveUpdateForge: EndTurn fallback flush
[2026-07-28T04:40:11.520Z] onEndTurn: naturalStop=false toolCalls=56 nudgeMsg=no
[2026-07-28T04:40:11.533Z] LiveUpdateForge: AfterToolExec flush
[2026-07-28T04:40:11.579Z] InitialReadForge.onBeforeSend: SKIP (fr=true syn=false hasRead=true)
[2026-07-28T04:40:17.004Z] LiveUpdateForge: EndTurn fallback flush
[2026-07-28T04:40:17.005Z] onEndTurn: naturalStop=false toolCalls=57 nudgeMsg=no
[2026-07-28T04:40:17.308Z] LiveUpdateForge: AfterToolExec flush
[2026-07-28T04:40:17.351Z] InitialReadForge.onBeforeSend: SKIP (fr=true syn=false hasRead=true)
[2026-07-28T04:40:23.450Z] LiveUpdateForge: EndTurn fallback flush
[2026-07-28T04:40:23.450Z] onEndTurn: naturalStop=false toolCalls=58 nudgeMsg=no
[2026-07-28T04:40:23.465Z] LiveUpdateForge: AfterToolExec flush
[2026-07-28T04:40:23.515Z] InitialReadForge.onBeforeSend: SKIP (fr=true syn=false hasRead=true)
[2026-07-28T04:40:43.799Z] ResumeDiffForge: running checkResumeConsistency
[2026-07-28T04:40:43.800Z] checkResumeConsistency: forgedTimestamps=[["project","1970-01-01T00:00:00.000Z"]]
[2026-07-28T04:40:43.815Z] checkResumeConsistency: injecting 1 diff notification(s)
[2026-07-28T04:40:43.815Z] injectForgedHistory: role=user preview="[agent-auto] [memory-update 2026-07-28 11:31:55] project memory file has been mo"
[2026-07-28T04:40:43.851Z] injectForgedHistory: recordMessage persisted
[2026-07-28T04:40:43.852Z] LiveUpdateForge: session reset, allowLiveUpdate = false
[2026-07-28T04:40:43.852Z] NudgeForge: ResumeComplete — restoring count from history
[2026-07-28T04:40:43.853Z] restoreNudgeCountFromHistory: found last write at idx=1035 count=59
[2026-07-28T04:40:43.903Z] LiveUpdateForge: allowLiveUpdate = true (first real BeforeSend)
[2026-07-28T04:40:43.904Z] InitialReadForge.onBeforeSend: SKIP (fr=false syn=false hasRead=true)
[2026-07-28T04:41:24.645Z] LiveUpdateForge: EndTurn fallback flush
[2026-07-28T04:41:24.645Z] onEndTurn: naturalStop=false toolCalls=59 nudgeMsg=no
[2026-07-28T04:41:54.319Z] LiveUpdateForge: AfterToolExec flush
[2026-07-28T04:41:54.376Z] InitialReadForge.onBeforeSend: SKIP (fr=true syn=false hasRead=true)
[2026-07-28T04:42:00.698Z] LiveUpdateForge: EndTurn fallback flush
[2026-07-28T04:42:00.699Z] onEndTurn: naturalStop=false toolCalls=60 nudgeMsg=no
[2026-07-28T04:42:00.718Z] LiveUpdateForge: AfterToolExec flush
[2026-07-28T04:42:00.993Z] LiveUpdateForge: AfterToolExec flush
[2026-07-28T04:42:01.036Z] InitialReadForge.onBeforeSend: SKIP (fr=true syn=false hasRead=true)
[2026-07-28T04:42:39.394Z] LiveUpdateForge: EndTurn fallback flush
[2026-07-28T04:42:39.394Z] onEndTurn: naturalStop=false toolCalls=62 nudgeMsg=no
[2026-07-28T04:44:20.798Z] LiveUpdateForge: AfterToolExec flush
[2026-07-28T04:44:20.880Z] InitialReadForge.onBeforeSend: SKIP (fr=true syn=false hasRead=true)
[2026-07-28T05:47:11.791Z] ResumeDiffForge: running checkResumeConsistency
[2026-07-28T05:47:11.792Z] checkResumeConsistency: forgedTimestamps=[["project","1970-01-01T00:00:00.000Z"]]
[2026-07-28T05:47:12.009Z] checkResumeConsistency: injecting 1 diff notification(s)
[2026-07-28T05:47:12.038Z] injectForgedHistory: role=user preview="[agent-auto] [memory-update 2026-07-28 11:31:55] project memory file has been mo"
[2026-07-28T05:47:12.108Z] injectForgedHistory: recordMessage persisted
[2026-07-28T05:47:12.109Z] LiveUpdateForge: session reset, allowLiveUpdate = false
[2026-07-28T05:47:12.109Z] NudgeForge: ResumeComplete — restoring count from history
[2026-07-28T05:47:12.110Z] restoreNudgeCountFromHistory: found last write at idx=1035 count=59
[2026-07-28T05:47:12.188Z] LiveUpdateForge: allowLiveUpdate = true (first real BeforeSend)
[2026-07-28T05:47:12.189Z] InitialReadForge.onBeforeSend: SKIP (fr=false syn=false hasRead=true)
[2026-07-28T05:47:54.565Z] LiveUpdateForge: EndTurn fallback flush
[2026-07-28T05:47:54.566Z] onEndTurn: naturalStop=false toolCalls=59 nudgeMsg=no
[2026-07-28T05:47:54.763Z] LiveUpdateForge: AfterToolExec flush
[2026-07-28T05:47:54.815Z] InitialReadForge.onBeforeSend: SKIP (fr=true syn=false hasRead=true)
[2026-07-28T05:48:07.895Z] LiveUpdateForge: EndTurn fallback flush
[2026-07-28T05:48:07.896Z] onEndTurn: naturalStop=false toolCalls=60 nudgeMsg=no
[2026-07-28T05:48:07.939Z] LiveUpdateForge: AfterToolExec flush
[2026-07-28T05:48:08.064Z] InitialReadForge.onBeforeSend: SKIP (fr=true syn=false hasRead=true)
[2026-07-28T05:48:14.632Z] LiveUpdateForge: EndTurn fallback flush
[2026-07-28T05:48:14.633Z] onEndTurn: naturalStop=false toolCalls=61 nudgeMsg=no
[2026-07-28T05:48:14.980Z] LiveUpdateForge: AfterToolExec flush
[2026-07-28T05:48:15.064Z] InitialReadForge.onBeforeSend: SKIP (fr=true syn=false hasRead=true)
[2026-07-28T05:48:21.138Z] LiveUpdateForge: EndTurn fallback flush
[2026-07-28T05:48:21.139Z] onEndTurn: naturalStop=false toolCalls=62 nudgeMsg=no
[2026-07-28T05:48:45.854Z] LiveUpdateForge: AfterToolExec flush
[2026-07-28T05:48:45.966Z] InitialReadForge.onBeforeSend: SKIP (fr=true syn=false hasRead=true)
[2026-07-28T05:49:10.426Z] LiveUpdateForge: EndTurn fallback flush
[2026-07-28T05:49:10.427Z] onEndTurn: naturalStop=false toolCalls=63 nudgeMsg=no
[2026-07-28T05:49:10.868Z] LiveUpdateForge: AfterToolExec flush
[2026-07-28T05:49:10.920Z] InitialReadForge.onBeforeSend: SKIP (fr=true syn=false hasRead=true)
[2026-07-28T05:49:47.594Z] LiveUpdateForge: EndTurn fallback flush
[2026-07-28T05:49:47.595Z] onEndTurn: naturalStop=false toolCalls=64 nudgeMsg=no
[2026-07-28T05:49:47.936Z] LiveUpdateForge: AfterToolExec flush
[2026-07-28T05:49:47.991Z] InitialReadForge.onBeforeSend: SKIP (fr=true syn=false hasRead=true)
[2026-07-28T05:50:03.338Z] LiveUpdateForge: EndTurn fallback flush
[2026-07-28T05:50:03.338Z] onEndTurn: naturalStop=false toolCalls=65 nudgeMsg=no
[2026-07-28T05:50:03.480Z] LiveUpdateForge: AfterToolExec flush
[2026-07-28T05:50:03.536Z] InitialReadForge.onBeforeSend: SKIP (fr=true syn=false hasRead=true)
[2026-07-28T05:50:12.864Z] LiveUpdateForge: EndTurn fallback flush
[2026-07-28T05:50:12.864Z] onEndTurn: naturalStop=false toolCalls=66 nudgeMsg=no
[2026-07-28T05:50:29.845Z] LiveUpdateForge: AfterToolExec flush
[2026-07-28T05:50:29.896Z] InitialReadForge.onBeforeSend: SKIP (fr=true syn=false hasRead=true)
[2026-07-28T05:50:58.951Z] LiveUpdateForge: EndTurn fallback flush
[2026-07-28T05:50:58.952Z] onEndTurn: naturalStop=false toolCalls=67 nudgeMsg=no
[2026-07-28T05:50:59.170Z] LiveUpdateForge: AfterToolExec flush
[2026-07-28T05:50:59.231Z] InitialReadForge.onBeforeSend: SKIP (fr=true syn=false hasRead=true)
[2026-07-28T05:51:13.189Z] LiveUpdateForge: EndTurn fallback flush
[2026-07-28T05:51:13.190Z] onEndTurn: naturalStop=false toolCalls=68 nudgeMsg=no
[2026-07-28T05:51:13.207Z] LiveUpdateForge: AfterToolExec flush
[2026-07-28T05:51:13.262Z] InitialReadForge.onBeforeSend: SKIP (fr=true syn=false hasRead=true)
[2026-07-28T05:51:37.392Z] LiveUpdateForge: EndTurn fallback flush
[2026-07-28T05:51:37.393Z] onEndTurn: naturalStop=false toolCalls=69 nudgeMsg=no
[2026-07-28T05:51:37.553Z] LiveUpdateForge: AfterToolExec flush
[2026-07-28T05:51:37.607Z] InitialReadForge.onBeforeSend: SKIP (fr=true syn=false hasRead=true)
[2026-07-28T05:52:41.463Z] LiveUpdateForge: EndTurn fallback flush
[2026-07-28T05:52:41.463Z] onEndTurn: naturalStop=false toolCalls=70 nudgeMsg=no
[2026-07-28T05:52:41.772Z] LiveUpdateForge: AfterToolExec flush
[2026-07-28T05:52:41.830Z] InitialReadForge.onBeforeSend: SKIP (fr=true syn=false hasRead=true)
[2026-07-28T05:52:54.209Z] LiveUpdateForge: EndTurn fallback flush
[2026-07-28T05:52:54.210Z] onEndTurn: naturalStop=false toolCalls=71 nudgeMsg=no
[2026-07-28T05:52:54.605Z] LiveUpdateForge: AfterToolExec flush
[2026-07-28T05:52:54.717Z] InitialReadForge.onBeforeSend: SKIP (fr=true syn=false hasRead=true)
[2026-07-28T05:53:28.012Z] LiveUpdateForge: EndTurn fallback flush
[2026-07-28T05:53:28.013Z] onEndTurn: naturalStop=false toolCalls=72 nudgeMsg=no
[2026-07-28T05:53:28.028Z] LiveUpdateForge: AfterToolExec flush
[2026-07-28T05:53:28.113Z] InitialReadForge.onBeforeSend: SKIP (fr=true syn=false hasRead=true)
[2026-07-28T05:53:38.205Z] LiveUpdateForge: EndTurn fallback flush
[2026-07-28T05:53:38.206Z] onEndTurn: naturalStop=false toolCalls=73 nudgeMsg=no
[2026-07-28T05:53:38.219Z] LiveUpdateForge: AfterToolExec flush
[2026-07-28T05:53:38.300Z] InitialReadForge.onBeforeSend: SKIP (fr=true syn=false hasRead=true)
[2026-07-28T05:53:57.148Z] LiveUpdateForge: EndTurn fallback flush
[2026-07-28T05:53:57.149Z] onEndTurn: naturalStop=false toolCalls=74 nudgeMsg=no
[2026-07-28T05:53:57.258Z] LiveUpdateForge: AfterToolExec flush
[2026-07-28T05:53:57.308Z] InitialReadForge.onBeforeSend: SKIP (fr=true syn=false hasRead=true)
[2026-07-28T05:54:32.645Z] LiveUpdateForge: EndTurn fallback flush
[2026-07-28T05:54:32.646Z] onEndTurn: naturalStop=false toolCalls=75 nudgeMsg=no
[2026-07-28T05:54:32.938Z] LiveUpdateForge: AfterToolExec flush
[2026-07-28T05:54:32.984Z] InitialReadForge.onBeforeSend: SKIP (fr=true syn=false hasRead=true)
[2026-07-28T05:55:27.654Z] LiveUpdateForge: EndTurn fallback flush
[2026-07-28T05:55:27.655Z] onEndTurn: naturalStop=false toolCalls=76 nudgeMsg=no
[2026-07-28T05:55:27.966Z] LiveUpdateForge: AfterToolExec flush
[2026-07-28T05:55:28.014Z] InitialReadForge.onBeforeSend: SKIP (fr=true syn=false hasRead=true)
[2026-07-28T05:56:24.429Z] LiveUpdateForge: EndTurn fallback flush
[2026-07-28T05:56:24.430Z] onEndTurn: naturalStop=false toolCalls=77 nudgeMsg=no
[2026-07-28T05:56:24.443Z] LiveUpdateForge: AfterToolExec flush
[2026-07-28T05:56:24.491Z] InitialReadForge.onBeforeSend: SKIP (fr=true syn=false hasRead=true)
[2026-07-28T05:56:38.590Z] LiveUpdateForge: EndTurn fallback flush
[2026-07-28T05:56:38.591Z] onEndTurn: naturalStop=false toolCalls=78 nudgeMsg=no
[2026-07-28T05:56:38.804Z] LiveUpdateForge: AfterToolExec flush
[2026-07-28T05:56:38.855Z] InitialReadForge.onBeforeSend: SKIP (fr=true syn=false hasRead=true)
[2026-07-28T05:56:48.535Z] LiveUpdateForge: EndTurn fallback flush
[2026-07-28T05:56:48.536Z] onEndTurn: naturalStop=false toolCalls=79 nudgeMsg=no
[2026-07-28T05:56:48.550Z] LiveUpdateForge: AfterToolExec flush
[2026-07-28T05:56:48.599Z] InitialReadForge.onBeforeSend: SKIP (fr=true syn=false hasRead=true)
[2026-07-28T05:57:39.421Z] LiveUpdateForge: EndTurn fallback flush
[2026-07-28T05:57:39.421Z] onEndTurn: naturalStop=false toolCalls=80 nudgeMsg=no
[2026-07-28T05:57:39.512Z] LiveUpdateForge: AfterToolExec flush
[2026-07-28T05:57:39.561Z] InitialReadForge.onBeforeSend: SKIP (fr=true syn=false hasRead=true)
[2026-07-28T05:57:48.928Z] LiveUpdateForge: EndTurn fallback flush
[2026-07-28T05:57:48.929Z] onEndTurn: naturalStop=false toolCalls=81 nudgeMsg=no
[2026-07-28T05:57:49.258Z] LiveUpdateForge: AfterToolExec flush
[2026-07-28T05:57:49.301Z] InitialReadForge.onBeforeSend: SKIP (fr=true syn=false hasRead=true)
[2026-07-28T05:57:58.044Z] LiveUpdateForge: EndTurn fallback flush
[2026-07-28T05:57:58.045Z] onEndTurn: naturalStop=false toolCalls=82 nudgeMsg=no
[2026-07-28T05:57:58.346Z] LiveUpdateForge: AfterToolExec flush
[2026-07-28T05:57:58.394Z] InitialReadForge.onBeforeSend: SKIP (fr=true syn=false hasRead=true)
[2026-07-28T05:58:15.474Z] LiveUpdateForge: EndTurn fallback flush
[2026-07-28T05:58:15.474Z] onEndTurn: naturalStop=false toolCalls=83 nudgeMsg=no
[2026-07-28T05:58:15.813Z] LiveUpdateForge: AfterToolExec flush
[2026-07-28T05:58:15.867Z] InitialReadForge.onBeforeSend: SKIP (fr=true syn=false hasRead=true)
[2026-07-28T05:58:50.165Z] LiveUpdateForge: EndTurn fallback flush
[2026-07-28T05:58:50.166Z] onEndTurn: naturalStop=false toolCalls=84 nudgeMsg=no
[2026-07-28T05:58:50.232Z] LiveUpdateForge: AfterToolExec flush
[2026-07-28T05:58:50.289Z] InitialReadForge.onBeforeSend: SKIP (fr=true syn=false hasRead=true)
[2026-07-28T05:59:04.989Z] LiveUpdateForge: EndTurn fallback flush
[2026-07-28T05:59:04.989Z] onEndTurn: naturalStop=false toolCalls=85 nudgeMsg=no
[2026-07-28T05:59:05.005Z] LiveUpdateForge: AfterToolExec flush
[2026-07-28T05:59:05.056Z] InitialReadForge.onBeforeSend: SKIP (fr=true syn=false hasRead=true)
[2026-07-28T06:01:08.922Z] LiveUpdateForge: EndTurn fallback flush
[2026-07-28T06:01:08.922Z] onEndTurn: naturalStop=false toolCalls=86 nudgeMsg=no
[2026-07-28T06:01:09.054Z] LiveUpdateForge: AfterToolExec flush
[2026-07-28T06:01:09.099Z] InitialReadForge.onBeforeSend: SKIP (fr=true syn=false hasRead=true)
[2026-07-28T06:01:36.909Z] LiveUpdateForge: EndTurn fallback flush
[2026-07-28T06:01:36.909Z] onEndTurn: naturalStop=false toolCalls=87 nudgeMsg=no
[2026-07-28T06:01:37.215Z] LiveUpdateForge: AfterToolExec flush
[2026-07-28T06:01:37.267Z] InitialReadForge.onBeforeSend: SKIP (fr=true syn=false hasRead=true)
[2026-07-28T06:03:33.249Z] LiveUpdateForge: EndTurn fallback flush
[2026-07-28T06:03:33.250Z] onEndTurn: naturalStop=false toolCalls=88 nudgeMsg=no
[2026-07-28T06:03:33.266Z] LiveUpdateForge: AfterToolExec flush
[2026-07-28T06:03:33.319Z] InitialReadForge.onBeforeSend: SKIP (fr=true syn=false hasRead=true)
[2026-07-28T06:04:51.611Z] LiveUpdateForge: EndTurn fallback flush
[2026-07-28T06:04:51.612Z] onEndTurn: naturalStop=false toolCalls=89 nudgeMsg=no
[2026-07-28T06:04:51.786Z] LiveUpdateForge: AfterToolExec flush
[2026-07-28T06:04:51.833Z] InitialReadForge.onBeforeSend: SKIP (fr=true syn=false hasRead=true)
[2026-07-28T06:05:15.410Z] LiveUpdateForge: EndTurn fallback flush
[2026-07-28T06:05:15.410Z] onEndTurn: naturalStop=false toolCalls=90 nudgeMsg=no
[2026-07-28T06:05:15.424Z] LiveUpdateForge: AfterToolExec flush
[2026-07-28T06:05:15.469Z] InitialReadForge.onBeforeSend: SKIP (fr=true syn=false hasRead=true)
[2026-07-28T06:05:29.038Z] LiveUpdateForge: EndTurn fallback flush
[2026-07-28T06:05:29.038Z] onEndTurn: naturalStop=false toolCalls=91 nudgeMsg=no
[2026-07-28T06:05:29.119Z] LiveUpdateForge: AfterToolExec flush
[2026-07-28T06:05:29.166Z] InitialReadForge.onBeforeSend: SKIP (fr=true syn=false hasRead=true)
[2026-07-28T06:05:53.958Z] LiveUpdateForge: EndTurn fallback flush
[2026-07-28T06:05:53.958Z] onEndTurn: naturalStop=false toolCalls=92 nudgeMsg=no
[2026-07-28T06:06:02.415Z] LiveUpdateForge: AfterToolExec flush
[2026-07-28T06:06:02.471Z] InitialReadForge.onBeforeSend: SKIP (fr=true syn=false hasRead=true)
[2026-07-28T06:06:20.173Z] LiveUpdateForge: EndTurn fallback flush
[2026-07-28T06:06:20.174Z] onEndTurn: naturalStop=true toolCalls=0 nudgeMsg=YES
[2026-07-28T06:06:20.179Z] InitialReadForge.onBeforeSend: SKIP (fr=false syn=false hasRead=true)
[2026-07-28T06:06:27.829Z] LiveUpdateForge: EndTurn fallback flush
[2026-07-28T06:06:27.830Z] onEndTurn: naturalStop=false toolCalls=0 nudgeMsg=no
[2026-07-28T06:06:27.855Z] LiveUpdateForge: self-write on D:\unity\demo\CODELY.md, baseline aligned
[2026-07-28T06:06:27.856Z] LiveUpdateForge: AfterToolExec flush
[2026-07-28T06:06:27.902Z] InitialReadForge.onBeforeSend: SKIP (fr=true syn=false hasRead=true)
[2026-07-28T06:06:28.447Z] LiveUpdateForge: pending external change on D:\unity\demo\CODELY.md
[2026-07-28T06:07:33.828Z] LiveUpdateForge: EndTurn fallback flush
[2026-07-28T06:07:33.829Z] onEndTurn: naturalStop=true toolCalls=0 nudgeMsg=no
[2026-07-28T06:07:38.104Z] ResumeDiffForge: running checkResumeConsistency
[2026-07-28T06:07:38.105Z] checkResumeConsistency: forgedTimestamps=[["project","1970-01-01T00:00:00.000Z"]]
[2026-07-28T06:07:38.118Z] checkResumeConsistency: injecting 1 diff notification(s)
[2026-07-28T06:07:38.119Z] injectForgedHistory: role=user preview="[agent-auto] [memory-update 2026-07-28 14:06:27] project memory file has been mo"
[2026-07-28T06:07:38.153Z] injectForgedHistory: recordMessage persisted
[2026-07-28T06:07:38.154Z] LiveUpdateForge: session reset, allowLiveUpdate = false
[2026-07-28T06:07:38.154Z] NudgeForge: ResumeComplete — restoring count from history
[2026-07-28T06:07:38.156Z] restoreNudgeCountFromHistory: found last write at idx=1247 count=0
[2026-07-28T06:07:38.229Z] LiveUpdateForge: allowLiveUpdate = true (first real BeforeSend)
[2026-07-28T06:07:38.230Z] InitialReadForge.onBeforeSend: SKIP (fr=false syn=false hasRead=true)
[2026-07-28T06:07:59.386Z] LiveUpdateForge: EndTurn fallback flush
[2026-07-28T06:07:59.387Z] onEndTurn: naturalStop=false toolCalls=0 nudgeMsg=no
[2026-07-28T06:08:27.571Z] LiveUpdateForge: AfterToolExec flush
[2026-07-28T06:08:27.624Z] InitialReadForge.onBeforeSend: SKIP (fr=true syn=false hasRead=true)
[2026-07-28T06:09:27.708Z] LiveUpdateForge: EndTurn fallback flush
[2026-07-28T06:09:27.709Z] onEndTurn: naturalStop=false toolCalls=1 nudgeMsg=no
[2026-07-28T06:09:27.730Z] LiveUpdateForge: AfterToolExec flush
[2026-07-28T06:09:27.780Z] InitialReadForge.onBeforeSend: SKIP (fr=true syn=false hasRead=true)
[2026-07-28T06:09:43.262Z] LiveUpdateForge: EndTurn fallback flush
[2026-07-28T06:09:43.263Z] onEndTurn: naturalStop=false toolCalls=2 nudgeMsg=no
[2026-07-28T06:09:43.274Z] LiveUpdateForge: AfterToolExec flush
[2026-07-28T06:09:43.325Z] InitialReadForge.onBeforeSend: SKIP (fr=true syn=false hasRead=true)
[2026-07-28T06:10:09.370Z] LiveUpdateForge: EndTurn fallback flush
[2026-07-28T06:10:09.370Z] onEndTurn: naturalStop=false toolCalls=3 nudgeMsg=no
[2026-07-28T06:10:09.380Z] LiveUpdateForge: AfterToolExec flush
[2026-07-28T06:10:09.427Z] InitialReadForge.onBeforeSend: SKIP (fr=true syn=false hasRead=true)
[2026-07-28T06:10:56.351Z] LiveUpdateForge: EndTurn fallback flush
[2026-07-28T06:10:56.351Z] onEndTurn: naturalStop=false toolCalls=4 nudgeMsg=no
[2026-07-28T06:11:20.214Z] LiveUpdateForge: AfterToolExec flush
[2026-07-28T06:11:20.268Z] InitialReadForge.onBeforeSend: SKIP (fr=true syn=false hasRead=true)
[2026-07-28T06:11:43.294Z] LiveUpdateForge: EndTurn fallback flush
[2026-07-28T06:11:43.295Z] onEndTurn: naturalStop=false toolCalls=5 nudgeMsg=no
[2026-07-28T06:11:43.526Z] LiveUpdateForge: AfterToolExec flush
[2026-07-28T06:11:43.576Z] InitialReadForge.onBeforeSend: SKIP (fr=true syn=false hasRead=true)
[2026-07-28T06:12:03.550Z] LiveUpdateForge: EndTurn fallback flush
[2026-07-28T06:12:03.551Z] onEndTurn: naturalStop=false toolCalls=6 nudgeMsg=no
[2026-07-28T06:12:03.761Z] LiveUpdateForge: AfterToolExec flush
[2026-07-28T06:12:03.811Z] InitialReadForge.onBeforeSend: SKIP (fr=true syn=false hasRead=true)
[2026-07-28T06:13:23.005Z] LiveUpdateForge: EndTurn fallback flush
[2026-07-28T06:13:23.005Z] onEndTurn: naturalStop=false toolCalls=7 nudgeMsg=no
[2026-07-28T06:13:23.234Z] LiveUpdateForge: AfterToolExec flush
[2026-07-28T06:13:23.288Z] InitialReadForge.onBeforeSend: SKIP (fr=true syn=false hasRead=true)
[2026-07-28T06:16:11.791Z] LiveUpdateForge: EndTurn fallback flush
[2026-07-28T06:16:11.792Z] onEndTurn: naturalStop=false toolCalls=8 nudgeMsg=no
[2026-07-28T06:16:11.995Z] LiveUpdateForge: AfterToolExec flush
[2026-07-28T06:16:12.093Z] InitialReadForge.onBeforeSend: SKIP (fr=true syn=false hasRead=true)
[2026-07-28T06:16:33.724Z] LiveUpdateForge: EndTurn fallback flush
[2026-07-28T06:16:33.725Z] onEndTurn: naturalStop=false toolCalls=9 nudgeMsg=no
[2026-07-28T06:16:33.810Z] LiveUpdateForge: AfterToolExec flush
[2026-07-28T06:16:33.893Z] InitialReadForge.onBeforeSend: SKIP (fr=true syn=false hasRead=true)
[2026-07-28T06:21:05.065Z] LiveUpdateForge: EndTurn fallback flush
[2026-07-28T06:21:05.065Z] onEndTurn: naturalStop=false toolCalls=10 nudgeMsg=no
[2026-07-28T06:21:05.120Z] InitialReadForge.onBeforeSend: SKIP (fr=true syn=false hasRead=true)
[2026-07-28T06:21:42.782Z] LiveUpdateForge: EndTurn fallback flush
[2026-07-28T06:21:42.783Z] onEndTurn: naturalStop=false toolCalls=10 nudgeMsg=no
[2026-07-28T06:21:42.910Z] LiveUpdateForge: AfterToolExec flush
[2026-07-28T06:21:42.958Z] InitialReadForge.onBeforeSend: SKIP (fr=true syn=false hasRead=true)
[2026-07-28T06:22:33.452Z] LiveUpdateForge: EndTurn fallback flush
[2026-07-28T06:22:33.452Z] onEndTurn: naturalStop=false toolCalls=11 nudgeMsg=no
[2026-07-28T06:22:33.682Z] LiveUpdateForge: AfterToolExec flush
[2026-07-28T06:22:33.734Z] InitialReadForge.onBeforeSend: SKIP (fr=true syn=false hasRead=true)
[2026-07-28T06:23:18.556Z] LiveUpdateForge: EndTurn fallback flush
[2026-07-28T06:23:18.557Z] onEndTurn: naturalStop=false toolCalls=12 nudgeMsg=no
[2026-07-28T06:23:18.780Z] LiveUpdateForge: AfterToolExec flush
[2026-07-28T06:23:18.845Z] InitialReadForge.onBeforeSend: SKIP (fr=true syn=false hasRead=true)
[2026-07-28T06:23:55.536Z] LiveUpdateForge: EndTurn fallback flush
[2026-07-28T06:23:55.537Z] onEndTurn: naturalStop=false toolCalls=13 nudgeMsg=no
[2026-07-28T06:23:55.742Z] LiveUpdateForge: AfterToolExec flush
[2026-07-28T06:23:55.804Z] InitialReadForge.onBeforeSend: SKIP (fr=true syn=false hasRead=true)
[2026-07-28T06:24:10.238Z] LiveUpdateForge: EndTurn fallback flush
[2026-07-28T06:24:10.239Z] onEndTurn: naturalStop=false toolCalls=14 nudgeMsg=no
[2026-07-28T06:24:10.445Z] LiveUpdateForge: AfterToolExec flush
[2026-07-28T06:24:10.500Z] InitialReadForge.onBeforeSend: SKIP (fr=true syn=false hasRead=true)
[2026-07-28T06:25:26.583Z] LiveUpdateForge: EndTurn fallback flush
[2026-07-28T06:25:26.584Z] onEndTurn: naturalStop=false toolCalls=15 nudgeMsg=no
[2026-07-28T06:25:26.800Z] LiveUpdateForge: AfterToolExec flush
[2026-07-28T06:25:26.871Z] InitialReadForge.onBeforeSend: SKIP (fr=true syn=false hasRead=true)
[2026-07-28T06:27:09.654Z] LiveUpdateForge: EndTurn fallback flush
[2026-07-28T06:27:09.655Z] onEndTurn: naturalStop=false toolCalls=16 nudgeMsg=no
[2026-07-28T06:27:09.864Z] LiveUpdateForge: AfterToolExec flush
[2026-07-28T06:27:09.917Z] InitialReadForge.onBeforeSend: SKIP (fr=true syn=false hasRead=true)
[2026-07-28T06:27:45.974Z] LiveUpdateForge: EndTurn fallback flush
[2026-07-28T06:27:45.974Z] onEndTurn: naturalStop=false toolCalls=17 nudgeMsg=no
[2026-07-28T06:27:46.192Z] LiveUpdateForge: AfterToolExec flush
[2026-07-28T06:27:46.245Z] InitialReadForge.onBeforeSend: SKIP (fr=true syn=false hasRead=true)
[2026-07-28T06:28:11.198Z] LiveUpdateForge: EndTurn fallback flush
[2026-07-28T06:28:11.198Z] onEndTurn: naturalStop=false toolCalls=18 nudgeMsg=no
[2026-07-28T06:28:11.406Z] LiveUpdateForge: AfterToolExec flush
[2026-07-28T06:28:11.461Z] InitialReadForge.onBeforeSend: SKIP (fr=true syn=false hasRead=true)
[2026-07-28T06:29:24.372Z] LiveUpdateForge: EndTurn fallback flush
[2026-07-28T06:29:24.373Z] onEndTurn: naturalStop=false toolCalls=19 nudgeMsg=no
[2026-07-28T06:29:24.592Z] LiveUpdateForge: AfterToolExec flush
[2026-07-28T06:29:24.642Z] InitialReadForge.onBeforeSend: SKIP (fr=true syn=false hasRead=true)
[2026-07-28T06:29:46.042Z] LiveUpdateForge: EndTurn fallback flush
[2026-07-28T06:29:46.043Z] onEndTurn: naturalStop=false toolCalls=20 nudgeMsg=no
[2026-07-28T06:29:46.259Z] LiveUpdateForge: AfterToolExec flush
[2026-07-28T06:29:46.310Z] InitialReadForge.onBeforeSend: SKIP (fr=true syn=false hasRead=true)
[2026-07-28T06:30:22.309Z] LiveUpdateForge: EndTurn fallback flush
[2026-07-28T06:30:22.309Z] onEndTurn: naturalStop=false toolCalls=21 nudgeMsg=no
[2026-07-28T06:30:22.496Z] LiveUpdateForge: AfterToolExec flush
[2026-07-28T06:30:22.550Z] InitialReadForge.onBeforeSend: SKIP (fr=true syn=false hasRead=true)
[2026-07-28T06:31:08.602Z] LiveUpdateForge: EndTurn fallback flush
[2026-07-28T06:31:08.603Z] onEndTurn: naturalStop=false toolCalls=22 nudgeMsg=no
[2026-07-28T06:31:08.808Z] LiveUpdateForge: AfterToolExec flush
[2026-07-28T06:31:08.858Z] InitialReadForge.onBeforeSend: SKIP (fr=true syn=false hasRead=true)
[2026-07-28T06:31:21.029Z] LiveUpdateForge: EndTurn fallback flush
[2026-07-28T06:31:21.030Z] onEndTurn: naturalStop=false toolCalls=23 nudgeMsg=no
[2026-07-28T06:31:21.758Z] LiveUpdateForge: AfterToolExec flush
[2026-07-28T06:31:21.814Z] InitialReadForge.onBeforeSend: SKIP (fr=true syn=false hasRead=true)
[2026-07-28T06:31:42.269Z] LiveUpdateForge: EndTurn fallback flush
[2026-07-28T06:31:42.270Z] onEndTurn: naturalStop=false toolCalls=24 nudgeMsg=no
[2026-07-28T06:31:42.285Z] LiveUpdateForge: AfterToolExec flush
[2026-07-28T06:31:42.340Z] InitialReadForge.onBeforeSend: SKIP (fr=true syn=false hasRead=true)
[2026-07-28T06:31:51.937Z] LiveUpdateForge: EndTurn fallback flush
[2026-07-28T06:31:51.937Z] onEndTurn: naturalStop=false toolCalls=25 nudgeMsg=no
[2026-07-28T06:31:52.116Z] LiveUpdateForge: AfterToolExec flush
[2026-07-28T06:31:52.169Z] InitialReadForge.onBeforeSend: SKIP (fr=true syn=false hasRead=true)
[2026-07-28T06:32:14.887Z] LiveUpdateForge: EndTurn fallback flush
[2026-07-28T06:32:14.888Z] onEndTurn: naturalStop=false toolCalls=26 nudgeMsg=no
[2026-07-28T07:08:46.236Z] LiveUpdateForge: AfterToolExec flush
[2026-07-28T07:08:46.302Z] InitialReadForge.onBeforeSend: SKIP (fr=true syn=false hasRead=true)
[2026-07-28T07:09:49.286Z] LiveUpdateForge: EndTurn fallback flush
[2026-07-28T07:09:49.286Z] onEndTurn: naturalStop=false toolCalls=27 nudgeMsg=no
[2026-07-28T07:09:49.512Z] LiveUpdateForge: AfterToolExec flush
[2026-07-28T07:09:49.563Z] InitialReadForge.onBeforeSend: SKIP (fr=true syn=false hasRead=true)
[2026-07-28T07:10:08.871Z] LiveUpdateForge: EndTurn fallback flush
[2026-07-28T07:10:08.871Z] onEndTurn: naturalStop=false toolCalls=28 nudgeMsg=no
[2026-07-28T07:10:09.032Z] LiveUpdateForge: AfterToolExec flush
[2026-07-28T07:10:09.085Z] InitialReadForge.onBeforeSend: SKIP (fr=true syn=false hasRead=true)
[2026-07-28T07:15:04.173Z] LiveUpdateForge: EndTurn fallback flush
[2026-07-28T07:15:04.173Z] onEndTurn: naturalStop=false toolCalls=29 nudgeMsg=no
[2026-07-28T07:15:04.187Z] InitialReadForge.onBeforeSend: SKIP (fr=true syn=false hasRead=true)
[2026-07-28T07:15:36.236Z] LiveUpdateForge: EndTurn fallback flush
[2026-07-28T07:15:36.236Z] onEndTurn: naturalStop=false toolCalls=29 nudgeMsg=no
[2026-07-28T07:15:36.248Z] LiveUpdateForge: AfterToolExec flush
[2026-07-28T07:15:36.340Z] InitialReadForge.onBeforeSend: SKIP (fr=true syn=false hasRead=true)
[2026-07-28T07:15:51.552Z] LiveUpdateForge: EndTurn fallback flush
[2026-07-28T07:15:51.553Z] onEndTurn: naturalStop=false toolCalls=30 nudgeMsg=no
[2026-07-28T07:15:52.345Z] LiveUpdateForge: AfterToolExec flush
[2026-07-28T07:15:52.445Z] InitialReadForge.onBeforeSend: SKIP (fr=true syn=false hasRead=true)
[2026-07-28T07:16:06.132Z] LiveUpdateForge: EndTurn fallback flush
[2026-07-28T07:16:06.132Z] onEndTurn: naturalStop=false toolCalls=31 nudgeMsg=no
[2026-07-28T07:16:34.823Z] LiveUpdateForge: AfterToolExec flush
[2026-07-28T07:16:34.893Z] InitialReadForge.onBeforeSend: SKIP (fr=true syn=false hasRead=true)
[2026-07-28T07:16:54.787Z] LiveUpdateForge: EndTurn fallback flush
[2026-07-28T07:16:54.788Z] onEndTurn: naturalStop=false toolCalls=32 nudgeMsg=no
[2026-07-28T07:16:54.799Z] LiveUpdateForge: AfterToolExec flush
[2026-07-28T07:16:54.863Z] InitialReadForge.onBeforeSend: SKIP (fr=true syn=false hasRead=true)
[2026-07-28T07:18:01.482Z] LiveUpdateForge: EndTurn fallback flush
[2026-07-28T07:18:01.482Z] onEndTurn: naturalStop=false toolCalls=33 nudgeMsg=no
[2026-07-28T07:18:01.498Z] LiveUpdateForge: AfterToolExec flush
[2026-07-28T07:18:01.551Z] InitialReadForge.onBeforeSend: SKIP (fr=true syn=false hasRead=true)
[2026-07-28T07:18:43.953Z] LiveUpdateForge: EndTurn fallback flush
[2026-07-28T07:18:43.954Z] onEndTurn: naturalStop=false toolCalls=34 nudgeMsg=no
[2026-07-28T07:18:43.969Z] LiveUpdateForge: AfterToolExec flush
[2026-07-28T07:18:44.023Z] InitialReadForge.onBeforeSend: SKIP (fr=true syn=false hasRead=true)
[2026-07-28T07:19:33.514Z] LiveUpdateForge: EndTurn fallback flush
[2026-07-28T07:19:33.514Z] onEndTurn: naturalStop=false toolCalls=35 nudgeMsg=no
[2026-07-28T07:19:33.674Z] LiveUpdateForge: AfterToolExec flush
[2026-07-28T07:19:33.724Z] InitialReadForge.onBeforeSend: SKIP (fr=true syn=false hasRead=true)
[2026-07-28T07:19:37.216Z] LiveUpdateForge: EndTurn fallback flush
[2026-07-28T07:19:37.217Z] onEndTurn: naturalStop=false toolCalls=36 nudgeMsg=no
[2026-07-28T07:19:37.230Z] LiveUpdateForge: AfterToolExec flush
[2026-07-28T07:19:37.285Z] InitialReadForge.onBeforeSend: SKIP (fr=true syn=false hasRead=true)
[2026-07-28T07:19:46.633Z] LiveUpdateForge: EndTurn fallback flush
[2026-07-28T07:19:46.634Z] onEndTurn: naturalStop=false toolCalls=37 nudgeMsg=no
[2026-07-28T07:19:46.722Z] LiveUpdateForge: AfterToolExec flush
[2026-07-28T07:19:46.776Z] InitialReadForge.onBeforeSend: SKIP (fr=true syn=false hasRead=true)
[2026-07-28T07:19:50.810Z] LiveUpdateForge: EndTurn fallback flush
[2026-07-28T07:19:50.811Z] onEndTurn: naturalStop=false toolCalls=38 nudgeMsg=no
[2026-07-28T07:20:23.730Z] LiveUpdateForge: AfterToolExec flush
[2026-07-28T07:20:23.797Z] InitialReadForge.onBeforeSend: SKIP (fr=true syn=false hasRead=true)
[2026-07-28T07:21:11.423Z] LiveUpdateForge: EndTurn fallback flush
[2026-07-28T07:21:11.424Z] onEndTurn: naturalStop=false toolCalls=39 nudgeMsg=no
[2026-07-28T07:21:21.281Z] LiveUpdateForge: AfterToolExec flush
[2026-07-28T07:21:21.357Z] InitialReadForge.onBeforeSend: SKIP (fr=true syn=false hasRead=true)
[2026-07-28T07:21:32.632Z] LiveUpdateForge: EndTurn fallback flush
[2026-07-28T07:21:32.633Z] onEndTurn: naturalStop=false toolCalls=40 nudgeMsg=no
[2026-07-28T07:21:32.720Z] LiveUpdateForge: AfterToolExec flush
[2026-07-28T07:21:32.775Z] InitialReadForge.onBeforeSend: SKIP (fr=true syn=false hasRead=true)
[2026-07-28T07:21:37.021Z] LiveUpdateForge: EndTurn fallback flush
[2026-07-28T07:21:37.021Z] onEndTurn: naturalStop=false toolCalls=41 nudgeMsg=no
[2026-07-28T07:21:46.172Z] LiveUpdateForge: AfterToolExec flush
[2026-07-28T07:21:46.235Z] InitialReadForge.onBeforeSend: SKIP (fr=true syn=false hasRead=true)
[2026-07-28T07:21:59.777Z] LiveUpdateForge: EndTurn fallback flush
[2026-07-28T07:21:59.778Z] onEndTurn: naturalStop=true toolCalls=42 nudgeMsg=no
[2026-07-28T07:22:01.235Z] ResumeDiffForge: running checkResumeConsistency
[2026-07-28T07:22:01.236Z] checkResumeConsistency: forgedTimestamps=[["project","1970-01-01T00:00:00.000Z"]]
[2026-07-28T07:22:01.263Z] checkResumeConsistency: injecting 1 diff notification(s)
[2026-07-28T07:22:01.263Z] injectForgedHistory: role=user preview="[agent-auto] [memory-update 2026-07-28 14:06:27] project memory file has been mo"
[2026-07-28T07:22:01.301Z] injectForgedHistory: recordMessage persisted
[2026-07-28T07:22:01.302Z] LiveUpdateForge: session reset, allowLiveUpdate = false
[2026-07-28T07:22:01.302Z] NudgeForge: ResumeComplete — restoring count from history
[2026-07-28T07:22:01.303Z] restoreNudgeCountFromHistory: found last write at idx=1247 count=43
[2026-07-28T07:22:01.385Z] LiveUpdateForge: allowLiveUpdate = true (first real BeforeSend)
[2026-07-28T07:22:01.387Z] InitialReadForge.onBeforeSend: SKIP (fr=false syn=false hasRead=true)
[2026-07-28T07:22:05.989Z] LiveUpdateForge: EndTurn fallback flush
[2026-07-28T07:22:05.989Z] onEndTurn: naturalStop=false toolCalls=43 nudgeMsg=no
[2026-07-28T07:22:41.825Z] LiveUpdateForge: AfterToolExec flush
[2026-07-28T07:22:41.885Z] InitialReadForge.onBeforeSend: SKIP (fr=true syn=false hasRead=true)
[2026-07-28T07:22:55.785Z] LiveUpdateForge: EndTurn fallback flush
[2026-07-28T07:22:55.785Z] onEndTurn: naturalStop=false toolCalls=44 nudgeMsg=no
[2026-07-28T07:22:55.798Z] LiveUpdateForge: AfterToolExec flush
[2026-07-28T07:22:55.865Z] InitialReadForge.onBeforeSend: SKIP (fr=true syn=false hasRead=true)
[2026-07-28T07:23:02.062Z] LiveUpdateForge: EndTurn fallback flush
[2026-07-28T07:23:02.062Z] onEndTurn: naturalStop=false toolCalls=45 nudgeMsg=no
[2026-07-28T07:23:06.790Z] LiveUpdateForge: AfterToolExec flush
[2026-07-28T07:23:06.870Z] InitialReadForge.onBeforeSend: SKIP (fr=true syn=false hasRead=true)
[2026-07-28T07:23:21.297Z] LiveUpdateForge: EndTurn fallback flush
[2026-07-28T07:23:21.297Z] onEndTurn: naturalStop=false toolCalls=46 nudgeMsg=no
[2026-07-28T07:23:21.446Z] LiveUpdateForge: AfterToolExec flush
[2026-07-28T07:23:21.493Z] InitialReadForge.onBeforeSend: SKIP (fr=true syn=false hasRead=true)
[2026-07-28T07:23:32.873Z] LiveUpdateForge: EndTurn fallback flush
[2026-07-28T07:23:32.874Z] onEndTurn: naturalStop=false toolCalls=47 nudgeMsg=no
[2026-07-28T07:23:32.949Z] LiveUpdateForge: AfterToolExec flush
[2026-07-28T07:23:32.991Z] InitialReadForge.onBeforeSend: SKIP (fr=true syn=false hasRead=true)
[2026-07-28T07:23:43.760Z] LiveUpdateForge: EndTurn fallback flush
[2026-07-28T07:23:43.761Z] onEndTurn: naturalStop=false toolCalls=48 nudgeMsg=no
[2026-07-28T07:23:43.837Z] LiveUpdateForge: AfterToolExec flush
[2026-07-28T07:23:43.882Z] InitialReadForge.onBeforeSend: SKIP (fr=true syn=false hasRead=true)
[2026-07-28T07:24:22.750Z] LiveUpdateForge: EndTurn fallback flush
[2026-07-28T07:24:22.750Z] onEndTurn: naturalStop=false toolCalls=49 nudgeMsg=no
[2026-07-28T07:24:22.846Z] LiveUpdateForge: AfterToolExec flush
[2026-07-28T07:24:22.910Z] InitialReadForge.onBeforeSend: SKIP (fr=true syn=false hasRead=true)
[2026-07-28T07:24:56.824Z] LiveUpdateForge: EndTurn fallback flush
[2026-07-28T07:24:56.825Z] onEndTurn: naturalStop=false toolCalls=50 nudgeMsg=no
[2026-07-28T07:24:57.059Z] LiveUpdateForge: AfterToolExec flush
[2026-07-28T07:24:57.105Z] InitialReadForge.onBeforeSend: SKIP (fr=true syn=false hasRead=true)
[2026-07-28T07:25:02.190Z] LiveUpdateForge: EndTurn fallback flush
[2026-07-28T07:25:02.190Z] onEndTurn: naturalStop=false toolCalls=51 nudgeMsg=no
[2026-07-28T07:25:02.414Z] LiveUpdateForge: AfterToolExec flush
[2026-07-28T07:25:02.466Z] InitialReadForge.onBeforeSend: SKIP (fr=true syn=false hasRead=true)
[2026-07-28T07:25:08.001Z] LiveUpdateForge: EndTurn fallback flush
[2026-07-28T07:25:08.002Z] onEndTurn: naturalStop=false toolCalls=52 nudgeMsg=no
[2026-07-28T07:25:11.397Z] LiveUpdateForge: AfterToolExec flush
[2026-07-28T07:25:11.461Z] InitialReadForge.onBeforeSend: SKIP (fr=true syn=false hasRead=true)
[2026-07-28T07:25:17.132Z] LiveUpdateForge: EndTurn fallback flush
[2026-07-28T07:25:17.132Z] onEndTurn: naturalStop=false toolCalls=53 nudgeMsg=no
[2026-07-28T07:25:17.221Z] LiveUpdateForge: AfterToolExec flush
[2026-07-28T07:25:17.269Z] InitialReadForge.onBeforeSend: SKIP (fr=true syn=false hasRead=true)
[2026-07-28T07:25:28.976Z] LiveUpdateForge: EndTurn fallback flush
[2026-07-28T07:25:28.977Z] onEndTurn: naturalStop=false toolCalls=54 nudgeMsg=no
[2026-07-28T07:25:44.781Z] LiveUpdateForge: AfterToolExec flush
[2026-07-28T07:25:44.842Z] InitialReadForge.onBeforeSend: SKIP (fr=true syn=false hasRead=true)
[2026-07-28T07:26:00.760Z] LiveUpdateForge: EndTurn fallback flush
[2026-07-28T07:26:00.761Z] onEndTurn: naturalStop=false toolCalls=55 nudgeMsg=no
[2026-07-28T07:26:05.837Z] LiveUpdateForge: AfterToolExec flush
[2026-07-28T07:26:05.903Z] InitialReadForge.onBeforeSend: SKIP (fr=true syn=false hasRead=true)
[2026-07-28T07:27:52.068Z] LiveUpdateForge: EndTurn fallback flush
[2026-07-28T07:27:52.068Z] onEndTurn: naturalStop=false toolCalls=56 nudgeMsg=no
[2026-07-28T07:27:52.223Z] LiveUpdateForge: AfterToolExec flush
[2026-07-28T07:27:52.275Z] InitialReadForge.onBeforeSend: SKIP (fr=true syn=false hasRead=true)
[2026-07-28T07:28:28.960Z] LiveUpdateForge: EndTurn fallback flush
[2026-07-28T07:28:28.960Z] onEndTurn: naturalStop=false toolCalls=57 nudgeMsg=no
[2026-07-28T07:28:29.129Z] LiveUpdateForge: AfterToolExec flush
[2026-07-28T07:28:29.189Z] InitialReadForge.onBeforeSend: SKIP (fr=true syn=false hasRead=true)
[2026-07-28T07:29:17.501Z] LiveUpdateForge: EndTurn fallback flush
[2026-07-28T07:29:17.501Z] onEndTurn: naturalStop=false toolCalls=58 nudgeMsg=no
[2026-07-28T07:29:17.610Z] LiveUpdateForge: AfterToolExec flush
[2026-07-28T07:29:17.662Z] InitialReadForge.onBeforeSend: SKIP (fr=true syn=false hasRead=true)
[2026-07-28T07:29:21.163Z] LiveUpdateForge: EndTurn fallback flush
[2026-07-28T07:29:21.163Z] onEndTurn: naturalStop=false toolCalls=59 nudgeMsg=no
[2026-07-28T07:29:38.399Z] LiveUpdateForge: AfterToolExec flush
[2026-07-28T07:29:38.456Z] InitialReadForge.onBeforeSend: SKIP (fr=true syn=false hasRead=true)
[2026-07-28T07:32:59.852Z] LiveUpdateForge: EndTurn fallback flush
[2026-07-28T07:32:59.853Z] onEndTurn: naturalStop=true toolCalls=0 nudgeMsg=YES
[2026-07-28T07:32:59.864Z] InitialReadForge.onBeforeSend: SKIP (fr=false syn=false hasRead=true)
[2026-07-28T07:33:08.286Z] LiveUpdateForge: EndTurn fallback flush
[2026-07-28T07:33:08.287Z] onEndTurn: naturalStop=false toolCalls=0 nudgeMsg=no
[2026-07-28T07:33:08.317Z] LiveUpdateForge: self-write on D:\unity\demo\CODELY.md, baseline aligned
[2026-07-28T07:33:08.318Z] LiveUpdateForge: AfterToolExec flush
[2026-07-28T07:33:08.373Z] InitialReadForge.onBeforeSend: SKIP (fr=true syn=false hasRead=true)
[2026-07-28T07:33:08.924Z] LiveUpdateForge: pending external change on D:\unity\demo\CODELY.md
[2026-07-28T07:33:40.698Z] LiveUpdateForge: EndTurn fallback flush
[2026-07-28T07:33:40.699Z] onEndTurn: naturalStop=true toolCalls=0 nudgeMsg=no
[2026-07-29T02:52:33.722Z] ResumeDiffForge: running checkResumeConsistency
[2026-07-29T02:52:33.734Z] checkResumeConsistency: forgedTimestamps=[["project","1970-01-01T00:00:00.000Z"]]
[2026-07-29T02:52:33.960Z] checkResumeConsistency: injecting 1 diff notification(s)
[2026-07-29T02:52:33.965Z] injectForgedHistory: role=user preview="[agent-auto] [memory-update 2026-07-28 15:33:08] project memory file has been mo"
[2026-07-29T02:52:34.022Z] injectForgedHistory: recordMessage persisted
[2026-07-29T02:52:34.023Z] LiveUpdateForge: session reset, allowLiveUpdate = false
[2026-07-29T02:52:34.023Z] NudgeForge: ResumeComplete — restoring count from history
[2026-07-29T02:52:34.025Z] restoreNudgeCountFromHistory: found last write at idx=1377 count=0
[2026-07-29T02:52:34.151Z] LiveUpdateForge: allowLiveUpdate = true (first real BeforeSend)
[2026-07-29T02:52:34.153Z] InitialReadForge.onBeforeSend: SKIP (fr=false syn=false hasRead=true)
[2026-07-29T02:53:38.985Z] LiveUpdateForge: EndTurn fallback flush
[2026-07-29T02:53:38.986Z] onEndTurn: naturalStop=false toolCalls=0 nudgeMsg=no
[2026-07-29T02:53:39.052Z] LiveUpdateForge: AfterToolExec flush
[2026-07-29T02:53:39.130Z] InitialReadForge.onBeforeSend: SKIP (fr=true syn=false hasRead=true)
[2026-07-29T02:53:50.404Z] LiveUpdateForge: EndTurn fallback flush
[2026-07-29T02:53:50.405Z] onEndTurn: naturalStop=false toolCalls=1 nudgeMsg=no
[2026-07-29T02:53:50.415Z] LiveUpdateForge: AfterToolExec flush
[2026-07-29T02:53:50.484Z] InitialReadForge.onBeforeSend: SKIP (fr=true syn=false hasRead=true)
[2026-07-29T02:53:59.058Z] LiveUpdateForge: EndTurn fallback flush
[2026-07-29T02:53:59.058Z] onEndTurn: naturalStop=false toolCalls=2 nudgeMsg=no
[2026-07-29T02:53:59.079Z] LiveUpdateForge: AfterToolExec flush
[2026-07-29T02:53:59.131Z] InitialReadForge.onBeforeSend: SKIP (fr=true syn=false hasRead=true)
[2026-07-29T02:54:10.831Z] LiveUpdateForge: EndTurn fallback flush
[2026-07-29T02:54:10.832Z] onEndTurn: naturalStop=false toolCalls=3 nudgeMsg=no
[2026-07-29T02:54:10.923Z] LiveUpdateForge: AfterToolExec flush
[2026-07-29T02:54:10.977Z] InitialReadForge.onBeforeSend: SKIP (fr=true syn=false hasRead=true)
[2026-07-29T02:54:24.671Z] LiveUpdateForge: EndTurn fallback flush
[2026-07-29T02:54:24.672Z] onEndTurn: naturalStop=false toolCalls=4 nudgeMsg=no
[2026-07-29T02:54:24.854Z] LiveUpdateForge: AfterToolExec flush
[2026-07-29T02:54:24.923Z] InitialReadForge.onBeforeSend: SKIP (fr=true syn=false hasRead=true)
[2026-07-29T02:54:36.028Z] LiveUpdateForge: EndTurn fallback flush
[2026-07-29T02:54:36.029Z] onEndTurn: naturalStop=false toolCalls=5 nudgeMsg=no
[2026-07-29T02:54:36.500Z] LiveUpdateForge: AfterToolExec flush
[2026-07-29T02:54:36.552Z] InitialReadForge.onBeforeSend: SKIP (fr=true syn=false hasRead=true)
[2026-07-29T02:54:42.429Z] LiveUpdateForge: EndTurn fallback flush
[2026-07-29T02:54:42.429Z] onEndTurn: naturalStop=false toolCalls=6 nudgeMsg=no
[2026-07-29T02:54:51.262Z] LiveUpdateForge: AfterToolExec flush
[2026-07-29T02:54:51.405Z] InitialReadForge.onBeforeSend: SKIP (fr=true syn=false hasRead=true)
[2026-07-29T02:55:01.351Z] LiveUpdateForge: EndTurn fallback flush
[2026-07-29T02:55:01.352Z] onEndTurn: naturalStop=false toolCalls=7 nudgeMsg=no
[2026-07-29T02:55:01.402Z] LiveUpdateForge: AfterToolExec flush
[2026-07-29T02:55:01.452Z] InitialReadForge.onBeforeSend: SKIP (fr=true syn=false hasRead=true)
[2026-07-29T02:56:09.891Z] LiveUpdateForge: EndTurn fallback flush
[2026-07-29T02:56:09.891Z] onEndTurn: naturalStop=false toolCalls=8 nudgeMsg=no
[2026-07-29T02:56:13.010Z] LiveUpdateForge: AfterToolExec flush
[2026-07-29T02:56:13.064Z] InitialReadForge.onBeforeSend: SKIP (fr=true syn=false hasRead=true)
[2026-07-29T02:56:28.254Z] LiveUpdateForge: EndTurn fallback flush
[2026-07-29T02:56:28.255Z] onEndTurn: naturalStop=false toolCalls=9 nudgeMsg=no
[2026-07-29T02:56:28.463Z] LiveUpdateForge: AfterToolExec flush
[2026-07-29T02:56:28.524Z] InitialReadForge.onBeforeSend: SKIP (fr=true syn=false hasRead=true)
[2026-07-29T02:56:39.586Z] LiveUpdateForge: EndTurn fallback flush
[2026-07-29T02:56:39.586Z] onEndTurn: naturalStop=false toolCalls=10 nudgeMsg=no
[2026-07-29T02:56:39.767Z] LiveUpdateForge: AfterToolExec flush
[2026-07-29T02:56:39.820Z] InitialReadForge.onBeforeSend: SKIP (fr=true syn=false hasRead=true)
[2026-07-29T02:56:51.195Z] LiveUpdateForge: EndTurn fallback flush
[2026-07-29T02:56:51.196Z] onEndTurn: naturalStop=false toolCalls=11 nudgeMsg=no
[2026-07-29T02:56:51.459Z] LiveUpdateForge: AfterToolExec flush
[2026-07-29T02:56:51.520Z] InitialReadForge.onBeforeSend: SKIP (fr=true syn=false hasRead=true)
[2026-07-29T02:59:20.197Z] LiveUpdateForge: EndTurn fallback flush
[2026-07-29T02:59:20.198Z] onEndTurn: naturalStop=false toolCalls=12 nudgeMsg=no
[2026-07-29T02:59:21.511Z] LiveUpdateForge: AfterToolExec flush
[2026-07-29T02:59:21.643Z] InitialReadForge.onBeforeSend: SKIP (fr=true syn=false hasRead=true)
[2026-07-29T02:59:48.420Z] LiveUpdateForge: EndTurn fallback flush
[2026-07-29T02:59:48.421Z] onEndTurn: naturalStop=false toolCalls=13 nudgeMsg=no
[2026-07-29T02:59:49.191Z] LiveUpdateForge: AfterToolExec flush
[2026-07-29T02:59:49.258Z] InitialReadForge.onBeforeSend: SKIP (fr=true syn=false hasRead=true)
[2026-07-29T02:59:56.268Z] LiveUpdateForge: EndTurn fallback flush
[2026-07-29T02:59:56.269Z] onEndTurn: naturalStop=false toolCalls=14 nudgeMsg=no
[2026-07-29T02:59:56.352Z] LiveUpdateForge: AfterToolExec flush
[2026-07-29T02:59:56.417Z] InitialReadForge.onBeforeSend: SKIP (fr=true syn=false hasRead=true)
[2026-07-29T03:00:04.687Z] LiveUpdateForge: EndTurn fallback flush
[2026-07-29T03:00:04.688Z] onEndTurn: naturalStop=false toolCalls=15 nudgeMsg=no
[2026-07-29T03:00:04.789Z] LiveUpdateForge: AfterToolExec flush
[2026-07-29T03:00:04.852Z] InitialReadForge.onBeforeSend: SKIP (fr=true syn=false hasRead=true)
[2026-07-29T03:00:11.113Z] LiveUpdateForge: EndTurn fallback flush
[2026-07-29T03:00:11.113Z] onEndTurn: naturalStop=false toolCalls=16 nudgeMsg=no
[2026-07-29T03:00:11.249Z] LiveUpdateForge: AfterToolExec flush
[2026-07-29T03:00:11.306Z] InitialReadForge.onBeforeSend: SKIP (fr=true syn=false hasRead=true)
[2026-07-29T03:00:17.558Z] LiveUpdateForge: EndTurn fallback flush
[2026-07-29T03:00:17.558Z] onEndTurn: naturalStop=false toolCalls=17 nudgeMsg=no
[2026-07-29T03:00:17.643Z] LiveUpdateForge: AfterToolExec flush
[2026-07-29T03:00:17.708Z] InitialReadForge.onBeforeSend: SKIP (fr=true syn=false hasRead=true)
[2026-07-29T03:00:28.370Z] LiveUpdateForge: EndTurn fallback flush
[2026-07-29T03:00:28.370Z] onEndTurn: naturalStop=false toolCalls=18 nudgeMsg=no
[2026-07-29T03:00:32.591Z] LiveUpdateForge: AfterToolExec flush
[2026-07-29T03:00:32.748Z] InitialReadForge.onBeforeSend: SKIP (fr=true syn=false hasRead=true)
[2026-07-29T03:02:19.820Z] LiveUpdateForge: EndTurn fallback flush
[2026-07-29T03:02:19.821Z] onEndTurn: naturalStop=false toolCalls=19 nudgeMsg=no
[2026-07-29T03:02:19.840Z] LiveUpdateForge: AfterToolExec flush
[2026-07-29T03:02:19.965Z] InitialReadForge.onBeforeSend: SKIP (fr=true syn=false hasRead=true)
[2026-07-29T03:03:39.576Z] LiveUpdateForge: EndTurn fallback flush
[2026-07-29T03:03:39.576Z] onEndTurn: naturalStop=false toolCalls=20 nudgeMsg=no
[2026-07-29T03:03:39.673Z] LiveUpdateForge: AfterToolExec flush
[2026-07-29T03:03:39.731Z] InitialReadForge.onBeforeSend: SKIP (fr=true syn=false hasRead=true)
[2026-07-29T03:03:55.216Z] LiveUpdateForge: EndTurn fallback flush
[2026-07-29T03:03:55.216Z] onEndTurn: naturalStop=false toolCalls=21 nudgeMsg=no
[2026-07-29T03:04:05.876Z] LiveUpdateForge: AfterToolExec flush
[2026-07-29T03:04:05.950Z] InitialReadForge.onBeforeSend: SKIP (fr=true syn=false hasRead=true)
[2026-07-29T03:04:33.006Z] LiveUpdateForge: EndTurn fallback flush
[2026-07-29T03:04:33.007Z] onEndTurn: naturalStop=false toolCalls=22 nudgeMsg=no
[2026-07-29T03:04:33.041Z] LiveUpdateForge: AfterToolExec flush
[2026-07-29T03:04:33.088Z] InitialReadForge.onBeforeSend: SKIP (fr=true syn=false hasRead=true)
[2026-07-29T03:04:57.440Z] LiveUpdateForge: EndTurn fallback flush
[2026-07-29T03:04:57.441Z] onEndTurn: naturalStop=false toolCalls=23 nudgeMsg=no
[2026-07-29T03:04:57.478Z] LiveUpdateForge: AfterToolExec flush
[2026-07-29T03:04:57.547Z] InitialReadForge.onBeforeSend: SKIP (fr=true syn=false hasRead=true)
[2026-07-29T03:05:05.254Z] LiveUpdateForge: EndTurn fallback flush
[2026-07-29T03:05:05.254Z] onEndTurn: naturalStop=true toolCalls=24 nudgeMsg=no
[2026-07-29T03:06:26.950Z] ResumeDiffForge: running checkResumeConsistency
[2026-07-29T03:06:26.951Z] checkResumeConsistency: forgedTimestamps=[["project","1970-01-01T00:00:00.000Z"]]
[2026-07-29T03:06:26.970Z] checkResumeConsistency: injecting 1 diff notification(s)
[2026-07-29T03:06:26.971Z] injectForgedHistory: role=user preview="[agent-auto] [memory-update 2026-07-28 15:33:08] project memory file has been mo"
[2026-07-29T03:06:27.014Z] injectForgedHistory: recordMessage persisted
[2026-07-29T03:06:27.014Z] LiveUpdateForge: session reset, allowLiveUpdate = false
[2026-07-29T03:06:27.015Z] NudgeForge: ResumeComplete — restoring count from history
[2026-07-29T03:06:27.016Z] restoreNudgeCountFromHistory: found last write at idx=1377 count=24
[2026-07-29T03:06:27.163Z] LiveUpdateForge: allowLiveUpdate = true (first real BeforeSend)
[2026-07-29T03:06:27.165Z] InitialReadForge.onBeforeSend: SKIP (fr=false syn=false hasRead=true)
[2026-07-29T03:07:01.204Z] LiveUpdateForge: EndTurn fallback flush
[2026-07-29T03:07:01.205Z] onEndTurn: naturalStop=false toolCalls=24 nudgeMsg=no
[2026-07-29T03:07:01.297Z] LiveUpdateForge: AfterToolExec flush
[2026-07-29T03:07:01.420Z] InitialReadForge.onBeforeSend: SKIP (fr=true syn=false hasRead=true)
[2026-07-29T03:10:05.580Z] LiveUpdateForge: EndTurn fallback flush
[2026-07-29T03:10:05.580Z] onEndTurn: naturalStop=false toolCalls=25 nudgeMsg=no
[2026-07-29T03:10:05.732Z] LiveUpdateForge: AfterToolExec flush
[2026-07-29T03:10:05.796Z] InitialReadForge.onBeforeSend: SKIP (fr=true syn=false hasRead=true)
[2026-07-29T03:10:16.250Z] LiveUpdateForge: EndTurn fallback flush
[2026-07-29T03:10:16.250Z] onEndTurn: naturalStop=false toolCalls=26 nudgeMsg=no
[2026-07-29T03:10:52.041Z] LiveUpdateForge: AfterToolExec flush
[2026-07-29T03:10:52.097Z] InitialReadForge.onBeforeSend: SKIP (fr=true syn=false hasRead=true)
[2026-07-29T03:11:03.173Z] LiveUpdateForge: EndTurn fallback flush
[2026-07-29T03:11:03.174Z] onEndTurn: naturalStop=false toolCalls=27 nudgeMsg=no
[2026-07-29T03:11:03.231Z] LiveUpdateForge: AfterToolExec flush
[2026-07-29T03:11:03.290Z] InitialReadForge.onBeforeSend: SKIP (fr=true syn=false hasRead=true)
[2026-07-29T03:13:12.963Z] LiveUpdateForge: EndTurn fallback flush
[2026-07-29T03:13:12.963Z] onEndTurn: naturalStop=false toolCalls=28 nudgeMsg=no
[2026-07-29T03:13:13.270Z] LiveUpdateForge: AfterToolExec flush
[2026-07-29T03:13:13.328Z] InitialReadForge.onBeforeSend: SKIP (fr=true syn=false hasRead=true)
[2026-07-29T03:13:28.361Z] LiveUpdateForge: EndTurn fallback flush
[2026-07-29T03:13:28.362Z] onEndTurn: naturalStop=false toolCalls=29 nudgeMsg=no
[2026-07-29T03:13:28.438Z] LiveUpdateForge: AfterToolExec flush
[2026-07-29T03:13:28.488Z] InitialReadForge.onBeforeSend: SKIP (fr=true syn=false hasRead=true)
[2026-07-29T03:13:37.234Z] LiveUpdateForge: EndTurn fallback flush
[2026-07-29T03:13:37.234Z] onEndTurn: naturalStop=false toolCalls=30 nudgeMsg=no
[2026-07-29T03:13:42.437Z] LiveUpdateForge: AfterToolExec flush
[2026-07-29T03:13:42.499Z] InitialReadForge.onBeforeSend: SKIP (fr=true syn=false hasRead=true)
[2026-07-29T03:13:48.162Z] LiveUpdateForge: EndTurn fallback flush
[2026-07-29T03:13:48.162Z] onEndTurn: naturalStop=false toolCalls=31 nudgeMsg=no
[2026-07-29T03:13:48.529Z] LiveUpdateForge: AfterToolExec flush
[2026-07-29T03:13:48.606Z] InitialReadForge.onBeforeSend: SKIP (fr=true syn=false hasRead=true)
[2026-07-29T03:13:58.633Z] LiveUpdateForge: EndTurn fallback flush
[2026-07-29T03:13:58.633Z] onEndTurn: naturalStop=false toolCalls=32 nudgeMsg=no
[2026-07-29T03:17:51.095Z] LiveUpdateForge: AfterToolExec flush
[2026-07-29T03:17:51.242Z] InitialReadForge.onBeforeSend: SKIP (fr=true syn=false hasRead=true)
[2026-07-29T03:18:37.691Z] LiveUpdateForge: EndTurn fallback flush
[2026-07-29T03:18:37.692Z] onEndTurn: naturalStop=false toolCalls=33 nudgeMsg=no
[2026-07-29T03:20:18.052Z] LiveUpdateForge: AfterToolExec flush
[2026-07-29T03:20:18.120Z] InitialReadForge.onBeforeSend: SKIP (fr=true syn=false hasRead=true)
[2026-07-29T03:20:29.889Z] LiveUpdateForge: EndTurn fallback flush
[2026-07-29T03:20:29.890Z] onEndTurn: naturalStop=false toolCalls=34 nudgeMsg=no
[2026-07-29T03:20:29.976Z] LiveUpdateForge: AfterToolExec flush
[2026-07-29T03:20:30.111Z] InitialReadForge.onBeforeSend: SKIP (fr=true syn=false hasRead=true)
[2026-07-29T03:20:50.052Z] LiveUpdateForge: EndTurn fallback flush
[2026-07-29T03:20:50.052Z] onEndTurn: naturalStop=true toolCalls=35 nudgeMsg=no
[2026-07-29T03:21:08.337Z] ResumeDiffForge: running checkResumeConsistency
[2026-07-29T03:21:08.340Z] checkResumeConsistency: forgedTimestamps=[["project","1970-01-01T00:00:00.000Z"]]
[2026-07-29T03:21:08.602Z] checkResumeConsistency: injecting 1 diff notification(s)
[2026-07-29T03:21:08.633Z] injectForgedHistory: role=user preview="[agent-auto] [memory-update 2026-07-28 15:33:08] project memory file has been mo"
[2026-07-29T03:21:08.735Z] injectForgedHistory: recordMessage persisted
[2026-07-29T03:21:08.736Z] LiveUpdateForge: session reset, allowLiveUpdate = false
[2026-07-29T03:21:08.736Z] NudgeForge: ResumeComplete — restoring count from history
[2026-07-29T03:21:08.738Z] restoreNudgeCountFromHistory: found last write at idx=1377 count=35
[2026-07-29T03:21:08.865Z] LiveUpdateForge: allowLiveUpdate = true (first real BeforeSend)
[2026-07-29T03:21:08.868Z] InitialReadForge.onBeforeSend: SKIP (fr=false syn=false hasRead=true)
[2026-07-29T03:21:18.222Z] LiveUpdateForge: EndTurn fallback flush
[2026-07-29T03:21:18.223Z] onEndTurn: naturalStop=false toolCalls=35 nudgeMsg=no
[2026-07-29T03:21:18.385Z] LiveUpdateForge: AfterToolExec flush
[2026-07-29T03:21:18.443Z] InitialReadForge.onBeforeSend: SKIP (fr=true syn=false hasRead=true)
[2026-07-29T03:21:33.108Z] LiveUpdateForge: EndTurn fallback flush
[2026-07-29T03:21:33.109Z] onEndTurn: naturalStop=false toolCalls=36 nudgeMsg=no
[2026-07-29T03:21:41.862Z] LiveUpdateForge: AfterToolExec flush
[2026-07-29T03:21:41.930Z] InitialReadForge.onBeforeSend: SKIP (fr=true syn=false hasRead=true)
[2026-07-29T03:22:10.570Z] LiveUpdateForge: EndTurn fallback flush
[2026-07-29T03:22:10.571Z] onEndTurn: naturalStop=false toolCalls=37 nudgeMsg=no
[2026-07-29T03:22:11.533Z] LiveUpdateForge: AfterToolExec flush
[2026-07-29T03:22:11.596Z] InitialReadForge.onBeforeSend: SKIP (fr=true syn=false hasRead=true)
[2026-07-29T03:22:26.308Z] LiveUpdateForge: EndTurn fallback flush
[2026-07-29T03:22:26.308Z] onEndTurn: naturalStop=false toolCalls=38 nudgeMsg=no
[2026-07-29T03:22:27.057Z] LiveUpdateForge: AfterToolExec flush
[2026-07-29T03:22:27.114Z] InitialReadForge.onBeforeSend: SKIP (fr=true syn=false hasRead=true)
[2026-07-29T03:22:49.174Z] LiveUpdateForge: EndTurn fallback flush
[2026-07-29T03:22:49.175Z] onEndTurn: naturalStop=false toolCalls=39 nudgeMsg=no
[2026-07-29T03:22:51.698Z] LiveUpdateForge: AfterToolExec flush
[2026-07-29T03:22:51.767Z] InitialReadForge.onBeforeSend: SKIP (fr=true syn=false hasRead=true)
[2026-07-29T03:23:25.172Z] LiveUpdateForge: EndTurn fallback flush
[2026-07-29T03:23:25.173Z] onEndTurn: naturalStop=false toolCalls=40 nudgeMsg=no
[2026-07-29T03:23:27.001Z] LiveUpdateForge: AfterToolExec flush
[2026-07-29T03:23:27.076Z] InitialReadForge.onBeforeSend: SKIP (fr=true syn=false hasRead=true)
[2026-07-29T03:23:46.174Z] LiveUpdateForge: EndTurn fallback flush
[2026-07-29T03:23:46.175Z] onEndTurn: naturalStop=false toolCalls=41 nudgeMsg=no
[2026-07-29T03:23:47.059Z] LiveUpdateForge: AfterToolExec flush
[2026-07-29T03:23:47.147Z] InitialReadForge.onBeforeSend: SKIP (fr=true syn=false hasRead=true)
[2026-07-29T03:24:03.150Z] LiveUpdateForge: EndTurn fallback flush
[2026-07-29T03:24:03.151Z] onEndTurn: naturalStop=false toolCalls=42 nudgeMsg=no
[2026-07-29T03:24:03.168Z] LiveUpdateForge: AfterToolExec flush
[2026-07-29T03:24:03.298Z] InitialReadForge.onBeforeSend: SKIP (fr=true syn=false hasRead=true)
[2026-07-29T03:25:02.187Z] LiveUpdateForge: EndTurn fallback flush
[2026-07-29T03:25:02.188Z] onEndTurn: naturalStop=false toolCalls=43 nudgeMsg=no
[2026-07-29T03:25:05.067Z] LiveUpdateForge: AfterToolExec flush
[2026-07-29T03:25:05.203Z] InitialReadForge.onBeforeSend: SKIP (fr=true syn=false hasRead=true)
[2026-07-29T03:26:07.558Z] LiveUpdateForge: EndTurn fallback flush
[2026-07-29T03:26:07.559Z] onEndTurn: naturalStop=false toolCalls=44 nudgeMsg=no
[2026-07-29T03:26:08.196Z] LiveUpdateForge: AfterToolExec flush
[2026-07-29T03:26:08.256Z] InitialReadForge.onBeforeSend: SKIP (fr=true syn=false hasRead=true)
[2026-07-29T03:26:36.066Z] LiveUpdateForge: EndTurn fallback flush
[2026-07-29T03:26:36.066Z] onEndTurn: naturalStop=false toolCalls=45 nudgeMsg=no
[2026-07-29T03:26:36.517Z] LiveUpdateForge: AfterToolExec flush
[2026-07-29T03:26:36.578Z] InitialReadForge.onBeforeSend: SKIP (fr=true syn=false hasRead=true)
[2026-07-29T03:27:02.934Z] LiveUpdateForge: EndTurn fallback flush
[2026-07-29T03:27:02.935Z] onEndTurn: naturalStop=false toolCalls=46 nudgeMsg=no
[2026-07-29T03:27:02.952Z] LiveUpdateForge: AfterToolExec flush
[2026-07-29T03:27:03.005Z] InitialReadForge.onBeforeSend: SKIP (fr=true syn=false hasRead=true)
[2026-07-29T03:27:22.251Z] LiveUpdateForge: EndTurn fallback flush
[2026-07-29T03:27:22.251Z] onEndTurn: naturalStop=false toolCalls=47 nudgeMsg=no
[2026-07-29T03:27:22.543Z] LiveUpdateForge: AfterToolExec flush
[2026-07-29T03:27:22.606Z] InitialReadForge.onBeforeSend: SKIP (fr=true syn=false hasRead=true)
[2026-07-29T03:27:52.973Z] LiveUpdateForge: EndTurn fallback flush
[2026-07-29T03:27:52.974Z] onEndTurn: naturalStop=false toolCalls=48 nudgeMsg=no
[2026-07-29T03:28:09.391Z] LiveUpdateForge: AfterToolExec flush
[2026-07-29T03:28:09.456Z] InitialReadForge.onBeforeSend: SKIP (fr=true syn=false hasRead=true)
[2026-07-29T03:29:16.651Z] LiveUpdateForge: EndTurn fallback flush
[2026-07-29T03:29:16.652Z] onEndTurn: naturalStop=true toolCalls=49 nudgeMsg=no
[2026-07-29T03:30:54.040Z] ResumeDiffForge: running checkResumeConsistency
[2026-07-29T03:30:54.042Z] checkResumeConsistency: forgedTimestamps=[["project","1970-01-01T00:00:00.000Z"]]
[2026-07-29T03:30:54.063Z] checkResumeConsistency: injecting 1 diff notification(s)
[2026-07-29T03:30:54.063Z] injectForgedHistory: role=user preview="[agent-auto] [memory-update 2026-07-28 15:33:08] project memory file has been mo"
[2026-07-29T03:30:54.110Z] injectForgedHistory: recordMessage persisted
[2026-07-29T03:30:54.111Z] LiveUpdateForge: session reset, allowLiveUpdate = false
[2026-07-29T03:30:54.111Z] NudgeForge: ResumeComplete — restoring count from history
[2026-07-29T03:30:54.112Z] restoreNudgeCountFromHistory: found last write at idx=1377 count=49
[2026-07-29T03:30:54.213Z] LiveUpdateForge: allowLiveUpdate = true (first real BeforeSend)
[2026-07-29T03:30:54.214Z] InitialReadForge.onBeforeSend: SKIP (fr=false syn=false hasRead=true)
[2026-07-29T03:31:04.412Z] LiveUpdateForge: EndTurn fallback flush
[2026-07-29T03:31:04.412Z] onEndTurn: naturalStop=false toolCalls=49 nudgeMsg=no
[2026-07-29T03:31:04.561Z] LiveUpdateForge: AfterToolExec flush
[2026-07-29T03:31:04.628Z] InitialReadForge.onBeforeSend: SKIP (fr=true syn=false hasRead=true)
[2026-07-29T03:31:52.239Z] LiveUpdateForge: EndTurn fallback flush
[2026-07-29T03:31:52.239Z] onEndTurn: naturalStop=false toolCalls=50 nudgeMsg=no
[2026-07-29T03:31:52.257Z] LiveUpdateForge: AfterToolExec flush
[2026-07-29T03:31:52.315Z] InitialReadForge.onBeforeSend: SKIP (fr=true syn=false hasRead=true)
[2026-07-29T03:32:01.555Z] LiveUpdateForge: EndTurn fallback flush
[2026-07-29T03:32:01.556Z] onEndTurn: naturalStop=false toolCalls=51 nudgeMsg=no
[2026-07-29T03:32:01.569Z] LiveUpdateForge: AfterToolExec flush
[2026-07-29T03:32:01.626Z] InitialReadForge.onBeforeSend: SKIP (fr=true syn=false hasRead=true)
[2026-07-29T03:33:25.341Z] LiveUpdateForge: EndTurn fallback flush
[2026-07-29T03:33:25.342Z] onEndTurn: naturalStop=false toolCalls=52 nudgeMsg=no
[2026-07-29T03:33:25.669Z] LiveUpdateForge: AfterToolExec flush
[2026-07-29T03:33:25.725Z] InitialReadForge.onBeforeSend: SKIP (fr=true syn=false hasRead=true)
[2026-07-29T03:33:57.425Z] LiveUpdateForge: EndTurn fallback flush
[2026-07-29T03:33:57.425Z] onEndTurn: naturalStop=false toolCalls=53 nudgeMsg=no
[2026-07-29T03:33:57.618Z] LiveUpdateForge: AfterToolExec flush
[2026-07-29T03:33:57.696Z] InitialReadForge.onBeforeSend: SKIP (fr=true syn=false hasRead=true)
[2026-07-29T03:34:41.491Z] LiveUpdateForge: EndTurn fallback flush
[2026-07-29T03:34:41.492Z] onEndTurn: naturalStop=false toolCalls=54 nudgeMsg=no
[2026-07-29T03:34:41.510Z] LiveUpdateForge: AfterToolExec flush
[2026-07-29T03:34:41.576Z] InitialReadForge.onBeforeSend: SKIP (fr=true syn=false hasRead=true)
[2026-07-29T03:34:50.590Z] LiveUpdateForge: EndTurn fallback flush
[2026-07-29T03:34:50.590Z] onEndTurn: naturalStop=false toolCalls=55 nudgeMsg=no
[2026-07-29T03:34:50.738Z] LiveUpdateForge: AfterToolExec flush
[2026-07-29T03:34:50.807Z] InitialReadForge.onBeforeSend: SKIP (fr=true syn=false hasRead=true)
[2026-07-29T03:35:02.037Z] LiveUpdateForge: EndTurn fallback flush
[2026-07-29T03:35:02.038Z] onEndTurn: naturalStop=false toolCalls=56 nudgeMsg=no
[2026-07-29T03:35:02.225Z] LiveUpdateForge: AfterToolExec flush
[2026-07-29T03:35:02.299Z] InitialReadForge.onBeforeSend: SKIP (fr=true syn=false hasRead=true)
[2026-07-29T03:35:52.522Z] LiveUpdateForge: EndTurn fallback flush
[2026-07-29T03:35:52.522Z] onEndTurn: naturalStop=false toolCalls=57 nudgeMsg=no
[2026-07-29T03:35:52.643Z] LiveUpdateForge: AfterToolExec flush
[2026-07-29T03:35:52.698Z] InitialReadForge.onBeforeSend: SKIP (fr=true syn=false hasRead=true)
[2026-07-29T03:36:17.819Z] LiveUpdateForge: EndTurn fallback flush
[2026-07-29T03:36:17.820Z] onEndTurn: naturalStop=false toolCalls=58 nudgeMsg=no
[2026-07-29T03:36:18.141Z] LiveUpdateForge: AfterToolExec flush
[2026-07-29T03:36:18.191Z] InitialReadForge.onBeforeSend: SKIP (fr=true syn=false hasRead=true)
[2026-07-29T03:37:07.603Z] LiveUpdateForge: EndTurn fallback flush
[2026-07-29T03:37:07.603Z] onEndTurn: naturalStop=false toolCalls=59 nudgeMsg=no
[2026-07-29T03:37:07.617Z] LiveUpdateForge: AfterToolExec flush
[2026-07-29T03:37:07.674Z] InitialReadForge.onBeforeSend: SKIP (fr=true syn=false hasRead=true)
[2026-07-29T03:37:17.499Z] LiveUpdateForge: EndTurn fallback flush
[2026-07-29T03:37:17.500Z] onEndTurn: naturalStop=false toolCalls=60 nudgeMsg=no
[2026-07-29T03:37:17.595Z] LiveUpdateForge: AfterToolExec flush
[2026-07-29T03:37:17.658Z] InitialReadForge.onBeforeSend: SKIP (fr=true syn=false hasRead=true)
[2026-07-29T03:37:43.741Z] LiveUpdateForge: EndTurn fallback flush
[2026-07-29T03:37:43.741Z] onEndTurn: naturalStop=false toolCalls=61 nudgeMsg=no
[2026-07-29T03:37:48.448Z] LiveUpdateForge: AfterToolExec flush
[2026-07-29T03:37:48.533Z] InitialReadForge.onBeforeSend: SKIP (fr=true syn=false hasRead=true)
[2026-07-29T03:38:01.843Z] LiveUpdateForge: EndTurn fallback flush
[2026-07-29T03:38:01.843Z] onEndTurn: naturalStop=false toolCalls=62 nudgeMsg=no
[2026-07-29T03:38:02.051Z] LiveUpdateForge: AfterToolExec flush
[2026-07-29T03:38:02.138Z] InitialReadForge.onBeforeSend: SKIP (fr=true syn=false hasRead=true)
[2026-07-29T03:38:15.573Z] LiveUpdateForge: EndTurn fallback flush
[2026-07-29T03:38:15.573Z] onEndTurn: naturalStop=false toolCalls=63 nudgeMsg=no
[2026-07-29T03:38:15.584Z] LiveUpdateForge: AfterToolExec flush
[2026-07-29T03:38:15.650Z] InitialReadForge.onBeforeSend: SKIP (fr=true syn=false hasRead=true)
[2026-07-29T03:38:22.410Z] LiveUpdateForge: EndTurn fallback flush
[2026-07-29T03:38:22.410Z] onEndTurn: naturalStop=false toolCalls=64 nudgeMsg=no
[2026-07-29T03:38:22.424Z] LiveUpdateForge: AfterToolExec flush
[2026-07-29T03:38:22.489Z] InitialReadForge.onBeforeSend: SKIP (fr=true syn=false hasRead=true)
[2026-07-29T03:38:52.811Z] LiveUpdateForge: EndTurn fallback flush
[2026-07-29T03:38:52.811Z] onEndTurn: naturalStop=false toolCalls=65 nudgeMsg=no
[2026-07-29T03:38:52.824Z] LiveUpdateForge: AfterToolExec flush
[2026-07-29T03:38:52.879Z] InitialReadForge.onBeforeSend: SKIP (fr=true syn=false hasRead=true)
[2026-07-29T03:39:03.878Z] LiveUpdateForge: EndTurn fallback flush
[2026-07-29T03:39:03.879Z] onEndTurn: naturalStop=false toolCalls=66 nudgeMsg=no
[2026-07-29T03:39:04.014Z] LiveUpdateForge: AfterToolExec flush
[2026-07-29T03:39:04.079Z] InitialReadForge.onBeforeSend: SKIP (fr=true syn=false hasRead=true)
[2026-07-29T03:39:13.554Z] LiveUpdateForge: EndTurn fallback flush
[2026-07-29T03:39:13.555Z] onEndTurn: naturalStop=false toolCalls=67 nudgeMsg=no
[2026-07-29T03:39:13.684Z] LiveUpdateForge: AfterToolExec flush
[2026-07-29T03:39:13.750Z] InitialReadForge.onBeforeSend: SKIP (fr=true syn=false hasRead=true)
[2026-07-29T03:39:56.132Z] LiveUpdateForge: EndTurn fallback flush
[2026-07-29T03:39:56.133Z] onEndTurn: naturalStop=false toolCalls=68 nudgeMsg=no
[2026-07-29T03:39:56.231Z] LiveUpdateForge: AfterToolExec flush
[2026-07-29T03:39:56.300Z] InitialReadForge.onBeforeSend: SKIP (fr=true syn=false hasRead=true)
[2026-07-29T03:40:08.061Z] LiveUpdateForge: EndTurn fallback flush
[2026-07-29T03:40:08.061Z] onEndTurn: naturalStop=false toolCalls=69 nudgeMsg=no
[2026-07-29T03:40:08.147Z] LiveUpdateForge: AfterToolExec flush
[2026-07-29T03:40:08.218Z] InitialReadForge.onBeforeSend: SKIP (fr=true syn=false hasRead=true)
[2026-07-29T03:40:19.311Z] LiveUpdateForge: EndTurn fallback flush
[2026-07-29T03:40:19.313Z] onEndTurn: naturalStop=false toolCalls=70 nudgeMsg=no
[2026-07-29T03:40:19.389Z] LiveUpdateForge: AfterToolExec flush
[2026-07-29T03:40:19.451Z] InitialReadForge.onBeforeSend: SKIP (fr=true syn=false hasRead=true)
[2026-07-29T03:40:25.298Z] LiveUpdateForge: EndTurn fallback flush
[2026-07-29T03:40:25.298Z] onEndTurn: naturalStop=false toolCalls=71 nudgeMsg=no
[2026-07-29T03:40:25.398Z] LiveUpdateForge: AfterToolExec flush
[2026-07-29T03:40:25.477Z] InitialReadForge.onBeforeSend: SKIP (fr=true syn=false hasRead=true)
[2026-07-29T03:40:33.626Z] LiveUpdateForge: EndTurn fallback flush
[2026-07-29T03:40:33.626Z] onEndTurn: naturalStop=false toolCalls=72 nudgeMsg=no
[2026-07-29T03:40:33.721Z] LiveUpdateForge: AfterToolExec flush
[2026-07-29T03:40:33.777Z] InitialReadForge.onBeforeSend: SKIP (fr=true syn=false hasRead=true)
[2026-07-29T03:40:46.356Z] LiveUpdateForge: EndTurn fallback flush
[2026-07-29T03:40:46.357Z] onEndTurn: naturalStop=false toolCalls=73 nudgeMsg=no
[2026-07-29T03:40:46.713Z] LiveUpdateForge: AfterToolExec flush
[2026-07-29T03:40:46.766Z] InitialReadForge.onBeforeSend: SKIP (fr=true syn=false hasRead=true)
[2026-07-29T03:40:52.256Z] LiveUpdateForge: EndTurn fallback flush
[2026-07-29T03:40:52.256Z] onEndTurn: naturalStop=false toolCalls=74 nudgeMsg=no
[2026-07-29T03:40:52.392Z] LiveUpdateForge: AfterToolExec flush
[2026-07-29T03:40:52.449Z] InitialReadForge.onBeforeSend: SKIP (fr=true syn=false hasRead=true)
[2026-07-29T03:40:57.818Z] LiveUpdateForge: EndTurn fallback flush
[2026-07-29T03:40:57.818Z] onEndTurn: naturalStop=false toolCalls=75 nudgeMsg=no
[2026-07-29T03:40:57.938Z] LiveUpdateForge: AfterToolExec flush
[2026-07-29T03:40:58.021Z] InitialReadForge.onBeforeSend: SKIP (fr=true syn=false hasRead=true)
[2026-07-29T03:41:27.939Z] LiveUpdateForge: EndTurn fallback flush
[2026-07-29T03:41:27.940Z] onEndTurn: naturalStop=false toolCalls=76 nudgeMsg=no
[2026-07-29T03:41:28.171Z] LiveUpdateForge: AfterToolExec flush
[2026-07-29T03:41:28.229Z] InitialReadForge.onBeforeSend: SKIP (fr=true syn=false hasRead=true)
[2026-07-29T03:41:33.523Z] LiveUpdateForge: EndTurn fallback flush
[2026-07-29T03:41:33.524Z] onEndTurn: naturalStop=false toolCalls=77 nudgeMsg=no
[2026-07-29T03:41:44.481Z] LiveUpdateForge: AfterToolExec flush
[2026-07-29T03:41:44.537Z] InitialReadForge.onBeforeSend: SKIP (fr=true syn=false hasRead=true)
[2026-07-29T03:43:55.875Z] LiveUpdateForge: EndTurn fallback flush
[2026-07-29T03:43:55.876Z] onEndTurn: naturalStop=true toolCalls=0 nudgeMsg=YES
[2026-07-29T03:43:55.887Z] InitialReadForge.onBeforeSend: SKIP (fr=false syn=false hasRead=true)
[2026-07-29T03:45:10.463Z] LiveUpdateForge: EndTurn fallback flush
[2026-07-29T03:45:10.463Z] onEndTurn: naturalStop=false toolCalls=0 nudgeMsg=no
[2026-07-29T03:45:10.512Z] LiveUpdateForge: self-write on D:\unity\demo\CODELY.md, baseline aligned
[2026-07-29T03:45:10.514Z] LiveUpdateForge: AfterToolExec flush
[2026-07-29T03:45:10.571Z] InitialReadForge.onBeforeSend: SKIP (fr=true syn=false hasRead=true)
[2026-07-29T03:45:11.153Z] LiveUpdateForge: pending external change on D:\unity\demo\CODELY.md
[2026-07-29T03:45:21.885Z] LiveUpdateForge: EndTurn fallback flush
[2026-07-29T03:45:21.886Z] onEndTurn: naturalStop=true toolCalls=0 nudgeMsg=no
[2026-07-29T03:45:28.198Z] ResumeDiffForge: running checkResumeConsistency
[2026-07-29T03:45:28.199Z] checkResumeConsistency: forgedTimestamps=[["project","1970-01-01T00:00:00.000Z"]]
[2026-07-29T03:45:28.215Z] checkResumeConsistency: injecting 1 diff notification(s)
[2026-07-29T03:45:28.216Z] injectForgedHistory: role=user preview="[agent-auto] [memory-update 2026-07-29 11:45:10] project memory file has been mo"
[2026-07-29T03:45:28.262Z] injectForgedHistory: recordMessage persisted
[2026-07-29T03:45:28.263Z] LiveUpdateForge: session reset, allowLiveUpdate = false
[2026-07-29T03:45:28.263Z] NudgeForge: ResumeComplete — restoring count from history
[2026-07-29T03:45:28.264Z] restoreNudgeCountFromHistory: found last write at idx=1549 count=0
[2026-07-29T03:45:28.358Z] LiveUpdateForge: allowLiveUpdate = true (first real BeforeSend)
[2026-07-29T03:45:28.360Z] InitialReadForge.onBeforeSend: SKIP (fr=false syn=false hasRead=true)
[2026-07-29T03:45:38.537Z] LiveUpdateForge: EndTurn fallback flush
[2026-07-29T03:45:38.538Z] onEndTurn: naturalStop=false toolCalls=0 nudgeMsg=no
[2026-07-29T03:45:38.633Z] LiveUpdateForge: AfterToolExec flush
[2026-07-29T03:45:38.685Z] InitialReadForge.onBeforeSend: SKIP (fr=true syn=false hasRead=true)
[2026-07-29T03:46:25.992Z] LiveUpdateForge: EndTurn fallback flush
[2026-07-29T03:46:25.993Z] onEndTurn: naturalStop=false toolCalls=1 nudgeMsg=no
[2026-07-29T03:46:26.008Z] LiveUpdateForge: AfterToolExec flush
[2026-07-29T03:46:26.064Z] InitialReadForge.onBeforeSend: SKIP (fr=true syn=false hasRead=true)
[2026-07-29T03:46:36.481Z] LiveUpdateForge: EndTurn fallback flush
[2026-07-29T03:46:36.482Z] onEndTurn: naturalStop=false toolCalls=2 nudgeMsg=no
[2026-07-29T03:46:36.495Z] LiveUpdateForge: AfterToolExec flush
[2026-07-29T03:46:36.549Z] InitialReadForge.onBeforeSend: SKIP (fr=true syn=false hasRead=true)
[2026-07-29T03:46:49.547Z] LiveUpdateForge: EndTurn fallback flush
[2026-07-29T03:46:49.548Z] onEndTurn: naturalStop=false toolCalls=3 nudgeMsg=no
[2026-07-29T03:46:49.562Z] LiveUpdateForge: AfterToolExec flush
[2026-07-29T03:46:49.619Z] InitialReadForge.onBeforeSend: SKIP (fr=true syn=false hasRead=true)
[2026-07-29T03:47:37.746Z] LiveUpdateForge: EndTurn fallback flush
[2026-07-29T03:47:37.747Z] onEndTurn: naturalStop=false toolCalls=4 nudgeMsg=no
[2026-07-29T03:47:37.943Z] LiveUpdateForge: AfterToolExec flush
[2026-07-29T03:47:38.021Z] InitialReadForge.onBeforeSend: SKIP (fr=true syn=false hasRead=true)
[2026-07-29T03:48:12.893Z] LiveUpdateForge: EndTurn fallback flush
[2026-07-29T03:48:12.893Z] onEndTurn: naturalStop=false toolCalls=5 nudgeMsg=no
[2026-07-29T03:48:12.912Z] LiveUpdateForge: AfterToolExec flush
[2026-07-29T03:48:12.977Z] InitialReadForge.onBeforeSend: SKIP (fr=true syn=false hasRead=true)
[2026-07-29T03:48:39.147Z] LiveUpdateForge: EndTurn fallback flush
[2026-07-29T03:48:39.148Z] onEndTurn: naturalStop=false toolCalls=6 nudgeMsg=no
[2026-07-29T03:48:39.491Z] LiveUpdateForge: AfterToolExec flush
[2026-07-29T03:48:39.547Z] InitialReadForge.onBeforeSend: SKIP (fr=true syn=false hasRead=true)
[2026-07-29T03:48:47.037Z] LiveUpdateForge: EndTurn fallback flush
[2026-07-29T03:48:47.037Z] onEndTurn: naturalStop=false toolCalls=7 nudgeMsg=no
[2026-07-29T03:48:47.053Z] LiveUpdateForge: AfterToolExec flush
[2026-07-29T03:48:47.113Z] InitialReadForge.onBeforeSend: SKIP (fr=true syn=false hasRead=true)
[2026-07-29T03:49:19.495Z] LiveUpdateForge: EndTurn fallback flush
[2026-07-29T03:49:19.496Z] onEndTurn: naturalStop=false toolCalls=8 nudgeMsg=no
[2026-07-29T03:49:19.515Z] LiveUpdateForge: AfterToolExec flush
[2026-07-29T03:49:19.583Z] InitialReadForge.onBeforeSend: SKIP (fr=true syn=false hasRead=true)
[2026-07-29T03:49:40.550Z] LiveUpdateForge: EndTurn fallback flush
[2026-07-29T03:49:40.550Z] onEndTurn: naturalStop=false toolCalls=9 nudgeMsg=no
[2026-07-29T03:49:40.718Z] LiveUpdateForge: AfterToolExec flush
[2026-07-29T03:49:40.786Z] InitialReadForge.onBeforeSend: SKIP (fr=true syn=false hasRead=true)
[2026-07-29T03:49:49.780Z] LiveUpdateForge: EndTurn fallback flush
[2026-07-29T03:49:49.780Z] onEndTurn: naturalStop=false toolCalls=10 nudgeMsg=no
[2026-07-29T03:49:50.184Z] LiveUpdateForge: AfterToolExec flush
[2026-07-29T03:49:50.248Z] InitialReadForge.onBeforeSend: SKIP (fr=true syn=false hasRead=true)
[2026-07-29T03:50:03.559Z] LiveUpdateForge: EndTurn fallback flush
[2026-07-29T03:50:03.560Z] onEndTurn: naturalStop=false toolCalls=11 nudgeMsg=no
[2026-07-29T03:50:03.904Z] LiveUpdateForge: AfterToolExec flush
[2026-07-29T03:50:03.965Z] InitialReadForge.onBeforeSend: SKIP (fr=true syn=false hasRead=true)
[2026-07-29T03:50:33.242Z] LiveUpdateForge: EndTurn fallback flush
[2026-07-29T03:50:33.243Z] onEndTurn: naturalStop=false toolCalls=12 nudgeMsg=no
[2026-07-29T03:50:33.603Z] LiveUpdateForge: AfterToolExec flush
[2026-07-29T03:50:33.661Z] InitialReadForge.onBeforeSend: SKIP (fr=true syn=false hasRead=true)
[2026-07-29T03:51:41.175Z] LiveUpdateForge: EndTurn fallback flush
[2026-07-29T03:51:41.176Z] onEndTurn: naturalStop=false toolCalls=13 nudgeMsg=no
[2026-07-29T03:51:41.195Z] LiveUpdateForge: AfterToolExec flush
[2026-07-29T03:51:41.261Z] InitialReadForge.onBeforeSend: SKIP (fr=true syn=false hasRead=true)
[2026-07-29T03:51:56.004Z] LiveUpdateForge: EndTurn fallback flush
[2026-07-29T03:51:56.004Z] onEndTurn: naturalStop=false toolCalls=14 nudgeMsg=no
[2026-07-29T03:51:56.151Z] LiveUpdateForge: AfterToolExec flush
[2026-07-29T03:51:56.204Z] InitialReadForge.onBeforeSend: SKIP (fr=true syn=false hasRead=true)
[2026-07-29T03:52:08.514Z] LiveUpdateForge: EndTurn fallback flush
[2026-07-29T03:52:08.515Z] onEndTurn: naturalStop=false toolCalls=15 nudgeMsg=no
[2026-07-29T03:52:16.976Z] LiveUpdateForge: AfterToolExec flush
[2026-07-29T03:52:17.069Z] InitialReadForge.onBeforeSend: SKIP (fr=true syn=false hasRead=true)
[2026-07-29T03:52:28.702Z] LiveUpdateForge: EndTurn fallback flush
[2026-07-29T03:52:28.702Z] onEndTurn: naturalStop=false toolCalls=16 nudgeMsg=no
[2026-07-29T03:52:28.786Z] LiveUpdateForge: AfterToolExec flush
[2026-07-29T03:52:28.852Z] InitialReadForge.onBeforeSend: SKIP (fr=true syn=false hasRead=true)
[2026-07-29T03:52:48.048Z] LiveUpdateForge: EndTurn fallback flush
[2026-07-29T03:52:48.048Z] onEndTurn: naturalStop=false toolCalls=17 nudgeMsg=no
[2026-07-29T03:52:48.136Z] LiveUpdateForge: AfterToolExec flush
[2026-07-29T03:52:48.196Z] InitialReadForge.onBeforeSend: SKIP (fr=true syn=false hasRead=true)
[2026-07-29T03:52:58.096Z] LiveUpdateForge: EndTurn fallback flush
[2026-07-29T03:52:58.097Z] onEndTurn: naturalStop=false toolCalls=18 nudgeMsg=no
[2026-07-29T03:52:58.208Z] LiveUpdateForge: AfterToolExec flush
[2026-07-29T03:52:58.274Z] InitialReadForge.onBeforeSend: SKIP (fr=true syn=false hasRead=true)
[2026-07-29T03:53:06.268Z] LiveUpdateForge: EndTurn fallback flush
[2026-07-29T03:53:06.268Z] onEndTurn: naturalStop=false toolCalls=19 nudgeMsg=no
[2026-07-29T03:53:07.150Z] LiveUpdateForge: AfterToolExec flush
[2026-07-29T03:53:07.211Z] InitialReadForge.onBeforeSend: SKIP (fr=true syn=false hasRead=true)
[2026-07-29T03:53:11.650Z] LiveUpdateForge: EndTurn fallback flush
[2026-07-29T03:53:11.651Z] onEndTurn: naturalStop=false toolCalls=20 nudgeMsg=no
[2026-07-29T03:53:12.431Z] LiveUpdateForge: AfterToolExec flush
[2026-07-29T03:53:12.491Z] InitialReadForge.onBeforeSend: SKIP (fr=true syn=false hasRead=true)
[2026-07-29T03:53:25.059Z] LiveUpdateForge: EndTurn fallback flush
[2026-07-29T03:53:25.060Z] onEndTurn: naturalStop=false toolCalls=21 nudgeMsg=no
[2026-07-29T03:53:25.071Z] LiveUpdateForge: AfterToolExec flush
[2026-07-29T03:53:25.140Z] InitialReadForge.onBeforeSend: SKIP (fr=true syn=false hasRead=true)
[2026-07-29T03:53:53.893Z] LiveUpdateForge: EndTurn fallback flush
[2026-07-29T03:53:53.893Z] onEndTurn: naturalStop=false toolCalls=22 nudgeMsg=no
[2026-07-29T03:54:03.250Z] LiveUpdateForge: AfterToolExec flush
[2026-07-29T03:54:03.322Z] InitialReadForge.onBeforeSend: SKIP (fr=true syn=false hasRead=true)
[2026-07-29T03:55:07.554Z] LiveUpdateForge: EndTurn fallback flush
[2026-07-29T03:55:07.555Z] onEndTurn: naturalStop=true toolCalls=23 nudgeMsg=no
[2026-07-29T03:57:08.494Z] ResumeDiffForge: running checkResumeConsistency
[2026-07-29T03:57:08.496Z] checkResumeConsistency: forgedTimestamps=[["project","1970-01-01T00:00:00.000Z"]]
[2026-07-29T03:57:08.525Z] checkResumeConsistency: injecting 1 diff notification(s)
[2026-07-29T03:57:08.526Z] injectForgedHistory: role=user preview="[agent-auto] [memory-update 2026-07-29 11:45:10] project memory file has been mo"
[2026-07-29T03:57:08.569Z] injectForgedHistory: recordMessage persisted
[2026-07-29T03:57:08.570Z] LiveUpdateForge: session reset, allowLiveUpdate = false
[2026-07-29T03:57:08.570Z] NudgeForge: ResumeComplete — restoring count from history
[2026-07-29T03:57:08.572Z] restoreNudgeCountFromHistory: found last write at idx=1549 count=23
[2026-07-29T03:57:08.669Z] LiveUpdateForge: allowLiveUpdate = true (first real BeforeSend)
[2026-07-29T03:57:08.671Z] InitialReadForge.onBeforeSend: SKIP (fr=false syn=false hasRead=true)
[2026-07-29T03:57:17.877Z] LiveUpdateForge: EndTurn fallback flush
[2026-07-29T03:57:17.878Z] onEndTurn: naturalStop=false toolCalls=23 nudgeMsg=no
[2026-07-29T03:58:14.825Z] LiveUpdateForge: AfterToolExec flush
[2026-07-29T03:58:14.892Z] InitialReadForge.onBeforeSend: SKIP (fr=true syn=false hasRead=true)
[2026-07-29T03:58:23.062Z] LiveUpdateForge: EndTurn fallback flush
[2026-07-29T03:58:23.063Z] onEndTurn: naturalStop=false toolCalls=24 nudgeMsg=no
[2026-07-29T03:58:23.144Z] LiveUpdateForge: AfterToolExec flush
[2026-07-29T03:58:23.216Z] InitialReadForge.onBeforeSend: SKIP (fr=true syn=false hasRead=true)
[2026-07-29T03:58:29.589Z] LiveUpdateForge: EndTurn fallback flush
[2026-07-29T03:58:29.590Z] onEndTurn: naturalStop=false toolCalls=25 nudgeMsg=no
[2026-07-29T04:00:19.849Z] LiveUpdateForge: AfterToolExec flush
[2026-07-29T04:00:19.962Z] InitialReadForge.onBeforeSend: SKIP (fr=true syn=false hasRead=true)
[2026-07-29T04:00:36.340Z] LiveUpdateForge: EndTurn fallback flush
[2026-07-29T04:00:36.341Z] onEndTurn: naturalStop=false toolCalls=26 nudgeMsg=no
[2026-07-29T04:01:43.963Z] LiveUpdateForge: AfterToolExec flush
[2026-07-29T04:01:44.034Z] InitialReadForge.onBeforeSend: SKIP (fr=true syn=false hasRead=true)
[2026-07-29T04:01:53.579Z] LiveUpdateForge: EndTurn fallback flush
[2026-07-29T04:01:53.579Z] onEndTurn: naturalStop=false toolCalls=27 nudgeMsg=no
[2026-07-29T04:02:04.909Z] LiveUpdateForge: AfterToolExec flush
[2026-07-29T04:02:04.984Z] InitialReadForge.onBeforeSend: SKIP (fr=true syn=false hasRead=true)
[2026-07-29T04:02:10.415Z] LiveUpdateForge: EndTurn fallback flush
[2026-07-29T04:02:10.416Z] onEndTurn: naturalStop=false toolCalls=28 nudgeMsg=no
[2026-07-29T04:02:33.133Z] LiveUpdateForge: AfterToolExec flush
[2026-07-29T04:02:33.205Z] InitialReadForge.onBeforeSend: SKIP (fr=true syn=false hasRead=true)
[2026-07-29T04:02:42.003Z] LiveUpdateForge: EndTurn fallback flush
[2026-07-29T04:02:42.004Z] onEndTurn: naturalStop=false toolCalls=29 nudgeMsg=no
[2026-07-29T04:02:49.570Z] LiveUpdateForge: AfterToolExec flush
[2026-07-29T04:02:49.640Z] InitialReadForge.onBeforeSend: SKIP (fr=true syn=false hasRead=true)
[2026-07-29T04:02:57.855Z] LiveUpdateForge: EndTurn fallback flush
[2026-07-29T04:02:57.856Z] onEndTurn: naturalStop=false toolCalls=30 nudgeMsg=no
[2026-07-29T04:02:57.872Z] LiveUpdateForge: AfterToolExec flush
[2026-07-29T04:02:57.931Z] InitialReadForge.onBeforeSend: SKIP (fr=true syn=false hasRead=true)
[2026-07-29T04:03:11.528Z] ResumeDiffForge: running checkResumeConsistency
[2026-07-29T04:03:11.529Z] checkResumeConsistency: forgedTimestamps=[["project","1970-01-01T00:00:00.000Z"]]
[2026-07-29T04:03:11.615Z] checkResumeConsistency: injecting 1 diff notification(s)
[2026-07-29T04:03:11.616Z] injectForgedHistory: role=user preview="[agent-auto] [memory-update 2026-07-29 11:45:10] project memory file has been mo"
[2026-07-29T04:03:11.668Z] injectForgedHistory: recordMessage persisted
[2026-07-29T04:03:11.668Z] LiveUpdateForge: session reset, allowLiveUpdate = false
[2026-07-29T04:03:11.668Z] NudgeForge: ResumeComplete — restoring count from history
[2026-07-29T04:03:11.669Z] restoreNudgeCountFromHistory: found last write at idx=1549 count=31
[2026-07-29T04:03:11.771Z] LiveUpdateForge: allowLiveUpdate = true (first real BeforeSend)
[2026-07-29T04:03:11.780Z] InitialReadForge.onBeforeSend: SKIP (fr=false syn=false hasRead=true)
[2026-07-29T04:03:52.513Z] LiveUpdateForge: EndTurn fallback flush
[2026-07-29T04:03:52.514Z] onEndTurn: naturalStop=false toolCalls=31 nudgeMsg=no
[2026-07-29T04:04:22.535Z] LiveUpdateForge: AfterToolExec flush
[2026-07-29T04:04:22.607Z] InitialReadForge.onBeforeSend: SKIP (fr=true syn=false hasRead=true)
[2026-07-29T04:04:31.058Z] LiveUpdateForge: EndTurn fallback flush
[2026-07-29T04:04:31.059Z] onEndTurn: naturalStop=true toolCalls=32 nudgeMsg=no
[2026-07-29T04:05:04.349Z] ResumeDiffForge: running checkResumeConsistency
[2026-07-29T04:05:04.351Z] checkResumeConsistency: forgedTimestamps=[["project","1970-01-01T00:00:00.000Z"]]
[2026-07-29T04:05:04.387Z] checkResumeConsistency: injecting 1 diff notification(s)
[2026-07-29T04:05:04.388Z] injectForgedHistory: role=user preview="[agent-auto] [memory-update 2026-07-29 11:45:10] project memory file has been mo"
[2026-07-29T04:05:04.457Z] injectForgedHistory: recordMessage persisted
[2026-07-29T04:05:04.458Z] LiveUpdateForge: session reset, allowLiveUpdate = false
[2026-07-29T04:05:04.459Z] NudgeForge: ResumeComplete — restoring count from history
[2026-07-29T04:05:04.461Z] restoreNudgeCountFromHistory: found last write at idx=1549 count=32
[2026-07-29T04:05:04.573Z] LiveUpdateForge: allowLiveUpdate = true (first real BeforeSend)
[2026-07-29T04:05:04.575Z] InitialReadForge.onBeforeSend: SKIP (fr=false syn=false hasRead=true)
[2026-07-29T04:05:09.888Z] LiveUpdateForge: EndTurn fallback flush
[2026-07-29T04:05:09.888Z] onEndTurn: naturalStop=false toolCalls=32 nudgeMsg=no
[2026-07-29T04:05:18.742Z] LiveUpdateForge: AfterToolExec flush
[2026-07-29T04:05:18.814Z] InitialReadForge.onBeforeSend: SKIP (fr=true syn=false hasRead=true)
[2026-07-29T04:05:27.314Z] LiveUpdateForge: EndTurn fallback flush
[2026-07-29T04:05:27.314Z] onEndTurn: naturalStop=false toolCalls=33 nudgeMsg=no
[2026-07-29T04:06:22.640Z] LiveUpdateForge: AfterToolExec flush
[2026-07-29T04:06:22.711Z] InitialReadForge.onBeforeSend: SKIP (fr=true syn=false hasRead=true)
[2026-07-29T04:06:29.952Z] LiveUpdateForge: EndTurn fallback flush
[2026-07-29T04:06:29.954Z] onEndTurn: naturalStop=true toolCalls=34 nudgeMsg=no
[2026-07-29T04:12:53.719Z] ResumeDiffForge: running checkResumeConsistency
[2026-07-29T04:12:53.721Z] checkResumeConsistency: forgedTimestamps=[["project","1970-01-01T00:00:00.000Z"]]
[2026-07-29T04:12:53.855Z] checkResumeConsistency: injecting 1 diff notification(s)
[2026-07-29T04:12:53.902Z] injectForgedHistory: role=user preview="[agent-auto] [memory-update 2026-07-29 11:45:10] project memory file has been mo"
[2026-07-29T04:12:54.025Z] injectForgedHistory: recordMessage persisted
[2026-07-29T04:12:54.026Z] LiveUpdateForge: session reset, allowLiveUpdate = false
[2026-07-29T04:12:54.026Z] NudgeForge: ResumeComplete — restoring count from history
[2026-07-29T04:12:54.028Z] restoreNudgeCountFromHistory: found last write at idx=1549 count=34
[2026-07-29T04:12:54.138Z] LiveUpdateForge: allowLiveUpdate = true (first real BeforeSend)
[2026-07-29T04:12:54.139Z] InitialReadForge.onBeforeSend: SKIP (fr=false syn=false hasRead=true)
[2026-07-29T04:13:01.731Z] LiveUpdateForge: EndTurn fallback flush
[2026-07-29T04:13:01.732Z] onEndTurn: naturalStop=false toolCalls=34 nudgeMsg=no
[2026-07-29T04:14:21.247Z] LiveUpdateForge: AfterToolExec flush
[2026-07-29T04:14:21.320Z] InitialReadForge.onBeforeSend: SKIP (fr=true syn=false hasRead=true)
[2026-07-29T04:14:26.049Z] LiveUpdateForge: EndTurn fallback flush
[2026-07-29T04:14:26.050Z] onEndTurn: naturalStop=false toolCalls=35 nudgeMsg=no
[2026-07-29T04:15:15.312Z] LiveUpdateForge: AfterToolExec flush
[2026-07-29T04:15:15.395Z] InitialReadForge.onBeforeSend: SKIP (fr=true syn=false hasRead=true)
[2026-07-29T04:15:20.982Z] LiveUpdateForge: EndTurn fallback flush
[2026-07-29T04:15:20.983Z] onEndTurn: naturalStop=false toolCalls=36 nudgeMsg=no
[2026-07-29T04:15:26.011Z] LiveUpdateForge: AfterToolExec flush
[2026-07-29T04:15:26.078Z] InitialReadForge.onBeforeSend: SKIP (fr=true syn=false hasRead=true)
[2026-07-29T04:15:31.733Z] LiveUpdateForge: EndTurn fallback flush
[2026-07-29T04:15:31.734Z] onEndTurn: naturalStop=false toolCalls=37 nudgeMsg=no
[2026-07-29T04:15:44.068Z] LiveUpdateForge: AfterToolExec flush
[2026-07-29T04:15:44.141Z] InitialReadForge.onBeforeSend: SKIP (fr=true syn=false hasRead=true)
[2026-07-29T04:15:50.470Z] LiveUpdateForge: EndTurn fallback flush
[2026-07-29T04:15:50.470Z] onEndTurn: naturalStop=false toolCalls=38 nudgeMsg=no
[2026-07-29T04:15:59.907Z] LiveUpdateForge: AfterToolExec flush
[2026-07-29T04:15:59.981Z] InitialReadForge.onBeforeSend: SKIP (fr=true syn=false hasRead=true)
[2026-07-29T04:16:06.704Z] LiveUpdateForge: EndTurn fallback flush
[2026-07-29T04:16:06.704Z] onEndTurn: naturalStop=false toolCalls=39 nudgeMsg=no
[2026-07-29T04:16:40.862Z] LiveUpdateForge: AfterToolExec flush
[2026-07-29T04:16:40.937Z] InitialReadForge.onBeforeSend: SKIP (fr=true syn=false hasRead=true)
[2026-07-29T04:16:57.197Z] LiveUpdateForge: EndTurn fallback flush
[2026-07-29T04:16:57.198Z] onEndTurn: naturalStop=false toolCalls=40 nudgeMsg=no
[2026-07-29T04:18:03.685Z] LiveUpdateForge: AfterToolExec flush
[2026-07-29T04:18:03.756Z] InitialReadForge.onBeforeSend: SKIP (fr=true syn=false hasRead=true)
[2026-07-29T04:18:18.417Z] ResumeDiffForge: running checkResumeConsistency
[2026-07-29T04:18:18.419Z] checkResumeConsistency: forgedTimestamps=[["project","1970-01-01T00:00:00.000Z"]]
[2026-07-29T04:18:18.457Z] checkResumeConsistency: injecting 1 diff notification(s)
[2026-07-29T04:18:18.458Z] injectForgedHistory: role=user preview="[agent-auto] [memory-update 2026-07-29 11:45:10] project memory file has been mo"
[2026-07-29T04:18:18.512Z] injectForgedHistory: recordMessage persisted
[2026-07-29T04:18:18.512Z] LiveUpdateForge: session reset, allowLiveUpdate = false
[2026-07-29T04:18:18.513Z] NudgeForge: ResumeComplete — restoring count from history
[2026-07-29T04:18:18.514Z] restoreNudgeCountFromHistory: found last write at idx=1549 count=41
[2026-07-29T04:18:18.622Z] LiveUpdateForge: allowLiveUpdate = true (first real BeforeSend)
[2026-07-29T04:18:18.623Z] InitialReadForge.onBeforeSend: SKIP (fr=false syn=false hasRead=true)
[2026-07-29T04:18:24.645Z] LiveUpdateForge: EndTurn fallback flush
[2026-07-29T04:18:24.646Z] onEndTurn: naturalStop=true toolCalls=41 nudgeMsg=no
[2026-07-29T04:23:18.579Z] ResumeDiffForge: running checkResumeConsistency
[2026-07-29T04:23:18.581Z] checkResumeConsistency: forgedTimestamps=[["project","1970-01-01T00:00:00.000Z"]]
[2026-07-29T04:23:18.931Z] checkResumeConsistency: injecting 1 diff notification(s)
[2026-07-29T04:23:19.037Z] injectForgedHistory: role=user preview="[agent-auto] [memory-update 2026-07-29 11:45:10] project memory file has been mo"
[2026-07-29T04:23:19.085Z] injectForgedHistory: recordMessage persisted
[2026-07-29T04:23:19.501Z] LiveUpdateForge: session reset, allowLiveUpdate = false
[2026-07-29T04:23:19.712Z] NudgeForge: ResumeComplete — restoring count from history
[2026-07-29T04:23:19.714Z] restoreNudgeCountFromHistory: found last write at idx=1549 count=41
[2026-07-29T04:23:19.815Z] LiveUpdateForge: allowLiveUpdate = true (first real BeforeSend)
[2026-07-29T04:23:19.817Z] InitialReadForge.onBeforeSend: SKIP (fr=false syn=false hasRead=true)
[2026-07-29T04:23:31.834Z] LiveUpdateForge: EndTurn fallback flush
[2026-07-29T04:23:31.835Z] onEndTurn: naturalStop=false toolCalls=41 nudgeMsg=no
[2026-07-29T04:28:45.085Z] LiveUpdateForge: AfterToolExec flush
[2026-07-29T04:28:45.154Z] InitialReadForge.onBeforeSend: SKIP (fr=true syn=false hasRead=true)
[2026-07-29T04:29:01.358Z] LiveUpdateForge: EndTurn fallback flush
[2026-07-29T04:29:01.359Z] onEndTurn: naturalStop=false toolCalls=42 nudgeMsg=no
[2026-07-29T04:46:36.556Z] LiveUpdateForge: AfterToolExec flush
[2026-07-29T04:46:36.632Z] InitialReadForge.onBeforeSend: SKIP (fr=true syn=false hasRead=true)
[2026-07-29T04:47:24.296Z] LiveUpdateForge: EndTurn fallback flush
[2026-07-29T04:47:24.297Z] onEndTurn: naturalStop=false toolCalls=43 nudgeMsg=no
[2026-07-29T04:47:56.136Z] LiveUpdateForge: AfterToolExec flush
[2026-07-29T04:47:56.206Z] InitialReadForge.onBeforeSend: SKIP (fr=true syn=false hasRead=true)
[2026-07-29T04:48:04.091Z] LiveUpdateForge: EndTurn fallback flush
[2026-07-29T04:48:04.092Z] onEndTurn: naturalStop=false toolCalls=44 nudgeMsg=no
[2026-07-29T04:48:10.692Z] LiveUpdateForge: AfterToolExec flush
[2026-07-29T04:48:10.775Z] InitialReadForge.onBeforeSend: SKIP (fr=true syn=false hasRead=true)
[2026-07-29T04:48:16.551Z] LiveUpdateForge: EndTurn fallback flush
[2026-07-29T04:48:16.552Z] onEndTurn: naturalStop=false toolCalls=45 nudgeMsg=no
[2026-07-29T04:48:37.732Z] LiveUpdateForge: AfterToolExec flush
[2026-07-29T04:48:37.809Z] InitialReadForge.onBeforeSend: SKIP (fr=true syn=false hasRead=true)
[2026-07-29T04:48:45.461Z] LiveUpdateForge: EndTurn fallback flush
[2026-07-29T04:48:45.462Z] onEndTurn: naturalStop=false toolCalls=46 nudgeMsg=no
[2026-07-29T04:50:27.572Z] LiveUpdateForge: AfterToolExec flush
[2026-07-29T04:50:27.644Z] InitialReadForge.onBeforeSend: SKIP (fr=true syn=false hasRead=true)
[2026-07-29T04:50:33.941Z] LiveUpdateForge: EndTurn fallback flush
[2026-07-29T04:50:33.942Z] onEndTurn: naturalStop=true toolCalls=47 nudgeMsg=no
[2026-07-29T04:54:50.071Z] ResumeDiffForge: running checkResumeConsistency
[2026-07-29T04:54:50.074Z] checkResumeConsistency: forgedTimestamps=[["project","1970-01-01T00:00:00.000Z"]]
[2026-07-29T04:54:50.105Z] checkResumeConsistency: injecting 1 diff notification(s)
[2026-07-29T04:54:50.105Z] injectForgedHistory: role=user preview="[agent-auto] [memory-update 2026-07-29 11:45:10] project memory file has been mo"
[2026-07-29T04:54:50.156Z] injectForgedHistory: recordMessage persisted
[2026-07-29T04:54:50.156Z] LiveUpdateForge: session reset, allowLiveUpdate = false
[2026-07-29T04:54:50.157Z] NudgeForge: ResumeComplete — restoring count from history
[2026-07-29T04:54:50.158Z] restoreNudgeCountFromHistory: found last write at idx=1549 count=47
[2026-07-29T04:54:50.264Z] LiveUpdateForge: allowLiveUpdate = true (first real BeforeSend)
[2026-07-29T04:54:50.266Z] InitialReadForge.onBeforeSend: SKIP (fr=false syn=false hasRead=true)
[2026-07-29T04:55:00.061Z] LiveUpdateForge: EndTurn fallback flush
[2026-07-29T04:55:00.062Z] onEndTurn: naturalStop=false toolCalls=47 nudgeMsg=no
[2026-07-29T04:55:20.111Z] LiveUpdateForge: AfterToolExec flush
[2026-07-29T04:55:20.179Z] InitialReadForge.onBeforeSend: SKIP (fr=true syn=false hasRead=true)
[2026-07-29T04:55:27.851Z] LiveUpdateForge: EndTurn fallback flush
[2026-07-29T04:55:27.851Z] onEndTurn: naturalStop=true toolCalls=48 nudgeMsg=no
[2026-07-29T04:55:38.484Z] ResumeDiffForge: running checkResumeConsistency
[2026-07-29T04:55:38.486Z] checkResumeConsistency: forgedTimestamps=[["project","1970-01-01T00:00:00.000Z"]]
[2026-07-29T04:55:38.507Z] checkResumeConsistency: injecting 1 diff notification(s)
[2026-07-29T04:55:38.508Z] injectForgedHistory: role=user preview="[agent-auto] [memory-update 2026-07-29 11:45:10] project memory file has been mo"
[2026-07-29T04:55:38.565Z] injectForgedHistory: recordMessage persisted
[2026-07-29T04:55:38.566Z] LiveUpdateForge: session reset, allowLiveUpdate = false
[2026-07-29T04:55:38.566Z] NudgeForge: ResumeComplete — restoring count from history
[2026-07-29T04:55:38.568Z] restoreNudgeCountFromHistory: found last write at idx=1549 count=48
[2026-07-29T04:55:38.662Z] LiveUpdateForge: allowLiveUpdate = true (first real BeforeSend)
[2026-07-29T04:55:38.665Z] InitialReadForge.onBeforeSend: SKIP (fr=false syn=false hasRead=true)
[2026-07-29T04:55:54.709Z] LiveUpdateForge: EndTurn fallback flush
[2026-07-29T04:55:54.710Z] onEndTurn: naturalStop=false toolCalls=48 nudgeMsg=no
[2026-07-29T04:58:35.309Z] LiveUpdateForge: AfterToolExec flush
[2026-07-29T04:58:35.385Z] InitialReadForge.onBeforeSend: SKIP (fr=true syn=false hasRead=true)
[2026-07-29T04:58:57.536Z] LiveUpdateForge: EndTurn fallback flush
[2026-07-29T04:58:57.536Z] onEndTurn: naturalStop=false toolCalls=49 nudgeMsg=no
[2026-07-29T05:09:49.798Z] LiveUpdateForge: AfterToolExec flush
[2026-07-29T05:09:49.872Z] InitialReadForge.onBeforeSend: SKIP (fr=true syn=false hasRead=true)
[2026-07-29T05:09:59.833Z] LiveUpdateForge: EndTurn fallback flush
[2026-07-29T05:09:59.834Z] onEndTurn: naturalStop=true toolCalls=0 nudgeMsg=YES
[2026-07-29T05:09:59.843Z] InitialReadForge.onBeforeSend: SKIP (fr=false syn=false hasRead=true)
[2026-07-29T05:10:18.690Z] LiveUpdateForge: EndTurn fallback flush
[2026-07-29T05:10:18.691Z] onEndTurn: naturalStop=false toolCalls=0 nudgeMsg=no
[2026-07-29T05:10:18.726Z] LiveUpdateForge: self-write on D:\unity\demo\CODELY.md, baseline aligned
[2026-07-29T05:10:18.728Z] LiveUpdateForge: AfterToolExec flush
[2026-07-29T05:10:18.803Z] InitialReadForge.onBeforeSend: SKIP (fr=true syn=false hasRead=true)
[2026-07-29T05:10:19.375Z] LiveUpdateForge: pending external change on D:\unity\demo\CODELY.md
[2026-07-29T05:10:33.065Z] LiveUpdateForge: EndTurn fallback flush
[2026-07-29T05:10:33.066Z] onEndTurn: naturalStop=true toolCalls=0 nudgeMsg=no
[2026-07-29T05:15:49.007Z] ResumeDiffForge: running checkResumeConsistency
[2026-07-29T05:15:49.010Z] checkResumeConsistency: forgedTimestamps=[["project","1970-01-01T00:00:00.000Z"]]
[2026-07-29T05:15:49.055Z] checkResumeConsistency: injecting 1 diff notification(s)
[2026-07-29T05:15:49.056Z] injectForgedHistory: role=user preview="[agent-auto] [memory-update 2026-07-29 13:10:18] project memory file has been mo"
[2026-07-29T05:15:49.116Z] injectForgedHistory: recordMessage persisted
[2026-07-29T05:15:49.117Z] LiveUpdateForge: session reset, allowLiveUpdate = false
[2026-07-29T05:15:49.118Z] NudgeForge: ResumeComplete — restoring count from history
[2026-07-29T05:15:49.119Z] restoreNudgeCountFromHistory: found last write at idx=1678 count=0
[2026-07-29T05:15:49.238Z] LiveUpdateForge: allowLiveUpdate = true (first real BeforeSend)
[2026-07-29T05:15:49.241Z] InitialReadForge.onBeforeSend: SKIP (fr=false syn=false hasRead=true)
[2026-07-29T05:16:00.600Z] LiveUpdateForge: EndTurn fallback flush
[2026-07-29T05:16:00.601Z] onEndTurn: naturalStop=false toolCalls=0 nudgeMsg=no
[2026-07-29T05:16:08.779Z] LiveUpdateForge: AfterToolExec flush
[2026-07-29T05:16:08.854Z] InitialReadForge.onBeforeSend: SKIP (fr=true syn=false hasRead=true)
[2026-07-29T05:16:13.715Z] LiveUpdateForge: EndTurn fallback flush
[2026-07-29T05:16:13.716Z] onEndTurn: naturalStop=false toolCalls=1 nudgeMsg=no
[2026-07-29T05:16:13.744Z] LiveUpdateForge: AfterToolExec flush
[2026-07-29T05:16:13.835Z] InitialReadForge.onBeforeSend: SKIP (fr=true syn=false hasRead=true)
[2026-07-29T05:16:25.048Z] LiveUpdateForge: EndTurn fallback flush
[2026-07-29T05:16:25.049Z] onEndTurn: naturalStop=false toolCalls=2 nudgeMsg=no
[2026-07-29T05:16:28.352Z] LiveUpdateForge: AfterToolExec flush
[2026-07-29T05:16:28.451Z] InitialReadForge.onBeforeSend: SKIP (fr=true syn=false hasRead=true)
[2026-07-29T05:16:33.349Z] LiveUpdateForge: EndTurn fallback flush
[2026-07-29T05:16:33.350Z] onEndTurn: naturalStop=false toolCalls=3 nudgeMsg=no
[2026-07-29T05:16:33.382Z] LiveUpdateForge: AfterToolExec flush
[2026-07-29T05:16:33.459Z] InitialReadForge.onBeforeSend: SKIP (fr=true syn=false hasRead=true)
[2026-07-29T05:16:39.798Z] LiveUpdateForge: EndTurn fallback flush
[2026-07-29T05:16:39.799Z] onEndTurn: naturalStop=false toolCalls=4 nudgeMsg=no
[2026-07-29T05:16:39.835Z] LiveUpdateForge: AfterToolExec flush
[2026-07-29T05:16:39.916Z] InitialReadForge.onBeforeSend: SKIP (fr=true syn=false hasRead=true)
[2026-07-29T05:16:55.223Z] LiveUpdateForge: EndTurn fallback flush
[2026-07-29T05:16:55.224Z] onEndTurn: naturalStop=false toolCalls=5 nudgeMsg=no
[2026-07-29T05:16:55.420Z] LiveUpdateForge: AfterToolExec flush
[2026-07-29T05:16:55.514Z] InitialReadForge.onBeforeSend: SKIP (fr=true syn=false hasRead=true)
[2026-07-29T05:17:00.887Z] LiveUpdateForge: EndTurn fallback flush
[2026-07-29T05:17:00.888Z] onEndTurn: naturalStop=false toolCalls=6 nudgeMsg=no
[2026-07-29T05:17:02.039Z] LiveUpdateForge: AfterToolExec flush
[2026-07-29T05:17:02.107Z] InitialReadForge.onBeforeSend: SKIP (fr=true syn=false hasRead=true)
[2026-07-29T05:17:08.945Z] LiveUpdateForge: EndTurn fallback flush
[2026-07-29T05:17:08.946Z] onEndTurn: naturalStop=false toolCalls=7 nudgeMsg=no
[2026-07-29T05:17:51.010Z] LiveUpdateForge: AfterToolExec flush
[2026-07-29T05:17:51.086Z] InitialReadForge.onBeforeSend: SKIP (fr=true syn=false hasRead=true)
[2026-07-29T05:17:57.224Z] LiveUpdateForge: EndTurn fallback flush
[2026-07-29T05:17:57.225Z] onEndTurn: naturalStop=true toolCalls=8 nudgeMsg=no
[2026-07-29T05:23:38.580Z] ResumeDiffForge: running checkResumeConsistency
[2026-07-29T05:23:38.583Z] checkResumeConsistency: forgedTimestamps=[["project","1970-01-01T00:00:00.000Z"]]
[2026-07-29T05:23:38.718Z] checkResumeConsistency: injecting 1 diff notification(s)
[2026-07-29T05:23:38.751Z] injectForgedHistory: role=user preview="[agent-auto] [memory-update 2026-07-29 13:10:18] project memory file has been mo"
[2026-07-29T05:23:38.842Z] injectForgedHistory: recordMessage persisted
[2026-07-29T05:23:38.843Z] LiveUpdateForge: session reset, allowLiveUpdate = false
[2026-07-29T05:23:38.843Z] NudgeForge: ResumeComplete — restoring count from history
[2026-07-29T05:23:38.846Z] restoreNudgeCountFromHistory: found last write at idx=1678 count=8
[2026-07-29T05:23:38.999Z] LiveUpdateForge: allowLiveUpdate = true (first real BeforeSend)
[2026-07-29T05:23:39.002Z] InitialReadForge.onBeforeSend: SKIP (fr=false syn=false hasRead=true)
[2026-07-29T05:23:52.888Z] LiveUpdateForge: EndTurn fallback flush
[2026-07-29T05:23:52.888Z] onEndTurn: naturalStop=false toolCalls=8 nudgeMsg=no
[2026-07-29T05:25:45.106Z] LiveUpdateForge: AfterToolExec flush
[2026-07-29T05:25:45.225Z] InitialReadForge.onBeforeSend: SKIP (fr=true syn=false hasRead=true)
[2026-07-29T05:26:03.807Z] LiveUpdateForge: EndTurn fallback flush
[2026-07-29T05:26:03.808Z] onEndTurn: naturalStop=false toolCalls=9 nudgeMsg=no
[2026-07-29T05:26:59.374Z] LiveUpdateForge: AfterToolExec flush
[2026-07-29T05:26:59.472Z] InitialReadForge.onBeforeSend: SKIP (fr=true syn=false hasRead=true)
[2026-07-29T05:27:08.395Z] LiveUpdateForge: EndTurn fallback flush
[2026-07-29T05:27:08.396Z] onEndTurn: naturalStop=true toolCalls=10 nudgeMsg=no
[2026-07-29T05:28:52.205Z] ResumeDiffForge: running checkResumeConsistency
[2026-07-29T05:28:52.207Z] checkResumeConsistency: forgedTimestamps=[["project","1970-01-01T00:00:00.000Z"]]
[2026-07-29T05:28:52.257Z] checkResumeConsistency: injecting 1 diff notification(s)
[2026-07-29T05:28:52.258Z] injectForgedHistory: role=user preview="[agent-auto] [memory-update 2026-07-29 13:10:18] project memory file has been mo"
[2026-07-29T05:28:52.339Z] injectForgedHistory: recordMessage persisted
[2026-07-29T05:28:52.339Z] LiveUpdateForge: session reset, allowLiveUpdate = false
[2026-07-29T05:28:52.340Z] NudgeForge: ResumeComplete — restoring count from history
[2026-07-29T05:28:52.342Z] restoreNudgeCountFromHistory: found last write at idx=1678 count=10
[2026-07-29T05:28:52.490Z] LiveUpdateForge: allowLiveUpdate = true (first real BeforeSend)
[2026-07-29T05:28:52.492Z] InitialReadForge.onBeforeSend: SKIP (fr=false syn=false hasRead=true)
[2026-07-29T05:29:04.191Z] LiveUpdateForge: EndTurn fallback flush
[2026-07-29T05:29:04.192Z] onEndTurn: naturalStop=false toolCalls=10 nudgeMsg=no
[2026-07-29T05:29:12.381Z] LiveUpdateForge: AfterToolExec flush
[2026-07-29T05:29:12.471Z] InitialReadForge.onBeforeSend: SKIP (fr=true syn=false hasRead=true)
[2026-07-29T05:29:20.596Z] LiveUpdateForge: EndTurn fallback flush
[2026-07-29T05:29:20.597Z] onEndTurn: naturalStop=false toolCalls=11 nudgeMsg=no
[2026-07-29T05:30:22.822Z] LiveUpdateForge: AfterToolExec flush
[2026-07-29T05:30:22.937Z] InitialReadForge.onBeforeSend: SKIP (fr=true syn=false hasRead=true)
[2026-07-29T05:30:31.093Z] LiveUpdateForge: EndTurn fallback flush
[2026-07-29T05:30:31.094Z] onEndTurn: naturalStop=false toolCalls=12 nudgeMsg=no
[2026-07-29T05:30:41.050Z] LiveUpdateForge: AfterToolExec flush
[2026-07-29T05:30:41.149Z] InitialReadForge.onBeforeSend: SKIP (fr=true syn=false hasRead=true)
[2026-07-29T05:30:46.170Z] LiveUpdateForge: EndTurn fallback flush
[2026-07-29T05:30:46.171Z] onEndTurn: naturalStop=true toolCalls=13 nudgeMsg=no
[2026-07-29T05:33:24.854Z] ResumeDiffForge: running checkResumeConsistency
[2026-07-29T05:33:24.857Z] checkResumeConsistency: forgedTimestamps=[["project","1970-01-01T00:00:00.000Z"]]
[2026-07-29T05:33:24.890Z] checkResumeConsistency: injecting 1 diff notification(s)
[2026-07-29T05:33:24.891Z] injectForgedHistory: role=user preview="[agent-auto] [memory-update 2026-07-29 13:10:18] project memory file has been mo"
[2026-07-29T05:33:24.971Z] injectForgedHistory: recordMessage persisted
[2026-07-29T05:33:24.972Z] LiveUpdateForge: session reset, allowLiveUpdate = false
[2026-07-29T05:33:24.972Z] NudgeForge: ResumeComplete — restoring count from history
[2026-07-29T05:33:24.975Z] restoreNudgeCountFromHistory: found last write at idx=1678 count=13
[2026-07-29T05:33:25.134Z] LiveUpdateForge: allowLiveUpdate = true (first real BeforeSend)
[2026-07-29T05:33:25.137Z] InitialReadForge.onBeforeSend: SKIP (fr=false syn=false hasRead=true)
[2026-07-29T05:33:33.870Z] LiveUpdateForge: EndTurn fallback flush
[2026-07-29T05:33:33.871Z] onEndTurn: naturalStop=false toolCalls=13 nudgeMsg=no
[2026-07-29T05:33:44.513Z] LiveUpdateForge: AfterToolExec flush
[2026-07-29T05:33:44.603Z] InitialReadForge.onBeforeSend: SKIP (fr=true syn=false hasRead=true)
[2026-07-29T05:33:50.824Z] LiveUpdateForge: EndTurn fallback flush
[2026-07-29T05:33:50.825Z] onEndTurn: naturalStop=false toolCalls=14 nudgeMsg=no
[2026-07-29T05:33:50.848Z] LiveUpdateForge: AfterToolExec flush
[2026-07-29T05:33:50.933Z] InitialReadForge.onBeforeSend: SKIP (fr=true syn=false hasRead=true)
[2026-07-29T05:34:34.907Z] LiveUpdateForge: EndTurn fallback flush
[2026-07-29T05:34:34.908Z] onEndTurn: naturalStop=false toolCalls=15 nudgeMsg=no
[2026-07-29T05:34:35.180Z] LiveUpdateForge: AfterToolExec flush
[2026-07-29T05:34:35.287Z] InitialReadForge.onBeforeSend: SKIP (fr=true syn=false hasRead=true)
[2026-07-29T05:34:43.164Z] LiveUpdateForge: EndTurn fallback flush
[2026-07-29T05:34:43.166Z] onEndTurn: naturalStop=false toolCalls=16 nudgeMsg=no
[2026-07-29T05:34:44.320Z] LiveUpdateForge: AfterToolExec flush
[2026-07-29T05:34:44.421Z] InitialReadForge.onBeforeSend: SKIP (fr=true syn=false hasRead=true)
[2026-07-29T05:34:51.055Z] LiveUpdateForge: EndTurn fallback flush
[2026-07-29T05:34:51.056Z] onEndTurn: naturalStop=false toolCalls=17 nudgeMsg=no
[2026-07-29T05:34:51.074Z] LiveUpdateForge: AfterToolExec flush
[2026-07-29T05:34:51.161Z] InitialReadForge.onBeforeSend: SKIP (fr=true syn=false hasRead=true)
[2026-07-29T05:35:06.451Z] LiveUpdateForge: EndTurn fallback flush
[2026-07-29T05:35:06.452Z] onEndTurn: naturalStop=false toolCalls=18 nudgeMsg=no
[2026-07-29T05:35:07.021Z] LiveUpdateForge: AfterToolExec flush
[2026-07-29T05:35:07.115Z] InitialReadForge.onBeforeSend: SKIP (fr=true syn=false hasRead=true)
[2026-07-29T05:35:18.605Z] LiveUpdateForge: EndTurn fallback flush
[2026-07-29T05:35:18.606Z] onEndTurn: naturalStop=false toolCalls=19 nudgeMsg=no
[2026-07-29T05:35:18.648Z] LiveUpdateForge: AfterToolExec flush
[2026-07-29T05:35:18.772Z] InitialReadForge.onBeforeSend: SKIP (fr=true syn=false hasRead=true)
[2026-07-29T05:35:28.449Z] LiveUpdateForge: EndTurn fallback flush
[2026-07-29T05:35:28.450Z] onEndTurn: naturalStop=false toolCalls=20 nudgeMsg=no
[2026-07-29T05:35:28.488Z] LiveUpdateForge: AfterToolExec flush
[2026-07-29T05:35:28.586Z] InitialReadForge.onBeforeSend: SKIP (fr=true syn=false hasRead=true)
[2026-07-29T05:36:08.208Z] LiveUpdateForge: EndTurn fallback flush
[2026-07-29T05:36:08.209Z] onEndTurn: naturalStop=false toolCalls=21 nudgeMsg=no
[2026-07-29T05:36:08.384Z] LiveUpdateForge: AfterToolExec flush
[2026-07-29T05:36:08.543Z] InitialReadForge.onBeforeSend: SKIP (fr=true syn=false hasRead=true)
[2026-07-29T05:36:21.846Z] LiveUpdateForge: EndTurn fallback flush
[2026-07-29T05:36:21.847Z] onEndTurn: naturalStop=false toolCalls=22 nudgeMsg=no
[2026-07-29T05:36:22.725Z] LiveUpdateForge: AfterToolExec flush
[2026-07-29T05:36:23.036Z] InitialReadForge.onBeforeSend: SKIP (fr=true syn=false hasRead=true)
[2026-07-29T05:36:30.710Z] LiveUpdateForge: EndTurn fallback flush
[2026-07-29T05:36:30.710Z] onEndTurn: naturalStop=false toolCalls=23 nudgeMsg=no
[2026-07-29T05:36:42.662Z] LiveUpdateForge: AfterToolExec flush
[2026-07-29T05:36:42.743Z] InitialReadForge.onBeforeSend: SKIP (fr=true syn=false hasRead=true)
[2026-07-29T05:36:54.819Z] LiveUpdateForge: EndTurn fallback flush
[2026-07-29T05:36:54.820Z] onEndTurn: naturalStop=false toolCalls=24 nudgeMsg=no
[2026-07-29T05:37:04.511Z] LiveUpdateForge: AfterToolExec flush
[2026-07-29T05:37:04.595Z] InitialReadForge.onBeforeSend: SKIP (fr=true syn=false hasRead=true)
[2026-07-29T05:37:17.672Z] LiveUpdateForge: EndTurn fallback flush
[2026-07-29T05:37:17.673Z] onEndTurn: naturalStop=true toolCalls=25 nudgeMsg=no
[2026-07-29T05:37:22.850Z] ResumeDiffForge: running checkResumeConsistency
[2026-07-29T05:37:23.102Z] checkResumeConsistency: forgedTimestamps=[["project","1970-01-01T00:00:00.000Z"]]
[2026-07-29T05:37:23.414Z] checkResumeConsistency: injecting 1 diff notification(s)
[2026-07-29T05:37:23.569Z] injectForgedHistory: role=user preview="[agent-auto] [memory-update 2026-07-29 13:10:18] project memory file has been mo"
[2026-07-29T05:37:23.629Z] injectForgedHistory: recordMessage persisted
[2026-07-29T05:37:23.629Z] LiveUpdateForge: session reset, allowLiveUpdate = false
[2026-07-29T05:37:23.630Z] NudgeForge: ResumeComplete — restoring count from history
[2026-07-29T05:37:23.632Z] restoreNudgeCountFromHistory: found last write at idx=1678 count=25
[2026-07-29T05:37:23.753Z] LiveUpdateForge: allowLiveUpdate = true (first real BeforeSend)
[2026-07-29T05:37:23.755Z] InitialReadForge.onBeforeSend: SKIP (fr=false syn=false hasRead=true)
[2026-07-29T05:37:49.539Z] LiveUpdateForge: EndTurn fallback flush
[2026-07-29T05:37:49.540Z] onEndTurn: naturalStop=false toolCalls=25 nudgeMsg=no
[2026-07-29T05:37:49.572Z] LiveUpdateForge: AfterToolExec flush
[2026-07-29T05:37:49.637Z] InitialReadForge.onBeforeSend: SKIP (fr=true syn=false hasRead=true)
[2026-07-29T05:38:00.079Z] LiveUpdateForge: EndTurn fallback flush
[2026-07-29T05:38:00.079Z] onEndTurn: naturalStop=false toolCalls=26 nudgeMsg=no
[2026-07-29T05:38:00.092Z] LiveUpdateForge: AfterToolExec flush
[2026-07-29T05:38:00.159Z] InitialReadForge.onBeforeSend: SKIP (fr=true syn=false hasRead=true)
[2026-07-29T05:38:05.420Z] LiveUpdateForge: EndTurn fallback flush
[2026-07-29T05:38:05.421Z] onEndTurn: naturalStop=false toolCalls=27 nudgeMsg=no
[2026-07-29T05:38:05.434Z] LiveUpdateForge: AfterToolExec flush
[2026-07-29T05:38:05.498Z] InitialReadForge.onBeforeSend: SKIP (fr=true syn=false hasRead=true)
[2026-07-29T05:38:12.074Z] LiveUpdateForge: EndTurn fallback flush
[2026-07-29T05:38:12.075Z] onEndTurn: naturalStop=false toolCalls=28 nudgeMsg=no
[2026-07-29T05:38:12.095Z] LiveUpdateForge: AfterToolExec flush
[2026-07-29T05:38:12.173Z] InitialReadForge.onBeforeSend: SKIP (fr=true syn=false hasRead=true)
[2026-07-29T05:38:30.943Z] LiveUpdateForge: EndTurn fallback flush
[2026-07-29T05:38:30.944Z] onEndTurn: naturalStop=false toolCalls=29 nudgeMsg=no
[2026-07-29T05:38:31.353Z] LiveUpdateForge: AfterToolExec flush
[2026-07-29T05:38:31.433Z] InitialReadForge.onBeforeSend: SKIP (fr=true syn=false hasRead=true)
[2026-07-29T05:38:41.602Z] LiveUpdateForge: EndTurn fallback flush
[2026-07-29T05:38:41.603Z] onEndTurn: naturalStop=false toolCalls=30 nudgeMsg=no
[2026-07-29T05:38:41.616Z] LiveUpdateForge: AfterToolExec flush
[2026-07-29T05:38:41.713Z] InitialReadForge.onBeforeSend: SKIP (fr=true syn=false hasRead=true)
[2026-07-29T05:39:58.461Z] LiveUpdateForge: EndTurn fallback flush
[2026-07-29T05:39:58.462Z] onEndTurn: naturalStop=false toolCalls=31 nudgeMsg=no
[2026-07-29T05:39:58.925Z] LiveUpdateForge: AfterToolExec flush
[2026-07-29T05:39:59.027Z] InitialReadForge.onBeforeSend: SKIP (fr=true syn=false hasRead=true)
[2026-07-29T05:40:30.006Z] LiveUpdateForge: EndTurn fallback flush
[2026-07-29T05:40:30.007Z] onEndTurn: naturalStop=false toolCalls=32 nudgeMsg=no
[2026-07-29T05:40:30.511Z] LiveUpdateForge: AfterToolExec flush
[2026-07-29T05:40:30.600Z] InitialReadForge.onBeforeSend: SKIP (fr=true syn=false hasRead=true)
[2026-07-29T05:40:37.918Z] LiveUpdateForge: EndTurn fallback flush
[2026-07-29T05:40:37.918Z] onEndTurn: naturalStop=false toolCalls=33 nudgeMsg=no
[2026-07-29T05:40:37.939Z] LiveUpdateForge: AfterToolExec flush
[2026-07-29T05:40:38.023Z] InitialReadForge.onBeforeSend: SKIP (fr=true syn=false hasRead=true)
[2026-07-29T05:40:43.804Z] LiveUpdateForge: EndTurn fallback flush
[2026-07-29T05:40:43.805Z] onEndTurn: naturalStop=false toolCalls=34 nudgeMsg=no
[2026-07-29T05:40:44.038Z] LiveUpdateForge: AfterToolExec flush
[2026-07-29T05:40:44.147Z] InitialReadForge.onBeforeSend: SKIP (fr=true syn=false hasRead=true)
[2026-07-29T05:40:50.458Z] LiveUpdateForge: EndTurn fallback flush
[2026-07-29T05:40:50.459Z] onEndTurn: naturalStop=false toolCalls=35 nudgeMsg=no
[2026-07-29T05:40:51.476Z] LiveUpdateForge: AfterToolExec flush
[2026-07-29T05:40:51.541Z] InitialReadForge.onBeforeSend: SKIP (fr=true syn=false hasRead=true)
[2026-07-29T05:41:17.243Z] LiveUpdateForge: EndTurn fallback flush
[2026-07-29T05:41:17.243Z] onEndTurn: naturalStop=false toolCalls=36 nudgeMsg=no
[2026-07-29T05:41:27.642Z] LiveUpdateForge: AfterToolExec flush
[2026-07-29T05:41:27.736Z] InitialReadForge.onBeforeSend: SKIP (fr=true syn=false hasRead=true)
[2026-07-29T05:42:06.182Z] LiveUpdateForge: EndTurn fallback flush
[2026-07-29T05:42:06.183Z] onEndTurn: naturalStop=true toolCalls=37 nudgeMsg=no
[2026-07-29T05:43:20.076Z] ResumeDiffForge: running checkResumeConsistency
[2026-07-29T05:43:20.078Z] checkResumeConsistency: forgedTimestamps=[["project","1970-01-01T00:00:00.000Z"]]
[2026-07-29T05:43:20.095Z] checkResumeConsistency: injecting 1 diff notification(s)
[2026-07-29T05:43:20.095Z] injectForgedHistory: role=user preview="[agent-auto] [memory-update 2026-07-29 13:10:18] project memory file has been mo"
[2026-07-29T05:43:20.144Z] injectForgedHistory: recordMessage persisted
[2026-07-29T05:43:20.144Z] LiveUpdateForge: session reset, allowLiveUpdate = false
[2026-07-29T05:43:20.145Z] NudgeForge: ResumeComplete — restoring count from history
[2026-07-29T05:43:20.147Z] restoreNudgeCountFromHistory: found last write at idx=1678 count=37
[2026-07-29T05:43:20.258Z] LiveUpdateForge: allowLiveUpdate = true (first real BeforeSend)
[2026-07-29T05:43:20.261Z] InitialReadForge.onBeforeSend: SKIP (fr=false syn=false hasRead=true)
[2026-07-29T05:43:34.110Z] LiveUpdateForge: EndTurn fallback flush
[2026-07-29T05:43:34.111Z] onEndTurn: naturalStop=false toolCalls=37 nudgeMsg=no
[2026-07-29T05:43:34.196Z] LiveUpdateForge: AfterToolExec flush
[2026-07-29T05:43:34.254Z] InitialReadForge.onBeforeSend: SKIP (fr=true syn=false hasRead=true)
[2026-07-29T05:45:34.141Z] LiveUpdateForge: EndTurn fallback flush
[2026-07-29T05:45:34.141Z] onEndTurn: naturalStop=false toolCalls=38 nudgeMsg=no
[2026-07-29T05:45:34.489Z] LiveUpdateForge: AfterToolExec flush
[2026-07-29T05:45:34.554Z] InitialReadForge.onBeforeSend: SKIP (fr=true syn=false hasRead=true)
[2026-07-29T05:45:53.191Z] LiveUpdateForge: EndTurn fallback flush
[2026-07-29T05:45:53.192Z] onEndTurn: naturalStop=false toolCalls=39 nudgeMsg=no
[2026-07-29T05:45:53.208Z] LiveUpdateForge: AfterToolExec flush
[2026-07-29T05:45:53.278Z] InitialReadForge.onBeforeSend: SKIP (fr=true syn=false hasRead=true)
[2026-07-29T05:46:04.694Z] LiveUpdateForge: EndTurn fallback flush
[2026-07-29T05:46:04.695Z] onEndTurn: naturalStop=false toolCalls=40 nudgeMsg=no
[2026-07-29T05:46:04.707Z] LiveUpdateForge: AfterToolExec flush
[2026-07-29T05:46:04.771Z] InitialReadForge.onBeforeSend: SKIP (fr=true syn=false hasRead=true)
[2026-07-29T05:47:13.013Z] LiveUpdateForge: EndTurn fallback flush
[2026-07-29T05:47:13.014Z] onEndTurn: naturalStop=false toolCalls=41 nudgeMsg=no
[2026-07-29T05:47:13.534Z] LiveUpdateForge: AfterToolExec flush
[2026-07-29T05:47:13.601Z] InitialReadForge.onBeforeSend: SKIP (fr=true syn=false hasRead=true)
[2026-07-29T05:48:15.764Z] LiveUpdateForge: EndTurn fallback flush
[2026-07-29T05:48:15.765Z] onEndTurn: naturalStop=false toolCalls=42 nudgeMsg=no
[2026-07-29T05:48:15.885Z] LiveUpdateForge: AfterToolExec flush
[2026-07-29T05:48:15.954Z] InitialReadForge.onBeforeSend: SKIP (fr=true syn=false hasRead=true)
[2026-07-29T05:51:07.955Z] LiveUpdateForge: EndTurn fallback flush
[2026-07-29T05:51:07.956Z] onEndTurn: naturalStop=false toolCalls=43 nudgeMsg=no
[2026-07-29T05:51:07.972Z] LiveUpdateForge: AfterToolExec flush
[2026-07-29T05:51:08.039Z] InitialReadForge.onBeforeSend: SKIP (fr=true syn=false hasRead=true)
[2026-07-29T05:51:28.049Z] LiveUpdateForge: EndTurn fallback flush
[2026-07-29T05:51:28.049Z] onEndTurn: naturalStop=false toolCalls=44 nudgeMsg=no
[2026-07-29T05:51:28.143Z] LiveUpdateForge: AfterToolExec flush
[2026-07-29T05:51:28.214Z] InitialReadForge.onBeforeSend: SKIP (fr=true syn=false hasRead=true)
[2026-07-29T05:51:43.980Z] LiveUpdateForge: EndTurn fallback flush
[2026-07-29T05:51:43.981Z] onEndTurn: naturalStop=false toolCalls=45 nudgeMsg=no
[2026-07-29T05:51:43.997Z] LiveUpdateForge: AfterToolExec flush
[2026-07-29T05:51:44.062Z] InitialReadForge.onBeforeSend: SKIP (fr=true syn=false hasRead=true)
[2026-07-29T05:52:03.780Z] LiveUpdateForge: EndTurn fallback flush
[2026-07-29T05:52:03.780Z] onEndTurn: naturalStop=false toolCalls=46 nudgeMsg=no
[2026-07-29T05:52:03.884Z] LiveUpdateForge: AfterToolExec flush
[2026-07-29T05:52:03.949Z] InitialReadForge.onBeforeSend: SKIP (fr=true syn=false hasRead=true)
[2026-07-29T05:52:26.278Z] LiveUpdateForge: EndTurn fallback flush
[2026-07-29T05:52:26.278Z] onEndTurn: naturalStop=false toolCalls=47 nudgeMsg=no
[2026-07-29T05:52:26.295Z] LiveUpdateForge: AfterToolExec flush
[2026-07-29T05:52:26.361Z] InitialReadForge.onBeforeSend: SKIP (fr=true syn=false hasRead=true)
[2026-07-29T05:52:46.789Z] LiveUpdateForge: EndTurn fallback flush
[2026-07-29T05:52:46.790Z] onEndTurn: naturalStop=false toolCalls=48 nudgeMsg=no
[2026-07-29T05:52:46.880Z] LiveUpdateForge: AfterToolExec flush
[2026-07-29T05:52:46.942Z] InitialReadForge.onBeforeSend: SKIP (fr=true syn=false hasRead=true)
[2026-07-29T05:53:03.881Z] LiveUpdateForge: EndTurn fallback flush
[2026-07-29T05:53:03.882Z] onEndTurn: naturalStop=false toolCalls=49 nudgeMsg=no
[2026-07-29T05:53:03.897Z] LiveUpdateForge: AfterToolExec flush
[2026-07-29T05:53:03.960Z] InitialReadForge.onBeforeSend: SKIP (fr=true syn=false hasRead=true)
[2026-07-29T05:53:22.863Z] LiveUpdateForge: EndTurn fallback flush
[2026-07-29T05:53:22.864Z] onEndTurn: naturalStop=false toolCalls=50 nudgeMsg=no
[2026-07-29T05:53:22.959Z] LiveUpdateForge: AfterToolExec flush
[2026-07-29T05:53:23.022Z] InitialReadForge.onBeforeSend: SKIP (fr=true syn=false hasRead=true)
[2026-07-29T05:54:14.121Z] LiveUpdateForge: EndTurn fallback flush
[2026-07-29T05:54:14.122Z] onEndTurn: naturalStop=false toolCalls=51 nudgeMsg=no
[2026-07-29T05:54:14.220Z] LiveUpdateForge: AfterToolExec flush
[2026-07-29T05:54:14.284Z] InitialReadForge.onBeforeSend: SKIP (fr=true syn=false hasRead=true)
[2026-07-29T05:55:27.428Z] LiveUpdateForge: EndTurn fallback flush
[2026-07-29T05:55:27.428Z] onEndTurn: naturalStop=false toolCalls=52 nudgeMsg=no
[2026-07-29T05:55:27.448Z] LiveUpdateForge: AfterToolExec flush
[2026-07-29T05:55:27.510Z] InitialReadForge.onBeforeSend: SKIP (fr=true syn=false hasRead=true)
[2026-07-29T05:56:15.197Z] LiveUpdateForge: EndTurn fallback flush
[2026-07-29T05:56:15.198Z] onEndTurn: naturalStop=false toolCalls=53 nudgeMsg=no
[2026-07-29T05:56:15.534Z] LiveUpdateForge: AfterToolExec flush
[2026-07-29T05:56:15.606Z] InitialReadForge.onBeforeSend: SKIP (fr=true syn=false hasRead=true)
[2026-07-29T05:58:02.832Z] LiveUpdateForge: EndTurn fallback flush
[2026-07-29T05:58:02.832Z] onEndTurn: naturalStop=false toolCalls=54 nudgeMsg=no
[2026-07-29T05:58:02.851Z] LiveUpdateForge: AfterToolExec flush
[2026-07-29T05:58:02.921Z] InitialReadForge.onBeforeSend: SKIP (fr=true syn=false hasRead=true)
[2026-07-29T05:58:17.233Z] LiveUpdateForge: EndTurn fallback flush
[2026-07-29T05:58:17.233Z] onEndTurn: naturalStop=false toolCalls=55 nudgeMsg=no
[2026-07-29T05:58:17.248Z] LiveUpdateForge: AfterToolExec flush
[2026-07-29T05:58:17.315Z] InitialReadForge.onBeforeSend: SKIP (fr=true syn=false hasRead=true)
[2026-07-29T05:58:44.498Z] LiveUpdateForge: EndTurn fallback flush
[2026-07-29T05:58:44.498Z] onEndTurn: naturalStop=false toolCalls=56 nudgeMsg=no
[2026-07-29T05:58:44.616Z] LiveUpdateForge: AfterToolExec flush
[2026-07-29T05:58:44.689Z] InitialReadForge.onBeforeSend: SKIP (fr=true syn=false hasRead=true)
[2026-07-29T05:59:03.446Z] LiveUpdateForge: EndTurn fallback flush
[2026-07-29T05:59:03.446Z] onEndTurn: naturalStop=false toolCalls=57 nudgeMsg=no
[2026-07-29T05:59:03.779Z] LiveUpdateForge: AfterToolExec flush
[2026-07-29T05:59:03.845Z] InitialReadForge.onBeforeSend: SKIP (fr=true syn=false hasRead=true)
[2026-07-29T05:59:19.595Z] LiveUpdateForge: EndTurn fallback flush
[2026-07-29T05:59:19.596Z] onEndTurn: naturalStop=false toolCalls=58 nudgeMsg=no
[2026-07-29T05:59:19.614Z] LiveUpdateForge: AfterToolExec flush
[2026-07-29T05:59:19.687Z] InitialReadForge.onBeforeSend: SKIP (fr=true syn=false hasRead=true)
[2026-07-29T05:59:31.962Z] LiveUpdateForge: EndTurn fallback flush
[2026-07-29T05:59:31.963Z] onEndTurn: naturalStop=false toolCalls=59 nudgeMsg=no
[2026-07-29T05:59:31.978Z] LiveUpdateForge: AfterToolExec flush
[2026-07-29T05:59:32.051Z] InitialReadForge.onBeforeSend: SKIP (fr=true syn=false hasRead=true)
[2026-07-29T06:00:10.739Z] LiveUpdateForge: EndTurn fallback flush
[2026-07-29T06:00:10.740Z] onEndTurn: naturalStop=false toolCalls=60 nudgeMsg=no
[2026-07-29T06:00:10.752Z] LiveUpdateForge: AfterToolExec flush
[2026-07-29T06:00:10.826Z] InitialReadForge.onBeforeSend: SKIP (fr=true syn=false hasRead=true)
[2026-07-29T06:01:08.779Z] LiveUpdateForge: EndTurn fallback flush
[2026-07-29T06:01:08.779Z] onEndTurn: naturalStop=false toolCalls=61 nudgeMsg=no
[2026-07-29T06:01:08.873Z] LiveUpdateForge: AfterToolExec flush
[2026-07-29T06:01:08.949Z] InitialReadForge.onBeforeSend: SKIP (fr=true syn=false hasRead=true)
[2026-07-29T06:03:00.835Z] LiveUpdateForge: EndTurn fallback flush
[2026-07-29T06:03:00.836Z] onEndTurn: naturalStop=false toolCalls=62 nudgeMsg=no
[2026-07-29T06:03:00.873Z] LiveUpdateForge: AfterToolExec flush
[2026-07-29T06:03:00.944Z] InitialReadForge.onBeforeSend: SKIP (fr=true syn=false hasRead=true)
[2026-07-29T06:04:08.679Z] LiveUpdateForge: EndTurn fallback flush
[2026-07-29T06:04:08.680Z] onEndTurn: naturalStop=false toolCalls=63 nudgeMsg=no
[2026-07-29T06:04:11.021Z] LiveUpdateForge: AfterToolExec flush
[2026-07-29T06:04:11.131Z] InitialReadForge.onBeforeSend: SKIP (fr=true syn=false hasRead=true)
[2026-07-29T06:04:25.956Z] LiveUpdateForge: EndTurn fallback flush
[2026-07-29T06:04:25.957Z] onEndTurn: naturalStop=false toolCalls=64 nudgeMsg=no
[2026-07-29T06:04:25.973Z] LiveUpdateForge: AfterToolExec flush
[2026-07-29T06:04:26.039Z] InitialReadForge.onBeforeSend: SKIP (fr=true syn=false hasRead=true)
[2026-07-29T06:04:42.705Z] LiveUpdateForge: EndTurn fallback flush
[2026-07-29T06:04:42.706Z] onEndTurn: naturalStop=false toolCalls=65 nudgeMsg=no
[2026-07-29T06:04:42.723Z] LiveUpdateForge: AfterToolExec flush
[2026-07-29T06:04:42.794Z] InitialReadForge.onBeforeSend: SKIP (fr=true syn=false hasRead=true)
[2026-07-29T06:07:10.821Z] ResumeDiffForge: running checkResumeConsistency
[2026-07-29T06:07:10.822Z] checkResumeConsistency: forgedTimestamps=[["project","1970-01-01T00:00:00.000Z"]]
[2026-07-29T06:07:10.848Z] checkResumeConsistency: injecting 1 diff notification(s)
[2026-07-29T06:07:10.848Z] injectForgedHistory: role=user preview="[agent-auto] [memory-update 2026-07-29 13:10:18] project memory file has been mo"
[2026-07-29T06:07:10.916Z] injectForgedHistory: recordMessage persisted
[2026-07-29T06:07:10.917Z] LiveUpdateForge: session reset, allowLiveUpdate = false
[2026-07-29T06:07:10.917Z] NudgeForge: ResumeComplete — restoring count from history
[2026-07-29T06:07:10.919Z] restoreNudgeCountFromHistory: found last write at idx=1678 count=66
[2026-07-29T06:07:11.058Z] LiveUpdateForge: allowLiveUpdate = true (first real BeforeSend)
[2026-07-29T06:07:11.060Z] InitialReadForge.onBeforeSend: SKIP (fr=false syn=false hasRead=true)
[2026-07-29T06:08:10.787Z] LiveUpdateForge: EndTurn fallback flush
[2026-07-29T06:08:10.788Z] onEndTurn: naturalStop=false toolCalls=66 nudgeMsg=no
[2026-07-29T06:08:10.823Z] LiveUpdateForge: AfterToolExec flush
[2026-07-29T06:08:10.890Z] InitialReadForge.onBeforeSend: SKIP (fr=true syn=false hasRead=true)
[2026-07-29T06:08:23.018Z] LiveUpdateForge: EndTurn fallback flush
[2026-07-29T06:08:23.027Z] onEndTurn: naturalStop=false toolCalls=67 nudgeMsg=no
[2026-07-29T06:08:23.043Z] LiveUpdateForge: AfterToolExec flush
[2026-07-29T06:08:23.107Z] InitialReadForge.onBeforeSend: SKIP (fr=true syn=false hasRead=true)
[2026-07-29T06:10:10.301Z] LiveUpdateForge: EndTurn fallback flush
[2026-07-29T06:10:10.302Z] onEndTurn: naturalStop=false toolCalls=68 nudgeMsg=no
[2026-07-29T06:10:10.323Z] LiveUpdateForge: AfterToolExec flush
[2026-07-29T06:10:10.404Z] InitialReadForge.onBeforeSend: SKIP (fr=true syn=false hasRead=true)
[2026-07-29T06:12:06.182Z] LiveUpdateForge: EndTurn fallback flush
[2026-07-29T06:12:06.182Z] onEndTurn: naturalStop=false toolCalls=69 nudgeMsg=no
[2026-07-29T06:12:06.195Z] LiveUpdateForge: AfterToolExec flush
[2026-07-29T06:12:06.262Z] InitialReadForge.onBeforeSend: SKIP (fr=true syn=false hasRead=true)
[2026-07-29T06:12:30.397Z] LiveUpdateForge: EndTurn fallback flush
[2026-07-29T06:12:30.398Z] onEndTurn: naturalStop=false toolCalls=70 nudgeMsg=no
[2026-07-29T06:12:30.413Z] LiveUpdateForge: AfterToolExec flush
[2026-07-29T06:12:30.483Z] InitialReadForge.onBeforeSend: SKIP (fr=true syn=false hasRead=true)
[2026-07-29T06:12:50.682Z] LiveUpdateForge: EndTurn fallback flush
[2026-07-29T06:12:50.683Z] onEndTurn: naturalStop=false toolCalls=71 nudgeMsg=no
[2026-07-29T06:12:50.698Z] LiveUpdateForge: AfterToolExec flush
[2026-07-29T06:12:50.767Z] InitialReadForge.onBeforeSend: SKIP (fr=true syn=false hasRead=true)
[2026-07-29T06:13:40.021Z] LiveUpdateForge: EndTurn fallback flush
[2026-07-29T06:13:40.021Z] onEndTurn: naturalStop=false toolCalls=72 nudgeMsg=no
[2026-07-29T06:13:40.033Z] LiveUpdateForge: AfterToolExec flush
[2026-07-29T06:13:40.137Z] InitialReadForge.onBeforeSend: SKIP (fr=true syn=false hasRead=true)
[2026-07-29T06:13:56.541Z] LiveUpdateForge: EndTurn fallback flush
[2026-07-29T06:13:56.542Z] onEndTurn: naturalStop=false toolCalls=73 nudgeMsg=no
[2026-07-29T06:13:56.819Z] LiveUpdateForge: AfterToolExec flush
[2026-07-29T06:13:56.975Z] InitialReadForge.onBeforeSend: SKIP (fr=true syn=false hasRead=true)
[2026-07-29T06:14:03.768Z] LiveUpdateForge: EndTurn fallback flush
[2026-07-29T06:14:03.768Z] onEndTurn: naturalStop=false toolCalls=74 nudgeMsg=no
[2026-07-29T06:14:03.786Z] LiveUpdateForge: AfterToolExec flush
[2026-07-29T06:14:03.856Z] InitialReadForge.onBeforeSend: SKIP (fr=true syn=false hasRead=true)
[2026-07-29T06:15:11.436Z] LiveUpdateForge: EndTurn fallback flush
[2026-07-29T06:15:11.437Z] onEndTurn: naturalStop=false toolCalls=75 nudgeMsg=no
[2026-07-29T06:15:11.532Z] LiveUpdateForge: AfterToolExec flush
[2026-07-29T06:15:11.598Z] InitialReadForge.onBeforeSend: SKIP (fr=true syn=false hasRead=true)
[2026-07-29T06:15:23.346Z] LiveUpdateForge: EndTurn fallback flush
[2026-07-29T06:15:23.347Z] onEndTurn: naturalStop=false toolCalls=76 nudgeMsg=no
[2026-07-29T06:15:23.366Z] LiveUpdateForge: AfterToolExec flush
[2026-07-29T06:15:23.435Z] InitialReadForge.onBeforeSend: SKIP (fr=true syn=false hasRead=true)
[2026-07-29T06:15:38.773Z] LiveUpdateForge: EndTurn fallback flush
[2026-07-29T06:15:38.773Z] onEndTurn: naturalStop=false toolCalls=77 nudgeMsg=no
[2026-07-29T06:15:38.793Z] LiveUpdateForge: AfterToolExec flush
[2026-07-29T06:15:38.864Z] InitialReadForge.onBeforeSend: SKIP (fr=true syn=false hasRead=true)
[2026-07-29T06:16:09.476Z] LiveUpdateForge: EndTurn fallback flush
[2026-07-29T06:16:09.477Z] onEndTurn: naturalStop=false toolCalls=78 nudgeMsg=no
[2026-07-29T06:16:11.414Z] LiveUpdateForge: AfterToolExec flush
[2026-07-29T06:16:11.510Z] InitialReadForge.onBeforeSend: SKIP (fr=true syn=false hasRead=true)
[2026-07-29T06:16:47.197Z] LiveUpdateForge: EndTurn fallback flush
[2026-07-29T06:16:47.197Z] onEndTurn: naturalStop=false toolCalls=79 nudgeMsg=no
[2026-07-29T06:16:47.215Z] LiveUpdateForge: AfterToolExec flush
[2026-07-29T06:16:47.285Z] InitialReadForge.onBeforeSend: SKIP (fr=true syn=false hasRead=true)
[2026-07-29T06:17:29.931Z] LiveUpdateForge: EndTurn fallback flush
[2026-07-29T06:17:29.932Z] onEndTurn: naturalStop=false toolCalls=80 nudgeMsg=no
[2026-07-29T06:17:29.947Z] LiveUpdateForge: AfterToolExec flush
[2026-07-29T06:17:30.020Z] InitialReadForge.onBeforeSend: SKIP (fr=true syn=false hasRead=true)
[2026-07-29T06:18:08.221Z] LiveUpdateForge: EndTurn fallback flush
[2026-07-29T06:18:08.221Z] onEndTurn: naturalStop=false toolCalls=81 nudgeMsg=no
[2026-07-29T06:18:08.235Z] LiveUpdateForge: AfterToolExec flush
[2026-07-29T06:18:08.296Z] InitialReadForge.onBeforeSend: SKIP (fr=true syn=false hasRead=true)
[2026-07-29T06:18:28.719Z] LiveUpdateForge: EndTurn fallback flush
[2026-07-29T06:18:28.720Z] onEndTurn: naturalStop=false toolCalls=82 nudgeMsg=no
[2026-07-29T06:18:28.827Z] LiveUpdateForge: AfterToolExec flush
[2026-07-29T06:18:28.904Z] InitialReadForge.onBeforeSend: SKIP (fr=true syn=false hasRead=true)
[2026-07-29T06:19:01.836Z] LiveUpdateForge: EndTurn fallback flush
[2026-07-29T06:19:01.837Z] onEndTurn: naturalStop=false toolCalls=83 nudgeMsg=no
[2026-07-29T06:19:03.006Z] LiveUpdateForge: AfterToolExec flush
[2026-07-29T06:19:03.114Z] InitialReadForge.onBeforeSend: SKIP (fr=true syn=false hasRead=true)
[2026-07-29T06:19:43.214Z] LiveUpdateForge: EndTurn fallback flush
[2026-07-29T06:19:43.215Z] onEndTurn: naturalStop=false toolCalls=84 nudgeMsg=no
[2026-07-29T06:19:43.235Z] LiveUpdateForge: AfterToolExec flush
[2026-07-29T06:19:43.304Z] InitialReadForge.onBeforeSend: SKIP (fr=true syn=false hasRead=true)
[2026-07-29T06:20:05.106Z] LiveUpdateForge: EndTurn fallback flush
[2026-07-29T06:20:05.106Z] onEndTurn: naturalStop=false toolCalls=85 nudgeMsg=no
[2026-07-29T06:20:05.120Z] LiveUpdateForge: AfterToolExec flush
[2026-07-29T06:20:05.182Z] InitialReadForge.onBeforeSend: SKIP (fr=true syn=false hasRead=true)
[2026-07-29T06:20:24.886Z] LiveUpdateForge: EndTurn fallback flush
[2026-07-29T06:20:24.887Z] onEndTurn: naturalStop=false toolCalls=86 nudgeMsg=no
[2026-07-29T06:20:24.904Z] LiveUpdateForge: AfterToolExec flush
[2026-07-29T06:20:24.977Z] InitialReadForge.onBeforeSend: SKIP (fr=true syn=false hasRead=true)
[2026-07-29T06:20:58.657Z] LiveUpdateForge: EndTurn fallback flush
[2026-07-29T06:20:58.658Z] onEndTurn: naturalStop=false toolCalls=87 nudgeMsg=no
[2026-07-29T06:20:58.750Z] LiveUpdateForge: AfterToolExec flush
[2026-07-29T06:20:58.826Z] InitialReadForge.onBeforeSend: SKIP (fr=true syn=false hasRead=true)
[2026-07-29T06:22:14.146Z] LiveUpdateForge: EndTurn fallback flush
[2026-07-29T06:22:14.147Z] onEndTurn: naturalStop=false toolCalls=88 nudgeMsg=no
[2026-07-29T06:22:15.176Z] LiveUpdateForge: AfterToolExec flush
[2026-07-29T06:22:15.275Z] InitialReadForge.onBeforeSend: SKIP (fr=true syn=false hasRead=true)
[2026-07-29T06:22:28.747Z] LiveUpdateForge: EndTurn fallback flush
[2026-07-29T06:22:28.748Z] onEndTurn: naturalStop=false toolCalls=89 nudgeMsg=no
[2026-07-29T06:22:28.763Z] LiveUpdateForge: AfterToolExec flush
[2026-07-29T06:22:28.835Z] InitialReadForge.onBeforeSend: SKIP (fr=true syn=false hasRead=true)
[2026-07-29T06:22:44.401Z] LiveUpdateForge: EndTurn fallback flush
[2026-07-29T06:22:44.401Z] onEndTurn: naturalStop=false toolCalls=90 nudgeMsg=no
[2026-07-29T06:22:44.414Z] LiveUpdateForge: AfterToolExec flush
[2026-07-29T06:22:44.481Z] InitialReadForge.onBeforeSend: SKIP (fr=true syn=false hasRead=true)
[2026-07-29T06:23:49.637Z] LiveUpdateForge: EndTurn fallback flush
[2026-07-29T06:23:49.638Z] onEndTurn: naturalStop=false toolCalls=91 nudgeMsg=no
[2026-07-29T06:23:57.719Z] LiveUpdateForge: AfterToolExec flush
[2026-07-29T06:23:57.803Z] InitialReadForge.onBeforeSend: SKIP (fr=true syn=false hasRead=true)
[2026-07-29T06:24:39.707Z] LiveUpdateForge: EndTurn fallback flush
[2026-07-29T06:24:39.708Z] onEndTurn: naturalStop=false toolCalls=92 nudgeMsg=no
[2026-07-29T06:24:39.726Z] LiveUpdateForge: AfterToolExec flush
[2026-07-29T06:24:39.803Z] InitialReadForge.onBeforeSend: SKIP (fr=true syn=false hasRead=true)
[2026-07-29T06:24:59.499Z] LiveUpdateForge: EndTurn fallback flush
[2026-07-29T06:24:59.499Z] onEndTurn: naturalStop=false toolCalls=93 nudgeMsg=no
[2026-07-29T06:24:59.523Z] LiveUpdateForge: AfterToolExec flush
[2026-07-29T06:24:59.610Z] InitialReadForge.onBeforeSend: SKIP (fr=true syn=false hasRead=true)
[2026-07-29T06:25:08.386Z] LiveUpdateForge: EndTurn fallback flush
[2026-07-29T06:25:08.387Z] onEndTurn: naturalStop=false toolCalls=94 nudgeMsg=no
[2026-07-29T06:25:08.402Z] LiveUpdateForge: AfterToolExec flush
[2026-07-29T06:25:08.473Z] InitialReadForge.onBeforeSend: SKIP (fr=true syn=false hasRead=true)
[2026-07-29T06:29:16.877Z] ResumeDiffForge: running checkResumeConsistency
[2026-07-29T06:29:16.879Z] checkResumeConsistency: forgedTimestamps=[["project","1970-01-01T00:00:00.000Z"]]
[2026-07-29T06:29:16.912Z] checkResumeConsistency: injecting 1 diff notification(s)
[2026-07-29T06:29:16.913Z] injectForgedHistory: role=user preview="[agent-auto] [memory-update 2026-07-29 13:10:18] project memory file has been mo"
[2026-07-29T06:29:16.995Z] injectForgedHistory: recordMessage persisted
[2026-07-29T06:29:16.996Z] LiveUpdateForge: session reset, allowLiveUpdate = false
[2026-07-29T06:29:16.996Z] NudgeForge: ResumeComplete — restoring count from history
[2026-07-29T06:29:16.998Z] restoreNudgeCountFromHistory: found last write at idx=1678 count=95
[2026-07-29T06:29:17.134Z] LiveUpdateForge: allowLiveUpdate = true (first real BeforeSend)
[2026-07-29T06:29:17.136Z] InitialReadForge.onBeforeSend: SKIP (fr=false syn=false hasRead=true)
[2026-07-29T06:29:36.288Z] LiveUpdateForge: EndTurn fallback flush
[2026-07-29T06:29:36.288Z] onEndTurn: naturalStop=false toolCalls=95 nudgeMsg=no
[2026-07-29T06:29:37.000Z] LiveUpdateForge: AfterToolExec flush
[2026-07-29T06:29:37.077Z] InitialReadForge.onBeforeSend: SKIP (fr=true syn=false hasRead=true)
[2026-07-29T06:30:43.699Z] LiveUpdateForge: EndTurn fallback flush
[2026-07-29T06:30:43.699Z] onEndTurn: naturalStop=false toolCalls=96 nudgeMsg=no
[2026-07-29T06:30:44.225Z] LiveUpdateForge: AfterToolExec flush
[2026-07-29T06:30:44.305Z] InitialReadForge.onBeforeSend: SKIP (fr=true syn=false hasRead=true)
[2026-07-29T06:31:14.272Z] LiveUpdateForge: EndTurn fallback flush
[2026-07-29T06:31:14.273Z] onEndTurn: naturalStop=false toolCalls=97 nudgeMsg=no
[2026-07-29T06:31:14.845Z] LiveUpdateForge: AfterToolExec flush
[2026-07-29T06:31:14.953Z] InitialReadForge.onBeforeSend: SKIP (fr=true syn=false hasRead=true)
[2026-07-29T06:31:27.331Z] LiveUpdateForge: EndTurn fallback flush
[2026-07-29T06:31:27.332Z] onEndTurn: naturalStop=false toolCalls=98 nudgeMsg=no
[2026-07-29T06:31:27.880Z] LiveUpdateForge: AfterToolExec flush
[2026-07-29T06:31:27.950Z] InitialReadForge.onBeforeSend: SKIP (fr=true syn=false hasRead=true)
[2026-07-29T06:32:14.496Z] LiveUpdateForge: EndTurn fallback flush
[2026-07-29T06:32:14.497Z] onEndTurn: naturalStop=false toolCalls=99 nudgeMsg=no
[2026-07-29T06:32:14.512Z] LiveUpdateForge: AfterToolExec flush
[2026-07-29T06:32:14.579Z] InitialReadForge.onBeforeSend: SKIP (fr=true syn=false hasRead=true)
[2026-07-29T06:33:12.215Z] LiveUpdateForge: EndTurn fallback flush
[2026-07-29T06:33:12.215Z] onEndTurn: naturalStop=false toolCalls=100 nudgeMsg=no
[2026-07-29T06:33:12.230Z] LiveUpdateForge: AfterToolExec flush
[2026-07-29T06:33:12.311Z] InitialReadForge.onBeforeSend: SKIP (fr=true syn=false hasRead=true)
[2026-07-29T06:33:41.759Z] LiveUpdateForge: EndTurn fallback flush
[2026-07-29T06:33:41.760Z] onEndTurn: naturalStop=false toolCalls=101 nudgeMsg=no
[2026-07-29T06:33:42.525Z] LiveUpdateForge: AfterToolExec flush
[2026-07-29T06:33:42.609Z] InitialReadForge.onBeforeSend: SKIP (fr=true syn=false hasRead=true)
[2026-07-29T06:34:14.290Z] LiveUpdateForge: EndTurn fallback flush
[2026-07-29T06:34:14.291Z] onEndTurn: naturalStop=false toolCalls=102 nudgeMsg=no
[2026-07-29T06:34:14.902Z] LiveUpdateForge: AfterToolExec flush
[2026-07-29T06:34:14.985Z] InitialReadForge.onBeforeSend: SKIP (fr=true syn=false hasRead=true)
[2026-07-29T06:34:51.519Z] LiveUpdateForge: EndTurn fallback flush
[2026-07-29T06:34:51.519Z] onEndTurn: naturalStop=false toolCalls=103 nudgeMsg=no
[2026-07-29T06:34:52.507Z] LiveUpdateForge: AfterToolExec flush
[2026-07-29T06:34:52.590Z] InitialReadForge.onBeforeSend: SKIP (fr=true syn=false hasRead=true)
[2026-07-29T06:37:21.686Z] LiveUpdateForge: EndTurn fallback flush
[2026-07-29T06:37:21.687Z] onEndTurn: naturalStop=false toolCalls=104 nudgeMsg=no
[2026-07-29T06:37:22.587Z] LiveUpdateForge: AfterToolExec flush
[2026-07-29T06:37:22.668Z] InitialReadForge.onBeforeSend: SKIP (fr=true syn=false hasRead=true)
[2026-07-29T06:37:41.847Z] LiveUpdateForge: EndTurn fallback flush
[2026-07-29T06:37:41.848Z] onEndTurn: naturalStop=false toolCalls=105 nudgeMsg=no
[2026-07-29T06:37:41.864Z] LiveUpdateForge: AfterToolExec flush
[2026-07-29T06:37:41.935Z] InitialReadForge.onBeforeSend: SKIP (fr=true syn=false hasRead=true)
[2026-07-29T06:39:20.138Z] LiveUpdateForge: EndTurn fallback flush
[2026-07-29T06:39:20.138Z] onEndTurn: naturalStop=false toolCalls=106 nudgeMsg=no
[2026-07-29T06:39:20.340Z] LiveUpdateForge: AfterToolExec flush
[2026-07-29T06:39:20.421Z] InitialReadForge.onBeforeSend: SKIP (fr=true syn=false hasRead=true)
[2026-07-29T06:39:43.469Z] LiveUpdateForge: EndTurn fallback flush
[2026-07-29T06:39:43.469Z] onEndTurn: naturalStop=false toolCalls=107 nudgeMsg=no
[2026-07-29T06:39:46.095Z] LiveUpdateForge: AfterToolExec flush
[2026-07-29T06:39:46.195Z] InitialReadForge.onBeforeSend: SKIP (fr=true syn=false hasRead=true)
[2026-07-29T06:40:32.773Z] LiveUpdateForge: EndTurn fallback flush
[2026-07-29T06:40:32.774Z] onEndTurn: naturalStop=false toolCalls=108 nudgeMsg=no
[2026-07-29T06:40:33.294Z] LiveUpdateForge: AfterToolExec flush
[2026-07-29T06:40:33.389Z] InitialReadForge.onBeforeSend: SKIP (fr=true syn=false hasRead=true)
[2026-07-29T06:40:50.687Z] LiveUpdateForge: EndTurn fallback flush
[2026-07-29T06:40:50.688Z] onEndTurn: naturalStop=false toolCalls=109 nudgeMsg=no
[2026-07-29T06:40:50.836Z] LiveUpdateForge: AfterToolExec flush
[2026-07-29T06:40:50.910Z] InitialReadForge.onBeforeSend: SKIP (fr=true syn=false hasRead=true)
[2026-07-29T06:41:11.089Z] LiveUpdateForge: EndTurn fallback flush
[2026-07-29T06:41:11.089Z] onEndTurn: naturalStop=false toolCalls=110 nudgeMsg=no
[2026-07-29T06:41:11.645Z] LiveUpdateForge: AfterToolExec flush
[2026-07-29T06:41:11.745Z] InitialReadForge.onBeforeSend: SKIP (fr=true syn=false hasRead=true)
[2026-07-29T06:41:22.706Z] LiveUpdateForge: EndTurn fallback flush
[2026-07-29T06:41:22.707Z] onEndTurn: naturalStop=false toolCalls=111 nudgeMsg=no
[2026-07-29T06:41:24.158Z] LiveUpdateForge: AfterToolExec flush
[2026-07-29T06:41:24.243Z] InitialReadForge.onBeforeSend: SKIP (fr=true syn=false hasRead=true)
[2026-07-29T06:42:42.376Z] LiveUpdateForge: EndTurn fallback flush
[2026-07-29T06:42:42.376Z] onEndTurn: naturalStop=false toolCalls=112 nudgeMsg=no
[2026-07-29T06:42:42.511Z] LiveUpdateForge: AfterToolExec flush
[2026-07-29T06:42:42.582Z] InitialReadForge.onBeforeSend: SKIP (fr=true syn=false hasRead=true)
[2026-07-29T06:43:55.135Z] LiveUpdateForge: EndTurn fallback flush
[2026-07-29T06:43:55.136Z] onEndTurn: naturalStop=false toolCalls=113 nudgeMsg=no
[2026-07-29T06:43:55.159Z] LiveUpdateForge: AfterToolExec flush
[2026-07-29T06:43:55.263Z] InitialReadForge.onBeforeSend: SKIP (fr=true syn=false hasRead=true)
[2026-07-29T06:46:19.813Z] LiveUpdateForge: EndTurn fallback flush
[2026-07-29T06:46:19.813Z] onEndTurn: naturalStop=false toolCalls=114 nudgeMsg=no
[2026-07-29T06:46:20.666Z] LiveUpdateForge: AfterToolExec flush
[2026-07-29T06:46:20.754Z] InitialReadForge.onBeforeSend: SKIP (fr=true syn=false hasRead=true)
[2026-07-29T06:47:12.740Z] LiveUpdateForge: EndTurn fallback flush
[2026-07-29T06:47:12.741Z] onEndTurn: naturalStop=false toolCalls=115 nudgeMsg=no
[2026-07-29T06:47:12.866Z] LiveUpdateForge: AfterToolExec flush
[2026-07-29T06:47:12.939Z] InitialReadForge.onBeforeSend: SKIP (fr=true syn=false hasRead=true)
[2026-07-29T06:47:45.956Z] LiveUpdateForge: EndTurn fallback flush
[2026-07-29T06:47:45.956Z] onEndTurn: naturalStop=false toolCalls=116 nudgeMsg=no
[2026-07-29T06:47:46.095Z] LiveUpdateForge: AfterToolExec flush
[2026-07-29T06:47:46.181Z] InitialReadForge.onBeforeSend: SKIP (fr=true syn=false hasRead=true)
[2026-07-29T06:48:35.504Z] LiveUpdateForge: EndTurn fallback flush
[2026-07-29T06:48:35.504Z] onEndTurn: naturalStop=false toolCalls=117 nudgeMsg=no
[2026-07-29T06:48:36.058Z] LiveUpdateForge: AfterToolExec flush
[2026-07-29T06:48:36.155Z] InitialReadForge.onBeforeSend: SKIP (fr=true syn=false hasRead=true)
[2026-07-29T06:49:23.855Z] LiveUpdateForge: EndTurn fallback flush
[2026-07-29T06:49:23.856Z] onEndTurn: naturalStop=false toolCalls=118 nudgeMsg=no
[2026-07-29T06:49:23.968Z] LiveUpdateForge: AfterToolExec flush
[2026-07-29T06:49:24.047Z] InitialReadForge.onBeforeSend: SKIP (fr=true syn=false hasRead=true)
[2026-07-29T06:49:34.641Z] LiveUpdateForge: EndTurn fallback flush
[2026-07-29T06:49:34.642Z] onEndTurn: naturalStop=false toolCalls=119 nudgeMsg=no
[2026-07-29T06:49:36.026Z] LiveUpdateForge: AfterToolExec flush
[2026-07-29T06:49:36.148Z] InitialReadForge.onBeforeSend: SKIP (fr=true syn=false hasRead=true)
[2026-07-29T06:49:43.687Z] LiveUpdateForge: EndTurn fallback flush
[2026-07-29T06:49:43.688Z] onEndTurn: naturalStop=false toolCalls=120 nudgeMsg=no
[2026-07-29T06:49:43.819Z] LiveUpdateForge: AfterToolExec flush
[2026-07-29T06:49:43.890Z] InitialReadForge.onBeforeSend: SKIP (fr=true syn=false hasRead=true)
[2026-07-29T06:52:09.254Z] LiveUpdateForge: EndTurn fallback flush
[2026-07-29T06:52:09.254Z] onEndTurn: naturalStop=false toolCalls=121 nudgeMsg=no
[2026-07-29T06:52:09.868Z] LiveUpdateForge: AfterToolExec flush
[2026-07-29T06:52:09.957Z] InitialReadForge.onBeforeSend: SKIP (fr=true syn=false hasRead=true)
[2026-07-29T06:52:28.593Z] LiveUpdateForge: EndTurn fallback flush
[2026-07-29T06:52:28.593Z] onEndTurn: naturalStop=false toolCalls=122 nudgeMsg=no
[2026-07-29T06:52:29.079Z] LiveUpdateForge: AfterToolExec flush
[2026-07-29T06:52:29.243Z] InitialReadForge.onBeforeSend: SKIP (fr=true syn=false hasRead=true)
[2026-07-29T06:53:23.555Z] LiveUpdateForge: EndTurn fallback flush
[2026-07-29T06:53:23.555Z] onEndTurn: naturalStop=false toolCalls=123 nudgeMsg=no
[2026-07-29T06:53:24.106Z] LiveUpdateForge: AfterToolExec flush
[2026-07-29T06:53:24.199Z] InitialReadForge.onBeforeSend: SKIP (fr=true syn=false hasRead=true)
[2026-07-29T06:53:40.508Z] LiveUpdateForge: EndTurn fallback flush
[2026-07-29T06:53:40.509Z] onEndTurn: naturalStop=false toolCalls=124 nudgeMsg=no
[2026-07-29T06:53:41.934Z] LiveUpdateForge: AfterToolExec flush
[2026-07-29T06:53:42.055Z] InitialReadForge.onBeforeSend: SKIP (fr=true syn=false hasRead=true)
[2026-07-29T06:56:45.301Z] LiveUpdateForge: EndTurn fallback flush
[2026-07-29T06:56:45.302Z] onEndTurn: naturalStop=false toolCalls=125 nudgeMsg=no
[2026-07-29T06:56:45.814Z] LiveUpdateForge: AfterToolExec flush
[2026-07-29T06:56:45.898Z] InitialReadForge.onBeforeSend: SKIP (fr=true syn=false hasRead=true)
[2026-07-29T06:56:57.930Z] LiveUpdateForge: EndTurn fallback flush
[2026-07-29T06:56:57.931Z] onEndTurn: naturalStop=false toolCalls=126 nudgeMsg=no
[2026-07-29T06:56:57.945Z] LiveUpdateForge: AfterToolExec flush
[2026-07-29T06:56:58.015Z] InitialReadForge.onBeforeSend: SKIP (fr=true syn=false hasRead=true)
[2026-07-29T06:57:28.119Z] LiveUpdateForge: EndTurn fallback flush
[2026-07-29T06:57:28.119Z] onEndTurn: naturalStop=false toolCalls=127 nudgeMsg=no
[2026-07-29T06:57:28.535Z] LiveUpdateForge: AfterToolExec flush
[2026-07-29T06:57:28.618Z] InitialReadForge.onBeforeSend: SKIP (fr=true syn=false hasRead=true)
[2026-07-29T06:57:57.971Z] LiveUpdateForge: EndTurn fallback flush
[2026-07-29T06:57:57.972Z] onEndTurn: naturalStop=false toolCalls=128 nudgeMsg=no
[2026-07-29T06:57:57.985Z] LiveUpdateForge: AfterToolExec flush
[2026-07-29T06:57:58.063Z] InitialReadForge.onBeforeSend: SKIP (fr=true syn=false hasRead=true)
[2026-07-29T06:58:16.992Z] LiveUpdateForge: EndTurn fallback flush
[2026-07-29T06:58:16.993Z] onEndTurn: naturalStop=false toolCalls=129 nudgeMsg=no
[2026-07-29T06:58:17.014Z] LiveUpdateForge: AfterToolExec flush
[2026-07-29T06:58:17.091Z] InitialReadForge.onBeforeSend: SKIP (fr=true syn=false hasRead=true)
[2026-07-29T06:58:26.176Z] LiveUpdateForge: EndTurn fallback flush
[2026-07-29T06:58:26.177Z] onEndTurn: naturalStop=false toolCalls=130 nudgeMsg=no
[2026-07-29T06:58:26.289Z] LiveUpdateForge: AfterToolExec flush
[2026-07-29T06:58:26.357Z] InitialReadForge.onBeforeSend: SKIP (fr=true syn=false hasRead=true)
[2026-07-29T06:58:47.493Z] LiveUpdateForge: EndTurn fallback flush
[2026-07-29T06:58:47.493Z] onEndTurn: naturalStop=false toolCalls=131 nudgeMsg=no
[2026-07-29T06:58:49.708Z] LiveUpdateForge: AfterToolExec flush
[2026-07-29T06:58:49.905Z] InitialReadForge.onBeforeSend: SKIP (fr=true syn=false hasRead=true)
[2026-07-29T06:59:16.037Z] LiveUpdateForge: EndTurn fallback flush
[2026-07-29T06:59:16.038Z] onEndTurn: naturalStop=false toolCalls=132 nudgeMsg=no
[2026-07-29T06:59:16.055Z] LiveUpdateForge: AfterToolExec flush
[2026-07-29T06:59:16.124Z] InitialReadForge.onBeforeSend: SKIP (fr=true syn=false hasRead=true)
[2026-07-29T06:59:55.155Z] LiveUpdateForge: EndTurn fallback flush
[2026-07-29T06:59:55.155Z] onEndTurn: naturalStop=false toolCalls=133 nudgeMsg=no
[2026-07-29T06:59:55.360Z] LiveUpdateForge: AfterToolExec flush
[2026-07-29T06:59:55.436Z] InitialReadForge.onBeforeSend: SKIP (fr=true syn=false hasRead=true)
[2026-07-29T07:00:04.868Z] LiveUpdateForge: EndTurn fallback flush
[2026-07-29T07:00:04.869Z] onEndTurn: naturalStop=false toolCalls=134 nudgeMsg=no
[2026-07-29T07:00:36.381Z] LiveUpdateForge: AfterToolExec flush
[2026-07-29T07:00:36.468Z] InitialReadForge.onBeforeSend: SKIP (fr=true syn=false hasRead=true)
[2026-07-29T07:00:56.350Z] LiveUpdateForge: EndTurn fallback flush
[2026-07-29T07:00:56.351Z] onEndTurn: naturalStop=false toolCalls=135 nudgeMsg=no
[2026-07-29T07:00:56.827Z] LiveUpdateForge: AfterToolExec flush
[2026-07-29T07:00:56.909Z] InitialReadForge.onBeforeSend: SKIP (fr=true syn=false hasRead=true)
[2026-07-29T07:24:39.077Z] ResumeDiffForge: running checkResumeConsistency
[2026-07-29T07:24:39.079Z] checkResumeConsistency: forgedTimestamps=[["project","1970-01-01T00:00:00.000Z"]]
[2026-07-29T07:24:39.276Z] checkResumeConsistency: injecting 1 diff notification(s)
[2026-07-29T07:24:39.335Z] injectForgedHistory: role=user preview="[agent-auto] [memory-update 2026-07-29 13:10:18] project memory file has been mo"
[2026-07-29T07:24:39.438Z] injectForgedHistory: recordMessage persisted
[2026-07-29T07:24:39.439Z] LiveUpdateForge: session reset, allowLiveUpdate = false
[2026-07-29T07:24:39.439Z] NudgeForge: ResumeComplete — restoring count from history
[2026-07-29T07:24:39.441Z] restoreNudgeCountFromHistory: found last write at idx=1678 count=136
[2026-07-29T07:24:39.580Z] LiveUpdateForge: allowLiveUpdate = true (first real BeforeSend)
[2026-07-29T07:24:39.582Z] InitialReadForge.onBeforeSend: SKIP (fr=false syn=false hasRead=true)
[2026-07-29T07:27:05.137Z] LiveUpdateForge: EndTurn fallback flush
[2026-07-29T07:27:05.137Z] onEndTurn: naturalStop=false toolCalls=136 nudgeMsg=no
[2026-07-29T07:27:05.747Z] LiveUpdateForge: AfterToolExec flush
[2026-07-29T07:27:05.825Z] InitialReadForge.onBeforeSend: SKIP (fr=true syn=false hasRead=true)
[2026-07-29T07:27:16.886Z] LiveUpdateForge: EndTurn fallback flush
[2026-07-29T07:27:16.887Z] onEndTurn: naturalStop=false toolCalls=137 nudgeMsg=no
[2026-07-29T07:27:16.904Z] LiveUpdateForge: AfterToolExec flush
[2026-07-29T07:27:16.972Z] InitialReadForge.onBeforeSend: SKIP (fr=true syn=false hasRead=true)
[2026-07-29T07:28:48.119Z] LiveUpdateForge: EndTurn fallback flush
[2026-07-29T07:28:48.119Z] onEndTurn: naturalStop=false toolCalls=138 nudgeMsg=no
[2026-07-29T07:28:48.361Z] LiveUpdateForge: AfterToolExec flush
[2026-07-29T07:28:48.430Z] InitialReadForge.onBeforeSend: SKIP (fr=true syn=false hasRead=true)
[2026-07-29T07:29:00.365Z] LiveUpdateForge: EndTurn fallback flush
[2026-07-29T07:29:00.365Z] onEndTurn: naturalStop=false toolCalls=139 nudgeMsg=no
[2026-07-29T07:29:00.386Z] LiveUpdateForge: AfterToolExec flush
[2026-07-29T07:29:00.469Z] InitialReadForge.onBeforeSend: SKIP (fr=true syn=false hasRead=true)
[2026-07-29T07:29:10.635Z] LiveUpdateForge: EndTurn fallback flush
[2026-07-29T07:29:10.636Z] onEndTurn: naturalStop=false toolCalls=140 nudgeMsg=no
[2026-07-29T07:29:10.655Z] LiveUpdateForge: AfterToolExec flush
[2026-07-29T07:29:10.732Z] InitialReadForge.onBeforeSend: SKIP (fr=true syn=false hasRead=true)
[2026-07-29T07:29:36.612Z] LiveUpdateForge: EndTurn fallback flush
[2026-07-29T07:29:36.613Z] onEndTurn: naturalStop=false toolCalls=141 nudgeMsg=no
[2026-07-29T07:29:36.737Z] LiveUpdateForge: AfterToolExec flush
[2026-07-29T07:29:36.806Z] InitialReadForge.onBeforeSend: SKIP (fr=true syn=false hasRead=true)
[2026-07-29T07:30:19.077Z] LiveUpdateForge: EndTurn fallback flush
[2026-07-29T07:30:19.077Z] onEndTurn: naturalStop=false toolCalls=142 nudgeMsg=no
[2026-07-29T07:30:19.091Z] LiveUpdateForge: AfterToolExec flush
[2026-07-29T07:30:19.157Z] InitialReadForge.onBeforeSend: SKIP (fr=true syn=false hasRead=true)
[2026-07-29T07:30:39.906Z] LiveUpdateForge: EndTurn fallback flush
[2026-07-29T07:30:39.907Z] onEndTurn: naturalStop=false toolCalls=143 nudgeMsg=no
[2026-07-29T07:30:39.921Z] LiveUpdateForge: AfterToolExec flush
[2026-07-29T07:30:39.996Z] InitialReadForge.onBeforeSend: SKIP (fr=true syn=false hasRead=true)
[2026-07-29T07:31:27.068Z] LiveUpdateForge: EndTurn fallback flush
[2026-07-29T07:31:27.069Z] onEndTurn: naturalStop=false toolCalls=144 nudgeMsg=no
[2026-07-29T07:31:27.630Z] LiveUpdateForge: AfterToolExec flush
[2026-07-29T07:31:27.714Z] InitialReadForge.onBeforeSend: SKIP (fr=true syn=false hasRead=true)
[2026-07-29T07:31:56.220Z] LiveUpdateForge: EndTurn fallback flush
[2026-07-29T07:31:56.221Z] onEndTurn: naturalStop=false toolCalls=145 nudgeMsg=no
[2026-07-29T07:32:13.432Z] LiveUpdateForge: AfterToolExec flush
[2026-07-29T07:32:13.541Z] InitialReadForge.onBeforeSend: SKIP (fr=true syn=false hasRead=true)
[2026-07-29T07:33:47.850Z] LiveUpdateForge: EndTurn fallback flush
[2026-07-29T07:33:47.851Z] onEndTurn: naturalStop=false toolCalls=146 nudgeMsg=no
[2026-07-29T07:33:47.896Z] LiveUpdateForge: AfterToolExec flush
[2026-07-29T07:33:47.965Z] InitialReadForge.onBeforeSend: SKIP (fr=true syn=false hasRead=true)
[2026-07-29T07:34:05.028Z] LiveUpdateForge: EndTurn fallback flush
[2026-07-29T07:34:05.028Z] onEndTurn: naturalStop=true toolCalls=0 nudgeMsg=YES
[2026-07-29T07:34:05.041Z] InitialReadForge.onBeforeSend: SKIP (fr=false syn=false hasRead=true)
[2026-07-29T07:34:25.021Z] LiveUpdateForge: EndTurn fallback flush
[2026-07-29T07:34:25.022Z] onEndTurn: naturalStop=false toolCalls=0 nudgeMsg=no
[2026-07-29T07:34:25.065Z] LiveUpdateForge: self-write on D:\unity\demo\CODELY.md, baseline aligned
[2026-07-29T07:34:25.067Z] LiveUpdateForge: AfterToolExec flush
[2026-07-29T07:34:25.139Z] InitialReadForge.onBeforeSend: SKIP (fr=true syn=false hasRead=true)
[2026-07-29T07:34:25.702Z] LiveUpdateForge: pending external change on D:\unity\demo\CODELY.md
[2026-07-29T07:34:33.666Z] LiveUpdateForge: EndTurn fallback flush
[2026-07-29T07:34:33.667Z] onEndTurn: naturalStop=true toolCalls=0 nudgeMsg=no
[2026-07-29T07:38:25.379Z] ResumeDiffForge: running checkResumeConsistency
[2026-07-29T07:38:25.382Z] checkResumeConsistency: forgedTimestamps=[["project","1970-01-01T00:00:00.000Z"]]
[2026-07-29T07:38:25.438Z] checkResumeConsistency: injecting 1 diff notification(s)
[2026-07-29T07:38:25.439Z] injectForgedHistory: role=user preview="[agent-auto] [memory-update 2026-07-29 15:34:25] project memory file has been mo"
[2026-07-29T07:38:25.564Z] injectForgedHistory: recordMessage persisted
[2026-07-29T07:38:25.564Z] LiveUpdateForge: session reset, allowLiveUpdate = false
[2026-07-29T07:38:25.565Z] NudgeForge: ResumeComplete — restoring count from history
[2026-07-29T07:38:25.567Z] restoreNudgeCountFromHistory: found last write at idx=2000 count=0
[2026-07-29T07:38:25.776Z] LiveUpdateForge: allowLiveUpdate = true (first real BeforeSend)
[2026-07-29T07:38:25.779Z] InitialReadForge.onBeforeSend: SKIP (fr=false syn=false hasRead=true)
[2026-07-29T07:38:52.785Z] LiveUpdateForge: EndTurn fallback flush
[2026-07-29T07:38:52.786Z] onEndTurn: naturalStop=false toolCalls=0 nudgeMsg=no
[2026-07-29T07:38:53.326Z] LiveUpdateForge: AfterToolExec flush
[2026-07-29T07:38:53.419Z] InitialReadForge.onBeforeSend: SKIP (fr=true syn=false hasRead=true)
[2026-07-29T07:40:34.654Z] LiveUpdateForge: EndTurn fallback flush
[2026-07-29T07:40:34.655Z] onEndTurn: naturalStop=false toolCalls=1 nudgeMsg=no
[2026-07-29T07:40:35.080Z] LiveUpdateForge: AfterToolExec flush
[2026-07-29T07:40:35.197Z] InitialReadForge.onBeforeSend: SKIP (fr=true syn=false hasRead=true)
[2026-07-29T07:42:30.599Z] LiveUpdateForge: EndTurn fallback flush
[2026-07-29T07:42:30.600Z] onEndTurn: naturalStop=false toolCalls=2 nudgeMsg=no
[2026-07-29T07:42:30.627Z] LiveUpdateForge: AfterToolExec flush
[2026-07-29T07:42:30.736Z] InitialReadForge.onBeforeSend: SKIP (fr=true syn=false hasRead=true)
[2026-07-29T07:44:03.521Z] LiveUpdateForge: EndTurn fallback flush
[2026-07-29T07:44:03.521Z] onEndTurn: naturalStop=false toolCalls=3 nudgeMsg=no
[2026-07-29T07:44:03.990Z] LiveUpdateForge: AfterToolExec flush
[2026-07-29T07:44:04.091Z] InitialReadForge.onBeforeSend: SKIP (fr=true syn=false hasRead=true)
[2026-07-29T07:44:19.268Z] LiveUpdateForge: EndTurn fallback flush
[2026-07-29T07:44:19.269Z] onEndTurn: naturalStop=false toolCalls=4 nudgeMsg=no
[2026-07-29T07:44:19.292Z] LiveUpdateForge: AfterToolExec flush
[2026-07-29T07:44:19.393Z] InitialReadForge.onBeforeSend: SKIP (fr=true syn=false hasRead=true)
[2026-07-29T07:44:31.221Z] LiveUpdateForge: EndTurn fallback flush
[2026-07-29T07:44:31.221Z] onEndTurn: naturalStop=false toolCalls=5 nudgeMsg=no
[2026-07-29T07:44:31.243Z] LiveUpdateForge: AfterToolExec flush
[2026-07-29T07:44:31.346Z] InitialReadForge.onBeforeSend: SKIP (fr=true syn=false hasRead=true)
[2026-07-29T07:45:24.511Z] LiveUpdateForge: EndTurn fallback flush
[2026-07-29T07:45:24.511Z] onEndTurn: naturalStop=false toolCalls=6 nudgeMsg=no
[2026-07-29T07:45:25.027Z] LiveUpdateForge: AfterToolExec flush
[2026-07-29T07:45:25.148Z] InitialReadForge.onBeforeSend: SKIP (fr=true syn=false hasRead=true)
[2026-07-29T07:46:26.599Z] LiveUpdateForge: EndTurn fallback flush
[2026-07-29T07:46:26.600Z] onEndTurn: naturalStop=false toolCalls=7 nudgeMsg=no
[2026-07-29T07:46:26.624Z] LiveUpdateForge: AfterToolExec flush
[2026-07-29T07:46:26.730Z] InitialReadForge.onBeforeSend: SKIP (fr=true syn=false hasRead=true)
[2026-07-29T07:46:34.683Z] LiveUpdateForge: EndTurn fallback flush
[2026-07-29T07:46:34.684Z] onEndTurn: naturalStop=false toolCalls=8 nudgeMsg=no
[2026-07-29T07:46:35.141Z] LiveUpdateForge: AfterToolExec flush
[2026-07-29T07:46:35.243Z] InitialReadForge.onBeforeSend: SKIP (fr=true syn=false hasRead=true)
[2026-07-29T07:47:02.640Z] LiveUpdateForge: EndTurn fallback flush
[2026-07-29T07:47:02.640Z] onEndTurn: naturalStop=false toolCalls=9 nudgeMsg=no
[2026-07-29T07:47:02.661Z] LiveUpdateForge: AfterToolExec flush
[2026-07-29T07:47:02.756Z] InitialReadForge.onBeforeSend: SKIP (fr=true syn=false hasRead=true)
[2026-07-29T07:47:10.339Z] LiveUpdateForge: EndTurn fallback flush
[2026-07-29T07:47:10.339Z] onEndTurn: naturalStop=false toolCalls=10 nudgeMsg=no
[2026-07-29T07:47:10.359Z] LiveUpdateForge: AfterToolExec flush
[2026-07-29T07:47:10.452Z] InitialReadForge.onBeforeSend: SKIP (fr=true syn=false hasRead=true)
[2026-07-29T07:47:31.338Z] LiveUpdateForge: EndTurn fallback flush
[2026-07-29T07:47:31.339Z] onEndTurn: naturalStop=false toolCalls=11 nudgeMsg=no
[2026-07-29T07:47:31.568Z] LiveUpdateForge: AfterToolExec flush
[2026-07-29T07:47:31.664Z] InitialReadForge.onBeforeSend: SKIP (fr=true syn=false hasRead=true)
[2026-07-29T07:47:47.889Z] LiveUpdateForge: EndTurn fallback flush
[2026-07-29T07:47:47.890Z] onEndTurn: naturalStop=false toolCalls=12 nudgeMsg=no
[2026-07-29T07:47:48.019Z] LiveUpdateForge: AfterToolExec flush
[2026-07-29T07:47:48.129Z] InitialReadForge.onBeforeSend: SKIP (fr=true syn=false hasRead=true)
[2026-07-29T07:49:04.054Z] LiveUpdateForge: EndTurn fallback flush
[2026-07-29T07:49:04.056Z] onEndTurn: naturalStop=false toolCalls=13 nudgeMsg=no
[2026-07-29T07:49:04.079Z] LiveUpdateForge: AfterToolExec flush
[2026-07-29T07:49:04.178Z] InitialReadForge.onBeforeSend: SKIP (fr=true syn=false hasRead=true)
[2026-07-29T07:49:21.863Z] LiveUpdateForge: EndTurn fallback flush
[2026-07-29T07:49:21.864Z] onEndTurn: naturalStop=false toolCalls=14 nudgeMsg=no
[2026-07-29T07:49:22.240Z] LiveUpdateForge: AfterToolExec flush
[2026-07-29T07:49:22.328Z] InitialReadForge.onBeforeSend: SKIP (fr=true syn=false hasRead=true)
[2026-07-29T07:49:31.821Z] LiveUpdateForge: EndTurn fallback flush
[2026-07-29T07:49:31.821Z] onEndTurn: naturalStop=false toolCalls=15 nudgeMsg=no
[2026-07-29T07:49:31.943Z] LiveUpdateForge: AfterToolExec flush
[2026-07-29T07:49:32.039Z] InitialReadForge.onBeforeSend: SKIP (fr=true syn=false hasRead=true)
[2026-07-29T07:49:59.145Z] LiveUpdateForge: EndTurn fallback flush
[2026-07-29T07:49:59.146Z] onEndTurn: naturalStop=false toolCalls=16 nudgeMsg=no
[2026-07-29T07:50:00.190Z] LiveUpdateForge: AfterToolExec flush
[2026-07-29T07:50:00.264Z] InitialReadForge.onBeforeSend: SKIP (fr=true syn=false hasRead=true)
[2026-07-29T07:50:18.963Z] LiveUpdateForge: EndTurn fallback flush
[2026-07-29T07:50:18.964Z] onEndTurn: naturalStop=false toolCalls=17 nudgeMsg=no
[2026-07-29T07:50:20.126Z] LiveUpdateForge: AfterToolExec flush
[2026-07-29T07:50:20.455Z] InitialReadForge.onBeforeSend: SKIP (fr=true syn=false hasRead=true)
[2026-07-29T07:50:47.137Z] LiveUpdateForge: EndTurn fallback flush
[2026-07-29T07:50:47.137Z] onEndTurn: naturalStop=false toolCalls=18 nudgeMsg=no
[2026-07-29T07:50:47.158Z] LiveUpdateForge: AfterToolExec flush
[2026-07-29T07:50:47.235Z] InitialReadForge.onBeforeSend: SKIP (fr=true syn=false hasRead=true)
[2026-07-29T07:51:08.425Z] LiveUpdateForge: EndTurn fallback flush
[2026-07-29T07:51:08.425Z] onEndTurn: naturalStop=false toolCalls=19 nudgeMsg=no
[2026-07-29T07:51:08.441Z] LiveUpdateForge: AfterToolExec flush
[2026-07-29T07:51:08.514Z] InitialReadForge.onBeforeSend: SKIP (fr=true syn=false hasRead=true)
[2026-07-29T07:53:52.237Z] LiveUpdateForge: EndTurn fallback flush
[2026-07-29T07:53:52.237Z] onEndTurn: naturalStop=false toolCalls=20 nudgeMsg=no
[2026-07-29T07:53:55.221Z] LiveUpdateForge: AfterToolExec flush
[2026-07-29T07:53:55.303Z] InitialReadForge.onBeforeSend: SKIP (fr=true syn=false hasRead=true)
[2026-07-29T07:54:57.660Z] LiveUpdateForge: EndTurn fallback flush
[2026-07-29T07:54:57.660Z] onEndTurn: naturalStop=false toolCalls=21 nudgeMsg=no
[2026-07-29T07:54:58.236Z] LiveUpdateForge: AfterToolExec flush
[2026-07-29T07:54:58.333Z] InitialReadForge.onBeforeSend: SKIP (fr=true syn=false hasRead=true)
[2026-07-29T07:55:08.414Z] LiveUpdateForge: EndTurn fallback flush
[2026-07-29T07:55:08.415Z] onEndTurn: naturalStop=false toolCalls=22 nudgeMsg=no
[2026-07-29T07:55:09.597Z] LiveUpdateForge: AfterToolExec flush
[2026-07-29T07:55:09.721Z] InitialReadForge.onBeforeSend: SKIP (fr=true syn=false hasRead=true)
[2026-07-29T07:55:31.143Z] LiveUpdateForge: EndTurn fallback flush
[2026-07-29T07:55:31.144Z] onEndTurn: naturalStop=false toolCalls=23 nudgeMsg=no
[2026-07-29T07:55:31.670Z] LiveUpdateForge: AfterToolExec flush
[2026-07-29T07:55:31.745Z] InitialReadForge.onBeforeSend: SKIP (fr=true syn=false hasRead=true)
[2026-07-29T07:55:50.696Z] LiveUpdateForge: EndTurn fallback flush
[2026-07-29T07:55:50.697Z] onEndTurn: naturalStop=false toolCalls=24 nudgeMsg=no
[2026-07-29T07:55:50.717Z] LiveUpdateForge: AfterToolExec flush
[2026-07-29T07:55:50.795Z] InitialReadForge.onBeforeSend: SKIP (fr=true syn=false hasRead=true)
[2026-07-29T07:56:15.687Z] LiveUpdateForge: EndTurn fallback flush
[2026-07-29T07:56:15.688Z] onEndTurn: naturalStop=false toolCalls=25 nudgeMsg=no
[2026-07-29T07:56:15.707Z] LiveUpdateForge: AfterToolExec flush
[2026-07-29T07:56:15.772Z] InitialReadForge.onBeforeSend: SKIP (fr=true syn=false hasRead=true)
[2026-07-29T07:57:09.079Z] LiveUpdateForge: EndTurn fallback flush
[2026-07-29T07:57:09.080Z] onEndTurn: naturalStop=false toolCalls=26 nudgeMsg=no
[2026-07-29T07:57:09.242Z] LiveUpdateForge: AfterToolExec flush
[2026-07-29T07:57:09.323Z] InitialReadForge.onBeforeSend: SKIP (fr=true syn=false hasRead=true)
[2026-07-29T07:57:18.597Z] LiveUpdateForge: EndTurn fallback flush
[2026-07-29T07:57:18.598Z] onEndTurn: naturalStop=false toolCalls=27 nudgeMsg=no
[2026-07-29T07:57:18.617Z] LiveUpdateForge: AfterToolExec flush
[2026-07-29T07:57:18.700Z] InitialReadForge.onBeforeSend: SKIP (fr=true syn=false hasRead=true)
[2026-07-29T07:57:34.554Z] LiveUpdateForge: EndTurn fallback flush
[2026-07-29T07:57:34.555Z] onEndTurn: naturalStop=false toolCalls=28 nudgeMsg=no
[2026-07-29T07:57:34.711Z] LiveUpdateForge: AfterToolExec flush
[2026-07-29T07:57:34.803Z] InitialReadForge.onBeforeSend: SKIP (fr=true syn=false hasRead=true)
[2026-07-29T07:57:49.689Z] LiveUpdateForge: EndTurn fallback flush
[2026-07-29T07:57:49.689Z] onEndTurn: naturalStop=false toolCalls=29 nudgeMsg=no
[2026-07-29T07:57:50.378Z] LiveUpdateForge: AfterToolExec flush
[2026-07-29T07:57:50.465Z] InitialReadForge.onBeforeSend: SKIP (fr=true syn=false hasRead=true)
[2026-07-29T07:57:58.313Z] LiveUpdateForge: EndTurn fallback flush
[2026-07-29T07:57:58.314Z] onEndTurn: naturalStop=false toolCalls=30 nudgeMsg=no
[2026-07-29T07:57:58.332Z] LiveUpdateForge: AfterToolExec flush
[2026-07-29T07:57:58.412Z] InitialReadForge.onBeforeSend: SKIP (fr=true syn=false hasRead=true)
[2026-07-29T07:58:11.787Z] LiveUpdateForge: EndTurn fallback flush
[2026-07-29T07:58:11.788Z] onEndTurn: naturalStop=false toolCalls=31 nudgeMsg=no
[2026-07-29T07:58:11.913Z] LiveUpdateForge: AfterToolExec flush
[2026-07-29T07:58:11.996Z] InitialReadForge.onBeforeSend: SKIP (fr=true syn=false hasRead=true)
[2026-07-29T07:58:18.593Z] LiveUpdateForge: EndTurn fallback flush
[2026-07-29T07:58:18.594Z] onEndTurn: naturalStop=false toolCalls=32 nudgeMsg=no
[2026-07-29T07:58:20.597Z] LiveUpdateForge: AfterToolExec flush
[2026-07-29T07:58:20.713Z] InitialReadForge.onBeforeSend: SKIP (fr=true syn=false hasRead=true)
[2026-07-29T07:58:32.419Z] LiveUpdateForge: EndTurn fallback flush
[2026-07-29T07:58:32.420Z] onEndTurn: naturalStop=false toolCalls=33 nudgeMsg=no
[2026-07-29T07:58:32.775Z] LiveUpdateForge: AfterToolExec flush
[2026-07-29T07:58:32.858Z] InitialReadForge.onBeforeSend: SKIP (fr=true syn=false hasRead=true)
[2026-07-29T07:59:08.190Z] LiveUpdateForge: EndTurn fallback flush
[2026-07-29T07:59:08.191Z] onEndTurn: naturalStop=false toolCalls=34 nudgeMsg=no
[2026-07-29T07:59:08.527Z] LiveUpdateForge: AfterToolExec flush
[2026-07-29T07:59:08.616Z] InitialReadForge.onBeforeSend: SKIP (fr=true syn=false hasRead=true)
[2026-07-29T08:01:43.124Z] LiveUpdateForge: EndTurn fallback flush
[2026-07-29T08:01:43.125Z] onEndTurn: naturalStop=false toolCalls=35 nudgeMsg=no
[2026-07-29T08:01:43.145Z] LiveUpdateForge: AfterToolExec flush
[2026-07-29T08:01:43.219Z] InitialReadForge.onBeforeSend: SKIP (fr=true syn=false hasRead=true)
[2026-07-29T08:02:57.104Z] LiveUpdateForge: EndTurn fallback flush
[2026-07-29T08:02:57.105Z] onEndTurn: naturalStop=false toolCalls=36 nudgeMsg=no
[2026-07-29T08:02:57.226Z] LiveUpdateForge: AfterToolExec flush
[2026-07-29T08:02:57.292Z] InitialReadForge.onBeforeSend: SKIP (fr=true syn=false hasRead=true)
[2026-07-29T08:04:53.752Z] LiveUpdateForge: EndTurn fallback flush
[2026-07-29T08:04:53.753Z] onEndTurn: naturalStop=false toolCalls=37 nudgeMsg=no
[2026-07-29T08:05:05.551Z] LiveUpdateForge: AfterToolExec flush
[2026-07-29T08:05:05.631Z] InitialReadForge.onBeforeSend: SKIP (fr=true syn=false hasRead=true)
[2026-07-29T08:05:14.206Z] LiveUpdateForge: EndTurn fallback flush
[2026-07-29T08:05:14.206Z] onEndTurn: naturalStop=true toolCalls=38 nudgeMsg=no
[2026-07-29T08:10:17.993Z] ResumeDiffForge: running checkResumeConsistency
[2026-07-29T08:10:17.995Z] checkResumeConsistency: forgedTimestamps=[["project","1970-01-01T00:00:00.000Z"]]
[2026-07-29T08:10:18.103Z] checkResumeConsistency: injecting 1 diff notification(s)
[2026-07-29T08:10:18.136Z] injectForgedHistory: role=user preview="[agent-auto] [memory-update 2026-07-29 15:34:25] project memory file has been mo"
[2026-07-29T08:10:18.289Z] injectForgedHistory: recordMessage persisted
[2026-07-29T08:10:18.290Z] LiveUpdateForge: session reset, allowLiveUpdate = false
[2026-07-29T08:10:18.291Z] NudgeForge: ResumeComplete — restoring count from history
[2026-07-29T08:10:18.292Z] restoreNudgeCountFromHistory: found last write at idx=2000 count=38
[2026-07-29T08:10:18.441Z] LiveUpdateForge: allowLiveUpdate = true (first real BeforeSend)
[2026-07-29T08:10:18.444Z] InitialReadForge.onBeforeSend: SKIP (fr=false syn=false hasRead=true)
[2026-07-29T08:10:45.758Z] LiveUpdateForge: EndTurn fallback flush
[2026-07-29T08:10:45.759Z] onEndTurn: naturalStop=false toolCalls=38 nudgeMsg=no
[2026-07-29T08:10:58.973Z] LiveUpdateForge: AfterToolExec flush
[2026-07-29T08:10:59.079Z] InitialReadForge.onBeforeSend: SKIP (fr=true syn=false hasRead=true)
[2026-07-29T08:11:13.638Z] LiveUpdateForge: EndTurn fallback flush
[2026-07-29T08:11:13.639Z] onEndTurn: naturalStop=false toolCalls=39 nudgeMsg=no
[2026-07-29T08:11:13.660Z] LiveUpdateForge: AfterToolExec flush
[2026-07-29T08:11:13.749Z] InitialReadForge.onBeforeSend: SKIP (fr=true syn=false hasRead=true)
[2026-07-29T08:13:09.135Z] LiveUpdateForge: EndTurn fallback flush
[2026-07-29T08:13:09.135Z] onEndTurn: naturalStop=false toolCalls=40 nudgeMsg=no
[2026-07-29T08:13:09.469Z] LiveUpdateForge: AfterToolExec flush
[2026-07-29T08:13:09.557Z] InitialReadForge.onBeforeSend: SKIP (fr=true syn=false hasRead=true)
[2026-07-29T08:13:22.915Z] ResumeDiffForge: running checkResumeConsistency
[2026-07-29T08:13:22.917Z] checkResumeConsistency: forgedTimestamps=[["project","1970-01-01T00:00:00.000Z"]]
[2026-07-29T08:13:22.975Z] checkResumeConsistency: injecting 1 diff notification(s)
[2026-07-29T08:13:23.004Z] injectForgedHistory: role=user preview="[agent-auto] [memory-update 2026-07-29 15:34:25] project memory file has been mo"
[2026-07-29T08:13:23.070Z] injectForgedHistory: recordMessage persisted
[2026-07-29T08:13:23.101Z] LiveUpdateForge: session reset, allowLiveUpdate = false
[2026-07-29T08:13:23.101Z] NudgeForge: ResumeComplete — restoring count from history
[2026-07-29T08:13:23.102Z] restoreNudgeCountFromHistory: found last write at idx=2000 count=38
[2026-07-29T08:13:23.210Z] LiveUpdateForge: allowLiveUpdate = true (first real BeforeSend)
[2026-07-29T08:13:23.212Z] InitialReadForge.onBeforeSend: SKIP (fr=false syn=false hasRead=true)
[2026-07-29T08:13:34.928Z] LiveUpdateForge: EndTurn fallback flush
[2026-07-29T08:13:34.929Z] onEndTurn: naturalStop=false toolCalls=38 nudgeMsg=no
[2026-07-29T08:13:35.037Z] LiveUpdateForge: AfterToolExec flush
[2026-07-29T08:13:35.123Z] InitialReadForge.onBeforeSend: SKIP (fr=true syn=false hasRead=true)
[2026-07-29T08:16:12.875Z] LiveUpdateForge: EndTurn fallback flush
[2026-07-29T08:16:12.876Z] onEndTurn: naturalStop=true toolCalls=39 nudgeMsg=no
[2026-07-29T08:19:59.346Z] ResumeDiffForge: running checkResumeConsistency
[2026-07-29T08:19:59.347Z] checkResumeConsistency: forgedTimestamps=[["project","1970-01-01T00:00:00.000Z"]]
[2026-07-29T08:19:59.366Z] checkResumeConsistency: injecting 1 diff notification(s)
[2026-07-29T08:19:59.367Z] injectForgedHistory: role=user preview="[agent-auto] [memory-update 2026-07-29 15:34:25] project memory file has been mo"
[2026-07-29T08:19:59.422Z] injectForgedHistory: recordMessage persisted
[2026-07-29T08:19:59.423Z] LiveUpdateForge: session reset, allowLiveUpdate = false
[2026-07-29T08:19:59.423Z] NudgeForge: ResumeComplete — restoring count from history
[2026-07-29T08:19:59.425Z] restoreNudgeCountFromHistory: found last write at idx=2000 count=39
[2026-07-29T08:19:59.531Z] LiveUpdateForge: allowLiveUpdate = true (first real BeforeSend)
[2026-07-29T08:19:59.533Z] InitialReadForge.onBeforeSend: SKIP (fr=false syn=false hasRead=true)
[2026-07-29T08:20:20.273Z] LiveUpdateForge: EndTurn fallback flush
[2026-07-29T08:20:20.274Z] onEndTurn: naturalStop=false toolCalls=39 nudgeMsg=no
[2026-07-29T08:20:20.300Z] LiveUpdateForge: AfterToolExec flush
[2026-07-29T08:20:20.374Z] InitialReadForge.onBeforeSend: SKIP (fr=true syn=false hasRead=true)
[2026-07-29T08:20:34.116Z] LiveUpdateForge: EndTurn fallback flush
[2026-07-29T08:20:34.116Z] onEndTurn: naturalStop=false toolCalls=40 nudgeMsg=no
[2026-07-29T08:20:34.477Z] LiveUpdateForge: AfterToolExec flush
[2026-07-29T08:20:34.561Z] InitialReadForge.onBeforeSend: SKIP (fr=true syn=false hasRead=true)
[2026-07-29T08:21:37.101Z] LiveUpdateForge: EndTurn fallback flush
[2026-07-29T08:21:37.102Z] onEndTurn: naturalStop=false toolCalls=41 nudgeMsg=no
[2026-07-29T08:21:37.122Z] LiveUpdateForge: AfterToolExec flush
[2026-07-29T08:21:37.194Z] InitialReadForge.onBeforeSend: SKIP (fr=true syn=false hasRead=true)
[2026-07-29T08:22:10.635Z] LiveUpdateForge: EndTurn fallback flush
[2026-07-29T08:22:10.636Z] onEndTurn: naturalStop=false toolCalls=42 nudgeMsg=no
[2026-07-29T08:22:10.654Z] LiveUpdateForge: AfterToolExec flush
[2026-07-29T08:22:10.729Z] InitialReadForge.onBeforeSend: SKIP (fr=true syn=false hasRead=true)
[2026-07-29T08:22:28.663Z] LiveUpdateForge: EndTurn fallback flush
[2026-07-29T08:22:28.664Z] onEndTurn: naturalStop=false toolCalls=43 nudgeMsg=no
[2026-07-29T08:22:28.681Z] LiveUpdateForge: AfterToolExec flush
[2026-07-29T08:22:28.759Z] InitialReadForge.onBeforeSend: SKIP (fr=true syn=false hasRead=true)
[2026-07-29T08:23:17.068Z] LiveUpdateForge: EndTurn fallback flush
[2026-07-29T08:23:17.069Z] onEndTurn: naturalStop=false toolCalls=44 nudgeMsg=no
[2026-07-29T08:23:17.080Z] LiveUpdateForge: AfterToolExec flush
[2026-07-29T08:23:17.188Z] InitialReadForge.onBeforeSend: SKIP (fr=true syn=false hasRead=true)
[2026-07-29T08:23:24.061Z] LiveUpdateForge: EndTurn fallback flush
[2026-07-29T08:23:24.062Z] onEndTurn: naturalStop=false toolCalls=45 nudgeMsg=no
[2026-07-29T08:23:24.078Z] LiveUpdateForge: AfterToolExec flush
[2026-07-29T08:23:24.145Z] InitialReadForge.onBeforeSend: SKIP (fr=true syn=false hasRead=true)
[2026-07-29T08:23:33.346Z] LiveUpdateForge: EndTurn fallback flush
[2026-07-29T08:23:33.346Z] onEndTurn: naturalStop=false toolCalls=46 nudgeMsg=no
[2026-07-29T08:23:33.357Z] LiveUpdateForge: AfterToolExec flush
[2026-07-29T08:23:33.432Z] InitialReadForge.onBeforeSend: SKIP (fr=true syn=false hasRead=true)
[2026-07-29T08:23:43.306Z] LiveUpdateForge: EndTurn fallback flush
[2026-07-29T08:23:43.307Z] onEndTurn: naturalStop=false toolCalls=47 nudgeMsg=no
[2026-07-29T08:23:43.681Z] LiveUpdateForge: AfterToolExec flush
[2026-07-29T08:23:43.769Z] InitialReadForge.onBeforeSend: SKIP (fr=true syn=false hasRead=true)
[2026-07-29T08:24:00.578Z] LiveUpdateForge: EndTurn fallback flush
[2026-07-29T08:24:00.579Z] onEndTurn: naturalStop=false toolCalls=48 nudgeMsg=no
[2026-07-29T08:24:01.006Z] LiveUpdateForge: AfterToolExec flush
[2026-07-29T08:24:01.093Z] InitialReadForge.onBeforeSend: SKIP (fr=true syn=false hasRead=true)
[2026-07-29T08:24:08.727Z] LiveUpdateForge: EndTurn fallback flush
[2026-07-29T08:24:08.727Z] onEndTurn: naturalStop=false toolCalls=49 nudgeMsg=no
[2026-07-29T08:24:09.079Z] LiveUpdateForge: AfterToolExec flush
[2026-07-29T08:24:09.154Z] InitialReadForge.onBeforeSend: SKIP (fr=true syn=false hasRead=true)
[2026-07-29T08:24:36.655Z] LiveUpdateForge: EndTurn fallback flush
[2026-07-29T08:24:36.656Z] onEndTurn: naturalStop=false toolCalls=50 nudgeMsg=no
[2026-07-29T08:24:37.052Z] LiveUpdateForge: AfterToolExec flush
[2026-07-29T08:24:37.144Z] InitialReadForge.onBeforeSend: SKIP (fr=true syn=false hasRead=true)
[2026-07-29T08:24:56.981Z] LiveUpdateForge: EndTurn fallback flush
[2026-07-29T08:24:56.981Z] onEndTurn: naturalStop=false toolCalls=51 nudgeMsg=no
[2026-07-29T08:24:57.339Z] LiveUpdateForge: AfterToolExec flush
[2026-07-29T08:24:57.489Z] InitialReadForge.onBeforeSend: SKIP (fr=true syn=false hasRead=true)
[2026-07-29T08:25:05.164Z] LiveUpdateForge: EndTurn fallback flush
[2026-07-29T08:25:05.164Z] onEndTurn: naturalStop=false toolCalls=52 nudgeMsg=no
[2026-07-29T08:25:05.507Z] LiveUpdateForge: AfterToolExec flush
[2026-07-29T08:25:05.582Z] InitialReadForge.onBeforeSend: SKIP (fr=true syn=false hasRead=true)
[2026-07-29T08:25:13.327Z] LiveUpdateForge: EndTurn fallback flush
[2026-07-29T08:25:13.327Z] onEndTurn: naturalStop=false toolCalls=53 nudgeMsg=no
[2026-07-29T08:25:13.690Z] LiveUpdateForge: AfterToolExec flush
[2026-07-29T08:25:13.768Z] InitialReadForge.onBeforeSend: SKIP (fr=true syn=false hasRead=true)
[2026-07-29T08:26:29.896Z] LiveUpdateForge: EndTurn fallback flush
[2026-07-29T08:26:29.896Z] onEndTurn: naturalStop=false toolCalls=54 nudgeMsg=no
[2026-07-29T08:26:29.912Z] LiveUpdateForge: AfterToolExec flush
[2026-07-29T08:26:30.078Z] InitialReadForge.onBeforeSend: SKIP (fr=true syn=false hasRead=true)
[2026-07-29T08:29:08.704Z] LiveUpdateForge: EndTurn fallback flush
[2026-07-29T08:29:08.705Z] onEndTurn: naturalStop=false toolCalls=55 nudgeMsg=no
[2026-07-29T08:29:08.935Z] LiveUpdateForge: AfterToolExec flush
[2026-07-29T08:29:09.033Z] InitialReadForge.onBeforeSend: SKIP (fr=true syn=false hasRead=true)
[2026-07-29T08:30:05.626Z] LiveUpdateForge: EndTurn fallback flush
[2026-07-29T08:30:05.627Z] onEndTurn: naturalStop=false toolCalls=56 nudgeMsg=no
[2026-07-29T08:30:06.243Z] LiveUpdateForge: AfterToolExec flush
[2026-07-29T08:30:06.393Z] InitialReadForge.onBeforeSend: SKIP (fr=true syn=false hasRead=true)
[2026-07-29T08:30:17.044Z] LiveUpdateForge: EndTurn fallback flush
[2026-07-29T08:30:17.045Z] onEndTurn: naturalStop=false toolCalls=57 nudgeMsg=no
[2026-07-29T08:30:17.381Z] LiveUpdateForge: AfterToolExec flush
[2026-07-29T08:30:17.459Z] InitialReadForge.onBeforeSend: SKIP (fr=true syn=false hasRead=true)
[2026-07-29T08:30:24.238Z] LiveUpdateForge: EndTurn fallback flush
[2026-07-29T08:30:24.239Z] onEndTurn: naturalStop=false toolCalls=58 nudgeMsg=no
[2026-07-29T08:30:24.568Z] LiveUpdateForge: AfterToolExec flush
[2026-07-29T08:30:24.641Z] InitialReadForge.onBeforeSend: SKIP (fr=true syn=false hasRead=true)
[2026-07-29T08:31:10.604Z] LiveUpdateForge: EndTurn fallback flush
[2026-07-29T08:31:10.605Z] onEndTurn: naturalStop=false toolCalls=59 nudgeMsg=no
[2026-07-29T08:31:10.624Z] LiveUpdateForge: AfterToolExec flush
[2026-07-29T08:31:10.773Z] InitialReadForge.onBeforeSend: SKIP (fr=true syn=false hasRead=true)
[2026-07-29T08:31:32.593Z] LiveUpdateForge: EndTurn fallback flush
[2026-07-29T08:31:32.594Z] onEndTurn: naturalStop=false toolCalls=60 nudgeMsg=no
[2026-07-29T08:31:32.605Z] LiveUpdateForge: AfterToolExec flush
[2026-07-29T08:31:32.677Z] InitialReadForge.onBeforeSend: SKIP (fr=true syn=false hasRead=true)
[2026-07-29T08:31:43.538Z] LiveUpdateForge: EndTurn fallback flush
[2026-07-29T08:31:43.539Z] onEndTurn: naturalStop=false toolCalls=61 nudgeMsg=no
[2026-07-29T08:31:43.888Z] LiveUpdateForge: AfterToolExec flush
[2026-07-29T08:31:43.980Z] InitialReadForge.onBeforeSend: SKIP (fr=true syn=false hasRead=true)
[2026-07-29T08:33:07.357Z] LiveUpdateForge: EndTurn fallback flush
[2026-07-29T08:33:07.358Z] onEndTurn: naturalStop=false toolCalls=62 nudgeMsg=no
[2026-07-29T08:33:07.689Z] LiveUpdateForge: AfterToolExec flush
[2026-07-29T08:33:07.885Z] InitialReadForge.onBeforeSend: SKIP (fr=true syn=false hasRead=true)
[2026-07-29T08:34:42.146Z] LiveUpdateForge: EndTurn fallback flush
[2026-07-29T08:34:42.146Z] onEndTurn: naturalStop=false toolCalls=63 nudgeMsg=no
[2026-07-29T08:34:42.555Z] LiveUpdateForge: AfterToolExec flush
[2026-07-29T08:34:42.640Z] InitialReadForge.onBeforeSend: SKIP (fr=true syn=false hasRead=true)
[2026-07-29T08:36:27.787Z] LiveUpdateForge: EndTurn fallback flush
[2026-07-29T08:36:27.788Z] onEndTurn: naturalStop=false toolCalls=64 nudgeMsg=no
[2026-07-29T08:36:29.742Z] LiveUpdateForge: AfterToolExec flush
[2026-07-29T08:36:29.947Z] InitialReadForge.onBeforeSend: SKIP (fr=true syn=false hasRead=true)
[2026-07-29T08:37:10.953Z] LiveUpdateForge: EndTurn fallback flush
[2026-07-29T08:37:10.954Z] onEndTurn: naturalStop=false toolCalls=65 nudgeMsg=no
[2026-07-29T08:37:10.970Z] LiveUpdateForge: AfterToolExec flush
[2026-07-29T08:37:11.108Z] InitialReadForge.onBeforeSend: SKIP (fr=true syn=false hasRead=true)
[2026-07-29T08:37:19.536Z] LiveUpdateForge: EndTurn fallback flush
[2026-07-29T08:37:19.537Z] onEndTurn: naturalStop=false toolCalls=66 nudgeMsg=no
[2026-07-29T08:37:19.880Z] LiveUpdateForge: AfterToolExec flush
[2026-07-29T08:37:19.956Z] InitialReadForge.onBeforeSend: SKIP (fr=true syn=false hasRead=true)
[2026-07-29T08:38:03.987Z] LiveUpdateForge: EndTurn fallback flush
[2026-07-29T08:38:03.988Z] onEndTurn: naturalStop=false toolCalls=67 nudgeMsg=no
[2026-07-29T08:38:04.006Z] LiveUpdateForge: AfterToolExec flush
[2026-07-29T08:38:04.077Z] InitialReadForge.onBeforeSend: SKIP (fr=true syn=false hasRead=true)
[2026-07-29T08:38:49.053Z] LiveUpdateForge: EndTurn fallback flush
[2026-07-29T08:38:49.054Z] onEndTurn: naturalStop=false toolCalls=68 nudgeMsg=no
[2026-07-29T08:38:49.075Z] LiveUpdateForge: AfterToolExec flush
[2026-07-29T08:38:49.268Z] InitialReadForge.onBeforeSend: SKIP (fr=true syn=false hasRead=true)
[2026-07-29T08:39:02.825Z] LiveUpdateForge: EndTurn fallback flush
[2026-07-29T08:39:02.825Z] onEndTurn: naturalStop=false toolCalls=69 nudgeMsg=no
[2026-07-29T08:39:02.859Z] LiveUpdateForge: AfterToolExec flush
[2026-07-29T08:39:03.036Z] InitialReadForge.onBeforeSend: SKIP (fr=true syn=false hasRead=true)
[2026-07-29T08:39:09.847Z] LiveUpdateForge: EndTurn fallback flush
[2026-07-29T08:39:09.848Z] onEndTurn: naturalStop=false toolCalls=70 nudgeMsg=no
[2026-07-29T08:39:09.870Z] LiveUpdateForge: AfterToolExec flush
[2026-07-29T08:39:10.050Z] InitialReadForge.onBeforeSend: SKIP (fr=true syn=false hasRead=true)
[2026-07-29T08:39:23.185Z] LiveUpdateForge: EndTurn fallback flush
[2026-07-29T08:39:23.186Z] onEndTurn: naturalStop=false toolCalls=71 nudgeMsg=no
[2026-07-29T08:39:23.202Z] LiveUpdateForge: AfterToolExec flush
[2026-07-29T08:39:23.280Z] InitialReadForge.onBeforeSend: SKIP (fr=true syn=false hasRead=true)
[2026-07-29T08:39:46.134Z] LiveUpdateForge: EndTurn fallback flush
[2026-07-29T08:39:46.134Z] onEndTurn: naturalStop=false toolCalls=72 nudgeMsg=no
[2026-07-29T08:39:54.895Z] LiveUpdateForge: AfterToolExec flush
[2026-07-29T08:39:54.980Z] InitialReadForge.onBeforeSend: SKIP (fr=true syn=false hasRead=true)
[2026-07-29T08:44:05.135Z] LiveUpdateForge: EndTurn fallback flush
[2026-07-29T08:44:05.135Z] onEndTurn: naturalStop=true toolCalls=0 nudgeMsg=YES
[2026-07-29T08:44:05.149Z] InitialReadForge.onBeforeSend: SKIP (fr=false syn=false hasRead=true)
[2026-07-29T08:44:36.017Z] LiveUpdateForge: EndTurn fallback flush
[2026-07-29T08:44:36.017Z] onEndTurn: naturalStop=false toolCalls=0 nudgeMsg=no
[2026-07-29T08:44:36.057Z] LiveUpdateForge: self-write on D:\unity\demo\CODELY.md, baseline aligned
[2026-07-29T08:44:36.059Z] LiveUpdateForge: AfterToolExec flush
[2026-07-29T08:44:36.132Z] InitialReadForge.onBeforeSend: SKIP (fr=true syn=false hasRead=true)
[2026-07-29T08:44:36.703Z] LiveUpdateForge: pending external change on D:\unity\demo\CODELY.md
[2026-07-29T08:44:51.280Z] LiveUpdateForge: EndTurn fallback flush
[2026-07-29T08:44:51.281Z] onEndTurn: naturalStop=true toolCalls=0 nudgeMsg=no
[2026-07-29T08:47:09.901Z] ResumeDiffForge: running checkResumeConsistency
[2026-07-29T08:47:09.904Z] checkResumeConsistency: forgedTimestamps=[["project","1970-01-01T00:00:00.000Z"]]
[2026-07-29T08:47:09.950Z] checkResumeConsistency: injecting 1 diff notification(s)
[2026-07-29T08:47:09.951Z] injectForgedHistory: role=user preview="[agent-auto] [memory-update 2026-07-29 16:44:36] project memory file has been mo"
[2026-07-29T08:47:10.050Z] injectForgedHistory: recordMessage persisted
[2026-07-29T08:47:10.051Z] LiveUpdateForge: session reset, allowLiveUpdate = false
[2026-07-29T08:47:10.052Z] NudgeForge: ResumeComplete — restoring count from history
[2026-07-29T08:47:10.054Z] restoreNudgeCountFromHistory: found last write at idx=2159 count=0
[2026-07-29T08:47:10.230Z] LiveUpdateForge: allowLiveUpdate = true (first real BeforeSend)
[2026-07-29T08:47:10.233Z] InitialReadForge.onBeforeSend: SKIP (fr=false syn=false hasRead=true)
[2026-07-29T08:47:40.528Z] LiveUpdateForge: EndTurn fallback flush
[2026-07-29T08:47:40.529Z] onEndTurn: naturalStop=false toolCalls=0 nudgeMsg=no
[2026-07-29T08:47:41.058Z] LiveUpdateForge: AfterToolExec flush
[2026-07-29T08:47:41.160Z] InitialReadForge.onBeforeSend: SKIP (fr=true syn=false hasRead=true)
[2026-07-29T08:47:47.868Z] LiveUpdateForge: EndTurn fallback flush
[2026-07-29T08:47:47.869Z] onEndTurn: naturalStop=false toolCalls=1 nudgeMsg=no
[2026-07-29T08:47:47.890Z] LiveUpdateForge: AfterToolExec flush
[2026-07-29T08:47:47.979Z] InitialReadForge.onBeforeSend: SKIP (fr=true syn=false hasRead=true)
[2026-07-29T08:47:57.496Z] LiveUpdateForge: EndTurn fallback flush
[2026-07-29T08:47:57.497Z] onEndTurn: naturalStop=false toolCalls=2 nudgeMsg=no
[2026-07-29T08:47:57.903Z] LiveUpdateForge: AfterToolExec flush
[2026-07-29T08:47:57.994Z] InitialReadForge.onBeforeSend: SKIP (fr=true syn=false hasRead=true)
[2026-07-29T08:48:07.980Z] LiveUpdateForge: EndTurn fallback flush
[2026-07-29T08:48:07.981Z] onEndTurn: naturalStop=false toolCalls=3 nudgeMsg=no
[2026-07-29T08:48:08.002Z] LiveUpdateForge: AfterToolExec flush
[2026-07-29T08:48:08.106Z] InitialReadForge.onBeforeSend: SKIP (fr=true syn=false hasRead=true)
[2026-07-29T08:48:18.394Z] LiveUpdateForge: EndTurn fallback flush
[2026-07-29T08:48:18.394Z] onEndTurn: naturalStop=false toolCalls=4 nudgeMsg=no
[2026-07-29T08:48:18.894Z] LiveUpdateForge: AfterToolExec flush
[2026-07-29T08:48:19.006Z] InitialReadForge.onBeforeSend: SKIP (fr=true syn=false hasRead=true)
[2026-07-29T08:48:27.431Z] LiveUpdateForge: EndTurn fallback flush
[2026-07-29T08:48:27.432Z] onEndTurn: naturalStop=false toolCalls=5 nudgeMsg=no
[2026-07-29T08:48:27.893Z] LiveUpdateForge: AfterToolExec flush
[2026-07-29T08:48:27.987Z] InitialReadForge.onBeforeSend: SKIP (fr=true syn=false hasRead=true)
[2026-07-29T08:49:24.351Z] LiveUpdateForge: EndTurn fallback flush
[2026-07-29T08:49:24.352Z] onEndTurn: naturalStop=false toolCalls=6 nudgeMsg=no
[2026-07-29T08:49:24.372Z] LiveUpdateForge: AfterToolExec flush
[2026-07-29T08:49:24.468Z] InitialReadForge.onBeforeSend: SKIP (fr=true syn=false hasRead=true)
[2026-07-29T08:49:43.046Z] LiveUpdateForge: EndTurn fallback flush
[2026-07-29T08:49:43.052Z] onEndTurn: naturalStop=false toolCalls=7 nudgeMsg=no
[2026-07-29T08:49:43.068Z] LiveUpdateForge: AfterToolExec flush
[2026-07-29T08:49:43.160Z] InitialReadForge.onBeforeSend: SKIP (fr=true syn=false hasRead=true)
[2026-07-29T08:49:52.924Z] LiveUpdateForge: EndTurn fallback flush
[2026-07-29T08:49:52.925Z] onEndTurn: naturalStop=false toolCalls=8 nudgeMsg=no
[2026-07-29T08:49:52.939Z] LiveUpdateForge: AfterToolExec flush
[2026-07-29T08:49:53.026Z] InitialReadForge.onBeforeSend: SKIP (fr=true syn=false hasRead=true)
[2026-07-29T08:51:29.524Z] LiveUpdateForge: EndTurn fallback flush
[2026-07-29T08:51:29.524Z] onEndTurn: naturalStop=false toolCalls=9 nudgeMsg=no
[2026-07-29T08:51:29.539Z] LiveUpdateForge: AfterToolExec flush
[2026-07-29T08:51:29.618Z] InitialReadForge.onBeforeSend: SKIP (fr=true syn=false hasRead=true)
[2026-07-29T08:54:03.728Z] LiveUpdateForge: EndTurn fallback flush
[2026-07-29T08:54:03.728Z] onEndTurn: naturalStop=false toolCalls=10 nudgeMsg=no
[2026-07-29T08:54:04.080Z] LiveUpdateForge: AfterToolExec flush
[2026-07-29T08:54:04.168Z] InitialReadForge.onBeforeSend: SKIP (fr=true syn=false hasRead=true)
[2026-07-29T08:54:31.228Z] LiveUpdateForge: EndTurn fallback flush
[2026-07-29T08:54:31.228Z] onEndTurn: naturalStop=false toolCalls=11 nudgeMsg=no
[2026-07-29T08:54:31.243Z] LiveUpdateForge: AfterToolExec flush
[2026-07-29T08:54:31.313Z] InitialReadForge.onBeforeSend: SKIP (fr=true syn=false hasRead=true)
[2026-07-29T08:54:39.922Z] LiveUpdateForge: EndTurn fallback flush
[2026-07-29T08:54:39.923Z] onEndTurn: naturalStop=false toolCalls=12 nudgeMsg=no
[2026-07-29T08:54:39.938Z] LiveUpdateForge: AfterToolExec flush
[2026-07-29T08:54:40.015Z] InitialReadForge.onBeforeSend: SKIP (fr=true syn=false hasRead=true)
[2026-07-29T08:54:52.443Z] LiveUpdateForge: EndTurn fallback flush
[2026-07-29T08:54:52.444Z] onEndTurn: naturalStop=false toolCalls=13 nudgeMsg=no
[2026-07-29T08:54:52.778Z] LiveUpdateForge: AfterToolExec flush
[2026-07-29T08:54:52.855Z] InitialReadForge.onBeforeSend: SKIP (fr=true syn=false hasRead=true)
[2026-07-29T08:55:05.887Z] LiveUpdateForge: EndTurn fallback flush
[2026-07-29T08:55:05.888Z] onEndTurn: naturalStop=false toolCalls=14 nudgeMsg=no
[2026-07-29T08:55:05.904Z] LiveUpdateForge: AfterToolExec flush
[2026-07-29T08:55:05.971Z] InitialReadForge.onBeforeSend: SKIP (fr=true syn=false hasRead=true)
[2026-07-29T08:55:12.937Z] LiveUpdateForge: EndTurn fallback flush
[2026-07-29T08:55:12.937Z] onEndTurn: naturalStop=false toolCalls=15 nudgeMsg=no
[2026-07-29T08:55:12.952Z] LiveUpdateForge: AfterToolExec flush
[2026-07-29T08:55:13.030Z] InitialReadForge.onBeforeSend: SKIP (fr=true syn=false hasRead=true)
[2026-07-29T09:01:36.770Z] LiveUpdateForge: EndTurn fallback flush
[2026-07-29T09:01:36.772Z] onEndTurn: naturalStop=false toolCalls=16 nudgeMsg=no
[2026-07-29T09:01:39.007Z] LiveUpdateForge: AfterToolExec flush
[2026-07-29T09:01:39.197Z] InitialReadForge.onBeforeSend: SKIP (fr=true syn=false hasRead=true)
[2026-07-29T09:02:26.198Z] LiveUpdateForge: EndTurn fallback flush
[2026-07-29T09:02:26.199Z] onEndTurn: naturalStop=false toolCalls=17 nudgeMsg=no
[2026-07-29T09:02:26.585Z] LiveUpdateForge: AfterToolExec flush
[2026-07-29T09:02:26.842Z] InitialReadForge.onBeforeSend: SKIP (fr=true syn=false hasRead=true)
[2026-07-29T09:03:21.941Z] LiveUpdateForge: EndTurn fallback flush
[2026-07-29T09:03:21.942Z] onEndTurn: naturalStop=false toolCalls=18 nudgeMsg=no
[2026-07-29T09:03:22.085Z] LiveUpdateForge: AfterToolExec flush
[2026-07-29T09:03:22.168Z] InitialReadForge.onBeforeSend: SKIP (fr=true syn=false hasRead=true)
[2026-07-29T09:03:58.167Z] LiveUpdateForge: EndTurn fallback flush
[2026-07-29T09:03:58.168Z] onEndTurn: naturalStop=false toolCalls=19 nudgeMsg=no
[2026-07-29T09:03:58.552Z] LiveUpdateForge: AfterToolExec flush
[2026-07-29T09:03:58.638Z] InitialReadForge.onBeforeSend: SKIP (fr=true syn=false hasRead=true)
[2026-07-29T09:04:19.853Z] LiveUpdateForge: EndTurn fallback flush
[2026-07-29T09:04:19.853Z] onEndTurn: naturalStop=false toolCalls=20 nudgeMsg=no
[2026-07-29T09:04:20.184Z] LiveUpdateForge: AfterToolExec flush
[2026-07-29T09:04:20.261Z] InitialReadForge.onBeforeSend: SKIP (fr=true syn=false hasRead=true)
[2026-07-29T09:04:29.685Z] LiveUpdateForge: EndTurn fallback flush
[2026-07-29T09:04:29.686Z] onEndTurn: naturalStop=false toolCalls=21 nudgeMsg=no
[2026-07-29T09:04:30.041Z] LiveUpdateForge: AfterToolExec flush
[2026-07-29T09:04:30.118Z] InitialReadForge.onBeforeSend: SKIP (fr=true syn=false hasRead=true)
[2026-07-29T09:04:54.611Z] LiveUpdateForge: EndTurn fallback flush
[2026-07-29T09:04:54.612Z] onEndTurn: naturalStop=false toolCalls=22 nudgeMsg=no
[2026-07-29T09:04:54.944Z] LiveUpdateForge: AfterToolExec flush
[2026-07-29T09:04:55.015Z] InitialReadForge.onBeforeSend: SKIP (fr=true syn=false hasRead=true)
[2026-07-29T09:05:42.979Z] LiveUpdateForge: EndTurn fallback flush
[2026-07-29T09:05:42.980Z] onEndTurn: naturalStop=false toolCalls=23 nudgeMsg=no
[2026-07-29T09:05:51.315Z] LiveUpdateForge: AfterToolExec flush
[2026-07-29T09:05:51.421Z] InitialReadForge.onBeforeSend: SKIP (fr=true syn=false hasRead=true)
[2026-07-29T09:06:29.988Z] LiveUpdateForge: EndTurn fallback flush
[2026-07-29T09:06:29.988Z] onEndTurn: naturalStop=false toolCalls=24 nudgeMsg=no
[2026-07-29T09:08:27.019Z] LiveUpdateForge: AfterToolExec flush
[2026-07-29T09:08:27.132Z] InitialReadForge.onBeforeSend: SKIP (fr=true syn=false hasRead=true)
[2026-07-29T09:12:09.015Z] LiveUpdateForge: EndTurn fallback flush
[2026-07-29T09:12:09.015Z] onEndTurn: naturalStop=false toolCalls=25 nudgeMsg=no
[2026-07-29T09:12:09.365Z] LiveUpdateForge: AfterToolExec flush
[2026-07-29T09:12:09.438Z] InitialReadForge.onBeforeSend: SKIP (fr=true syn=false hasRead=true)
[2026-07-29T09:12:45.951Z] LiveUpdateForge: EndTurn fallback flush
[2026-07-29T09:12:45.952Z] onEndTurn: naturalStop=false toolCalls=26 nudgeMsg=no
[2026-07-29T09:12:46.288Z] LiveUpdateForge: AfterToolExec flush
[2026-07-29T09:12:46.367Z] InitialReadForge.onBeforeSend: SKIP (fr=true syn=false hasRead=true)
[2026-07-29T09:13:25.655Z] LiveUpdateForge: EndTurn fallback flush
[2026-07-29T09:13:25.656Z] onEndTurn: naturalStop=false toolCalls=27 nudgeMsg=no
[2026-07-29T09:13:25.878Z] LiveUpdateForge: AfterToolExec flush
[2026-07-29T09:13:25.943Z] InitialReadForge.onBeforeSend: SKIP (fr=true syn=false hasRead=true)
[2026-07-29T09:13:42.728Z] LiveUpdateForge: EndTurn fallback flush
[2026-07-29T09:13:42.728Z] onEndTurn: naturalStop=false toolCalls=28 nudgeMsg=no
[2026-07-29T09:13:45.040Z] LiveUpdateForge: AfterToolExec flush
[2026-07-29T09:13:45.172Z] InitialReadForge.onBeforeSend: SKIP (fr=true syn=false hasRead=true)
[2026-07-29T09:15:42.750Z] LiveUpdateForge: EndTurn fallback flush
[2026-07-29T09:15:42.751Z] onEndTurn: naturalStop=false toolCalls=29 nudgeMsg=no
[2026-07-29T09:15:42.770Z] LiveUpdateForge: AfterToolExec flush
[2026-07-29T09:15:42.914Z] InitialReadForge.onBeforeSend: SKIP (fr=true syn=false hasRead=true)
[2026-07-29T09:16:52.298Z] LiveUpdateForge: EndTurn fallback flush
[2026-07-29T09:16:52.298Z] onEndTurn: naturalStop=false toolCalls=30 nudgeMsg=no
[2026-07-29T09:17:12.652Z] LiveUpdateForge: AfterToolExec flush
[2026-07-29T09:17:12.761Z] InitialReadForge.onBeforeSend: SKIP (fr=true syn=false hasRead=true)
[2026-07-29T09:21:06.360Z] LiveUpdateForge: EndTurn fallback flush
[2026-07-29T09:21:06.360Z] onEndTurn: naturalStop=false toolCalls=31 nudgeMsg=no
[2026-07-29T09:22:34.075Z] LiveUpdateForge: AfterToolExec flush
[2026-07-29T09:22:34.176Z] InitialReadForge.onBeforeSend: SKIP (fr=true syn=false hasRead=true)
[2026-07-29T09:23:02.556Z] LiveUpdateForge: EndTurn fallback flush
[2026-07-29T09:23:02.557Z] onEndTurn: naturalStop=false toolCalls=32 nudgeMsg=no
[2026-07-29T09:23:02.578Z] LiveUpdateForge: AfterToolExec flush
[2026-07-29T09:23:02.660Z] InitialReadForge.onBeforeSend: SKIP (fr=true syn=false hasRead=true)
[2026-07-29T09:23:17.580Z] LiveUpdateForge: EndTurn fallback flush
[2026-07-29T09:23:17.580Z] onEndTurn: naturalStop=false toolCalls=33 nudgeMsg=no
[2026-07-29T09:23:32.267Z] LiveUpdateForge: AfterToolExec flush
[2026-07-29T09:23:32.362Z] InitialReadForge.onBeforeSend: SKIP (fr=true syn=false hasRead=true)
[2026-07-29T09:25:02.096Z] LiveUpdateForge: EndTurn fallback flush
[2026-07-29T09:25:02.096Z] onEndTurn: naturalStop=false toolCalls=34 nudgeMsg=no
[2026-07-29T09:27:12.202Z] LiveUpdateForge: AfterToolExec flush
[2026-07-29T09:27:12.305Z] InitialReadForge.onBeforeSend: SKIP (fr=true syn=false hasRead=true)
[2026-07-29T09:30:58.158Z] LiveUpdateForge: EndTurn fallback flush
[2026-07-29T09:30:58.159Z] onEndTurn: naturalStop=false toolCalls=35 nudgeMsg=no
[2026-07-29T09:31:40.935Z] LiveUpdateForge: AfterToolExec flush
[2026-07-29T09:31:41.035Z] InitialReadForge.onBeforeSend: SKIP (fr=true syn=false hasRead=true)
[2026-07-29T09:33:22.968Z] LiveUpdateForge: EndTurn fallback flush
[2026-07-29T09:33:22.968Z] onEndTurn: naturalStop=false toolCalls=36 nudgeMsg=no
[2026-07-29T09:33:35.231Z] LiveUpdateForge: AfterToolExec flush
[2026-07-29T09:33:35.344Z] InitialReadForge.onBeforeSend: SKIP (fr=true syn=false hasRead=true)
[2026-07-29T09:33:49.019Z] LiveUpdateForge: EndTurn fallback flush
[2026-07-29T09:33:49.020Z] onEndTurn: naturalStop=false toolCalls=37 nudgeMsg=no
[2026-07-29T09:34:30.021Z] LiveUpdateForge: AfterToolExec flush
[2026-07-29T09:34:30.171Z] InitialReadForge.onBeforeSend: SKIP (fr=true syn=false hasRead=true)
[2026-07-29T09:35:01.847Z] LiveUpdateForge: EndTurn fallback flush
[2026-07-29T09:35:01.848Z] onEndTurn: naturalStop=false toolCalls=38 nudgeMsg=no
[2026-07-29T09:35:13.189Z] LiveUpdateForge: AfterToolExec flush
[2026-07-29T09:35:13.297Z] InitialReadForge.onBeforeSend: SKIP (fr=true syn=false hasRead=true)
[2026-07-29T09:35:45.668Z] LiveUpdateForge: EndTurn fallback flush
[2026-07-29T09:35:45.669Z] onEndTurn: naturalStop=false toolCalls=39 nudgeMsg=no
[2026-07-29T09:35:46.080Z] LiveUpdateForge: AfterToolExec flush
[2026-07-29T09:35:46.166Z] InitialReadForge.onBeforeSend: SKIP (fr=true syn=false hasRead=true)
[2026-07-29T09:36:16.852Z] LiveUpdateForge: EndTurn fallback flush
[2026-07-29T09:36:16.853Z] onEndTurn: naturalStop=false toolCalls=40 nudgeMsg=no
[2026-07-29T09:36:17.304Z] LiveUpdateForge: AfterToolExec flush
[2026-07-29T09:36:17.394Z] InitialReadForge.onBeforeSend: SKIP (fr=true syn=false hasRead=true)
[2026-07-29T09:36:32.329Z] LiveUpdateForge: EndTurn fallback flush
[2026-07-29T09:36:32.330Z] onEndTurn: naturalStop=false toolCalls=41 nudgeMsg=no
[2026-07-29T09:36:45.944Z] LiveUpdateForge: AfterToolExec flush
[2026-07-29T09:36:46.080Z] InitialReadForge.onBeforeSend: SKIP (fr=true syn=false hasRead=true)
[2026-07-29T09:37:01.152Z] LiveUpdateForge: EndTurn fallback flush
[2026-07-29T09:37:01.153Z] onEndTurn: naturalStop=false toolCalls=42 nudgeMsg=no
[2026-07-29T09:37:01.741Z] LiveUpdateForge: AfterToolExec flush
[2026-07-29T09:37:01.855Z] InitialReadForge.onBeforeSend: SKIP (fr=true syn=false hasRead=true)
[2026-07-29T09:37:57.076Z] LiveUpdateForge: EndTurn fallback flush
[2026-07-29T09:37:57.077Z] onEndTurn: naturalStop=false toolCalls=43 nudgeMsg=no
[2026-07-29T09:37:57.561Z] LiveUpdateForge: AfterToolExec flush
[2026-07-29T09:37:57.680Z] InitialReadForge.onBeforeSend: SKIP (fr=true syn=false hasRead=true)
[2026-07-29T09:38:07.724Z] LiveUpdateForge: EndTurn fallback flush
[2026-07-29T09:38:07.725Z] onEndTurn: naturalStop=false toolCalls=44 nudgeMsg=no
[2026-07-29T09:38:08.208Z] LiveUpdateForge: AfterToolExec flush
[2026-07-29T09:38:08.303Z] InitialReadForge.onBeforeSend: SKIP (fr=true syn=false hasRead=true)
[2026-07-29T09:38:29.569Z] LiveUpdateForge: EndTurn fallback flush
[2026-07-29T09:38:29.570Z] onEndTurn: naturalStop=false toolCalls=45 nudgeMsg=no
[2026-07-29T09:38:30.001Z] LiveUpdateForge: AfterToolExec flush
[2026-07-29T09:38:30.103Z] InitialReadForge.onBeforeSend: SKIP (fr=true syn=false hasRead=true)
[2026-07-29T09:39:46.263Z] LiveUpdateForge: EndTurn fallback flush
[2026-07-29T09:39:46.264Z] onEndTurn: naturalStop=false toolCalls=46 nudgeMsg=no
[2026-07-29T09:39:57.705Z] LiveUpdateForge: AfterToolExec flush
[2026-07-29T09:39:57.812Z] InitialReadForge.onBeforeSend: SKIP (fr=true syn=false hasRead=true)
[2026-07-29T09:40:42.363Z] LiveUpdateForge: EndTurn fallback flush
[2026-07-29T09:40:42.364Z] onEndTurn: naturalStop=false toolCalls=47 nudgeMsg=no
[2026-07-29T09:41:43.097Z] LiveUpdateForge: AfterToolExec flush
[2026-07-29T09:41:43.205Z] InitialReadForge.onBeforeSend: SKIP (fr=true syn=false hasRead=true)
[2026-07-29T09:42:39.067Z] LiveUpdateForge: EndTurn fallback flush
[2026-07-29T09:42:39.068Z] onEndTurn: naturalStop=false toolCalls=48 nudgeMsg=no
[2026-07-29T09:43:16.567Z] LiveUpdateForge: AfterToolExec flush
[2026-07-29T09:43:16.660Z] InitialReadForge.onBeforeSend: SKIP (fr=true syn=false hasRead=true)
[2026-07-29T09:43:56.331Z] LiveUpdateForge: EndTurn fallback flush
[2026-07-29T09:43:56.332Z] onEndTurn: naturalStop=false toolCalls=49 nudgeMsg=no
[2026-07-29T09:44:01.882Z] LiveUpdateForge: AfterToolExec flush
[2026-07-29T09:44:01.990Z] InitialReadForge.onBeforeSend: SKIP (fr=true syn=false hasRead=true)
[2026-07-29T09:46:17.964Z] LiveUpdateForge: EndTurn fallback flush
[2026-07-29T09:46:17.965Z] onEndTurn: naturalStop=false toolCalls=50 nudgeMsg=no
[2026-07-29T09:46:18.371Z] LiveUpdateForge: AfterToolExec flush
[2026-07-29T09:46:18.487Z] InitialReadForge.onBeforeSend: SKIP (fr=true syn=false hasRead=true)
[2026-07-29T09:47:25.496Z] LiveUpdateForge: EndTurn fallback flush
[2026-07-29T09:47:25.497Z] onEndTurn: naturalStop=false toolCalls=51 nudgeMsg=no
[2026-07-29T09:47:25.899Z] LiveUpdateForge: AfterToolExec flush
[2026-07-29T09:47:25.991Z] InitialReadForge.onBeforeSend: SKIP (fr=true syn=false hasRead=true)
[2026-07-29T09:47:47.881Z] LiveUpdateForge: EndTurn fallback flush
[2026-07-29T09:47:47.882Z] onEndTurn: naturalStop=false toolCalls=52 nudgeMsg=no
[2026-07-29T09:47:55.194Z] LiveUpdateForge: AfterToolExec flush
[2026-07-29T09:47:55.307Z] InitialReadForge.onBeforeSend: SKIP (fr=true syn=false hasRead=true)
[2026-07-29T09:48:19.114Z] LiveUpdateForge: EndTurn fallback flush
[2026-07-29T09:48:19.115Z] onEndTurn: naturalStop=false toolCalls=53 nudgeMsg=no
[2026-07-29T09:48:24.789Z] LiveUpdateForge: AfterToolExec flush
[2026-07-29T09:48:24.898Z] InitialReadForge.onBeforeSend: SKIP (fr=true syn=false hasRead=true)
[2026-07-29T09:48:48.598Z] LiveUpdateForge: EndTurn fallback flush
[2026-07-29T09:48:48.599Z] onEndTurn: naturalStop=false toolCalls=54 nudgeMsg=no
[2026-07-29T09:48:48.957Z] LiveUpdateForge: AfterToolExec flush
[2026-07-29T09:48:49.044Z] InitialReadForge.onBeforeSend: SKIP (fr=true syn=false hasRead=true)
[2026-07-29T09:50:40.523Z] LiveUpdateForge: EndTurn fallback flush
[2026-07-29T09:50:40.524Z] onEndTurn: naturalStop=false toolCalls=55 nudgeMsg=no
[2026-07-29T09:51:07.494Z] LiveUpdateForge: AfterToolExec flush
[2026-07-29T09:51:07.591Z] InitialReadForge.onBeforeSend: SKIP (fr=true syn=false hasRead=true)
[2026-07-29T09:51:22.874Z] LiveUpdateForge: EndTurn fallback flush
[2026-07-29T09:51:22.875Z] onEndTurn: naturalStop=false toolCalls=56 nudgeMsg=no
[2026-07-29T09:51:23.248Z] LiveUpdateForge: AfterToolExec flush
[2026-07-29T09:51:23.325Z] InitialReadForge.onBeforeSend: SKIP (fr=true syn=false hasRead=true)
[2026-07-29T09:51:38.912Z] LiveUpdateForge: EndTurn fallback flush
[2026-07-29T09:51:38.913Z] onEndTurn: naturalStop=false toolCalls=57 nudgeMsg=no
[2026-07-29T09:51:38.937Z] LiveUpdateForge: AfterToolExec flush
[2026-07-29T09:51:39.023Z] InitialReadForge.onBeforeSend: SKIP (fr=true syn=false hasRead=true)
[2026-07-29T09:52:08.251Z] LiveUpdateForge: EndTurn fallback flush
[2026-07-29T09:52:08.252Z] onEndTurn: naturalStop=false toolCalls=58 nudgeMsg=no
[2026-07-29T09:52:13.721Z] LiveUpdateForge: AfterToolExec flush
[2026-07-29T09:52:13.833Z] InitialReadForge.onBeforeSend: SKIP (fr=true syn=false hasRead=true)
[2026-07-29T09:52:24.780Z] LiveUpdateForge: EndTurn fallback flush
[2026-07-29T09:52:24.781Z] onEndTurn: naturalStop=false toolCalls=59 nudgeMsg=no
[2026-07-29T09:52:25.390Z] LiveUpdateForge: AfterToolExec flush
[2026-07-29T09:52:25.480Z] InitialReadForge.onBeforeSend: SKIP (fr=true syn=false hasRead=true)
[2026-07-29T09:52:46.408Z] LiveUpdateForge: EndTurn fallback flush
[2026-07-29T09:52:46.408Z] onEndTurn: naturalStop=false toolCalls=60 nudgeMsg=no
[2026-07-29T09:52:47.070Z] LiveUpdateForge: AfterToolExec flush
[2026-07-29T09:52:47.174Z] InitialReadForge.onBeforeSend: SKIP (fr=true syn=false hasRead=true)
[2026-07-29T09:53:01.281Z] LiveUpdateForge: EndTurn fallback flush
[2026-07-29T09:53:01.281Z] onEndTurn: naturalStop=false toolCalls=61 nudgeMsg=no
[2026-07-29T09:53:01.981Z] LiveUpdateForge: AfterToolExec flush
[2026-07-29T09:53:02.065Z] InitialReadForge.onBeforeSend: SKIP (fr=true syn=false hasRead=true)
[2026-07-29T09:53:20.831Z] LiveUpdateForge: EndTurn fallback flush
[2026-07-29T09:53:20.831Z] onEndTurn: naturalStop=false toolCalls=62 nudgeMsg=no
[2026-07-29T09:53:21.679Z] LiveUpdateForge: AfterToolExec flush
[2026-07-29T09:53:21.755Z] InitialReadForge.onBeforeSend: SKIP (fr=true syn=false hasRead=true)
[2026-07-29T09:53:51.034Z] LiveUpdateForge: EndTurn fallback flush
[2026-07-29T09:53:51.035Z] onEndTurn: naturalStop=false toolCalls=63 nudgeMsg=no
[2026-07-29T09:53:51.613Z] LiveUpdateForge: AfterToolExec flush
[2026-07-29T09:53:51.710Z] InitialReadForge.onBeforeSend: SKIP (fr=true syn=false hasRead=true)
[2026-07-29T09:53:59.950Z] LiveUpdateForge: EndTurn fallback flush
[2026-07-29T09:53:59.984Z] onEndTurn: naturalStop=false toolCalls=64 nudgeMsg=no
[2026-07-29T09:54:00.500Z] LiveUpdateForge: AfterToolExec flush
[2026-07-29T09:54:00.578Z] InitialReadForge.onBeforeSend: SKIP (fr=true syn=false hasRead=true)
[2026-07-29T09:54:08.037Z] LiveUpdateForge: EndTurn fallback flush
[2026-07-29T09:54:08.037Z] onEndTurn: naturalStop=false toolCalls=65 nudgeMsg=no
[2026-07-29T09:54:17.977Z] LiveUpdateForge: AfterToolExec flush
[2026-07-29T09:54:18.082Z] InitialReadForge.onBeforeSend: SKIP (fr=true syn=false hasRead=true)
[2026-07-29T09:54:44.270Z] LiveUpdateForge: EndTurn fallback flush
[2026-07-29T09:54:44.271Z] onEndTurn: naturalStop=false toolCalls=66 nudgeMsg=no
[2026-07-29T09:54:44.290Z] LiveUpdateForge: AfterToolExec flush
[2026-07-29T09:54:44.368Z] InitialReadForge.onBeforeSend: SKIP (fr=true syn=false hasRead=true)
[2026-07-29T09:54:51.375Z] LiveUpdateForge: EndTurn fallback flush
[2026-07-29T09:54:51.375Z] onEndTurn: naturalStop=false toolCalls=67 nudgeMsg=no
[2026-07-29T09:54:51.396Z] LiveUpdateForge: AfterToolExec flush
[2026-07-29T09:54:51.492Z] InitialReadForge.onBeforeSend: SKIP (fr=true syn=false hasRead=true)
[2026-07-29T09:55:06.188Z] LiveUpdateForge: EndTurn fallback flush
[2026-07-29T09:55:06.188Z] onEndTurn: naturalStop=false toolCalls=68 nudgeMsg=no
[2026-07-29T09:55:06.867Z] LiveUpdateForge: AfterToolExec flush
[2026-07-29T09:55:06.949Z] InitialReadForge.onBeforeSend: SKIP (fr=true syn=false hasRead=true)
[2026-07-29T09:55:21.908Z] LiveUpdateForge: EndTurn fallback flush
[2026-07-29T09:55:21.909Z] onEndTurn: naturalStop=false toolCalls=69 nudgeMsg=no
[2026-07-29T09:55:21.968Z] LiveUpdateForge: AfterToolExec flush
[2026-07-29T09:55:22.072Z] InitialReadForge.onBeforeSend: SKIP (fr=true syn=false hasRead=true)
[2026-07-29T09:55:44.641Z] LiveUpdateForge: EndTurn fallback flush
[2026-07-29T09:55:44.642Z] onEndTurn: naturalStop=true toolCalls=0 nudgeMsg=YES
[2026-07-29T09:55:44.661Z] InitialReadForge.onBeforeSend: SKIP (fr=false syn=false hasRead=true)
[2026-07-29T09:55:54.852Z] LiveUpdateForge: EndTurn fallback flush
[2026-07-29T09:55:54.853Z] onEndTurn: naturalStop=false toolCalls=0 nudgeMsg=no
[2026-07-29T09:55:54.918Z] LiveUpdateForge: self-write on D:\unity\demo\CODELY.md, baseline aligned
[2026-07-29T09:55:54.919Z] LiveUpdateForge: AfterToolExec flush
[2026-07-29T09:55:54.986Z] InitialReadForge.onBeforeSend: SKIP (fr=true syn=false hasRead=true)
[2026-07-29T09:55:55.560Z] LiveUpdateForge: pending external change on D:\unity\demo\CODELY.md
[2026-07-29T09:56:05.212Z] LiveUpdateForge: EndTurn fallback flush
[2026-07-29T09:56:05.213Z] onEndTurn: naturalStop=true toolCalls=0 nudgeMsg=no
[2026-07-29T10:11:40.919Z] InitialReadForge.onBeforeSend: SKIP (fr=false syn=false hasRead=true)
[2026-07-29T10:12:52.274Z] LiveUpdateForge: EndTurn fallback flush
[2026-07-29T10:12:52.275Z] onEndTurn: naturalStop=false toolCalls=0 nudgeMsg=no
[2026-07-29T10:12:54.646Z] LiveUpdateForge: AfterToolExec flush
[2026-07-29T10:12:54.753Z] InitialReadForge.onBeforeSend: SKIP (fr=true syn=false hasRead=true)
[2026-07-29T10:13:16.895Z] LiveUpdateForge: EndTurn fallback flush
[2026-07-29T10:13:16.895Z] onEndTurn: naturalStop=false toolCalls=1 nudgeMsg=no
[2026-07-29T10:13:17.431Z] LiveUpdateForge: AfterToolExec flush
[2026-07-29T10:13:17.514Z] InitialReadForge.onBeforeSend: SKIP (fr=true syn=false hasRead=true)
[2026-07-29T10:13:57.921Z] LiveUpdateForge: EndTurn fallback flush
[2026-07-29T10:13:57.922Z] onEndTurn: naturalStop=false toolCalls=2 nudgeMsg=no
[2026-07-29T10:14:25.985Z] LiveUpdateForge: AfterToolExec flush
[2026-07-29T10:14:26.073Z] InitialReadForge.onBeforeSend: SKIP (fr=true syn=false hasRead=true)
[2026-07-29T10:15:33.631Z] LiveUpdateForge: EndTurn fallback flush
[2026-07-29T10:15:33.634Z] onEndTurn: naturalStop=false toolCalls=3 nudgeMsg=no
[2026-07-29T10:15:34.508Z] LiveUpdateForge: AfterToolExec flush
[2026-07-29T10:15:34.607Z] InitialReadForge.onBeforeSend: SKIP (fr=true syn=false hasRead=true)
[2026-07-29T10:15:45.910Z] LiveUpdateForge: EndTurn fallback flush
[2026-07-29T10:15:45.910Z] onEndTurn: naturalStop=false toolCalls=4 nudgeMsg=no
[2026-07-29T10:15:52.240Z] LiveUpdateForge: AfterToolExec flush
[2026-07-29T10:15:52.392Z] InitialReadForge.onBeforeSend: SKIP (fr=true syn=false hasRead=true)
[2026-07-29T10:15:59.767Z] LiveUpdateForge: EndTurn fallback flush
[2026-07-29T10:15:59.768Z] onEndTurn: naturalStop=false toolCalls=5 nudgeMsg=no
[2026-07-29T10:15:59.787Z] LiveUpdateForge: AfterToolExec flush
[2026-07-29T10:15:59.875Z] InitialReadForge.onBeforeSend: SKIP (fr=true syn=false hasRead=true)
[2026-07-29T10:16:12.482Z] LiveUpdateForge: EndTurn fallback flush
[2026-07-29T10:16:12.483Z] onEndTurn: naturalStop=false toolCalls=6 nudgeMsg=no
[2026-07-29T10:16:12.503Z] LiveUpdateForge: AfterToolExec flush
[2026-07-29T10:16:12.582Z] InitialReadForge.onBeforeSend: SKIP (fr=true syn=false hasRead=true)
[2026-07-29T10:16:48.371Z] LiveUpdateForge: EndTurn fallback flush
[2026-07-29T10:16:48.371Z] onEndTurn: naturalStop=false toolCalls=7 nudgeMsg=no
[2026-07-29T10:16:49.075Z] LiveUpdateForge: AfterToolExec flush
[2026-07-29T10:16:49.164Z] InitialReadForge.onBeforeSend: SKIP (fr=true syn=false hasRead=true)
[2026-07-29T10:19:30.832Z] LiveUpdateForge: EndTurn fallback flush
[2026-07-29T10:19:30.833Z] onEndTurn: naturalStop=false toolCalls=8 nudgeMsg=no
[2026-07-29T10:19:31.391Z] LiveUpdateForge: AfterToolExec flush
[2026-07-29T10:19:31.479Z] InitialReadForge.onBeforeSend: SKIP (fr=true syn=false hasRead=true)
[2026-07-29T10:20:05.745Z] LiveUpdateForge: EndTurn fallback flush
[2026-07-29T10:20:05.745Z] onEndTurn: naturalStop=false toolCalls=9 nudgeMsg=no
[2026-07-29T10:20:05.764Z] LiveUpdateForge: AfterToolExec flush
[2026-07-29T10:20:05.835Z] InitialReadForge.onBeforeSend: SKIP (fr=true syn=false hasRead=true)
[2026-07-29T10:20:17.899Z] LiveUpdateForge: EndTurn fallback flush
[2026-07-29T10:20:17.899Z] onEndTurn: naturalStop=false toolCalls=10 nudgeMsg=no
[2026-07-29T10:20:17.915Z] LiveUpdateForge: AfterToolExec flush
[2026-07-29T10:20:17.993Z] InitialReadForge.onBeforeSend: SKIP (fr=true syn=false hasRead=true)
[2026-07-29T10:20:38.995Z] LiveUpdateForge: EndTurn fallback flush
[2026-07-29T10:20:38.996Z] onEndTurn: naturalStop=false toolCalls=11 nudgeMsg=no
[2026-07-29T10:20:39.520Z] LiveUpdateForge: AfterToolExec flush
[2026-07-29T10:20:39.612Z] InitialReadForge.onBeforeSend: SKIP (fr=true syn=false hasRead=true)
[2026-07-29T10:20:52.843Z] LiveUpdateForge: EndTurn fallback flush
[2026-07-29T10:20:52.844Z] onEndTurn: naturalStop=false toolCalls=12 nudgeMsg=no
[2026-07-29T10:20:53.322Z] LiveUpdateForge: AfterToolExec flush
[2026-07-29T10:20:53.418Z] InitialReadForge.onBeforeSend: SKIP (fr=true syn=false hasRead=true)
[2026-07-29T10:21:02.651Z] LiveUpdateForge: EndTurn fallback flush
[2026-07-29T10:21:02.652Z] onEndTurn: naturalStop=false toolCalls=13 nudgeMsg=no
[2026-07-29T10:21:02.986Z] LiveUpdateForge: AfterToolExec flush
[2026-07-29T10:21:03.071Z] InitialReadForge.onBeforeSend: SKIP (fr=true syn=false hasRead=true)
[2026-07-29T10:21:17.528Z] LiveUpdateForge: EndTurn fallback flush
[2026-07-29T10:21:17.529Z] onEndTurn: naturalStop=false toolCalls=14 nudgeMsg=no
[2026-07-29T10:21:18.141Z] LiveUpdateForge: AfterToolExec flush
[2026-07-29T10:21:18.219Z] InitialReadForge.onBeforeSend: SKIP (fr=true syn=false hasRead=true)
[2026-07-29T10:21:43.559Z] LiveUpdateForge: EndTurn fallback flush
[2026-07-29T10:21:43.560Z] onEndTurn: naturalStop=false toolCalls=15 nudgeMsg=no
[2026-07-29T10:21:43.894Z] LiveUpdateForge: AfterToolExec flush
[2026-07-29T10:21:43.988Z] InitialReadForge.onBeforeSend: SKIP (fr=true syn=false hasRead=true)
[2026-07-29T10:21:52.567Z] LiveUpdateForge: EndTurn fallback flush
[2026-07-29T10:21:52.568Z] onEndTurn: naturalStop=false toolCalls=16 nudgeMsg=no
[2026-07-29T10:21:52.921Z] LiveUpdateForge: AfterToolExec flush
[2026-07-29T10:21:53.002Z] InitialReadForge.onBeforeSend: SKIP (fr=true syn=false hasRead=true)
[2026-07-29T10:22:06.224Z] LiveUpdateForge: EndTurn fallback flush
[2026-07-29T10:22:06.224Z] onEndTurn: naturalStop=false toolCalls=17 nudgeMsg=no
[2026-07-29T10:22:12.999Z] LiveUpdateForge: AfterToolExec flush
[2026-07-29T10:22:13.105Z] InitialReadForge.onBeforeSend: SKIP (fr=true syn=false hasRead=true)
[2026-07-29T10:23:00.122Z] LiveUpdateForge: EndTurn fallback flush
[2026-07-29T10:23:00.123Z] onEndTurn: naturalStop=false toolCalls=18 nudgeMsg=no
[2026-07-29T10:23:00.603Z] LiveUpdateForge: AfterToolExec flush
[2026-07-29T10:23:00.684Z] InitialReadForge.onBeforeSend: SKIP (fr=true syn=false hasRead=true)
[2026-07-29T10:23:07.362Z] LiveUpdateForge: EndTurn fallback flush
[2026-07-29T10:23:07.363Z] onEndTurn: naturalStop=false toolCalls=19 nudgeMsg=no
[2026-07-29T10:23:07.380Z] LiveUpdateForge: AfterToolExec flush
[2026-07-29T10:23:07.449Z] InitialReadForge.onBeforeSend: SKIP (fr=true syn=false hasRead=true)
[2026-07-29T10:23:17.607Z] LiveUpdateForge: EndTurn fallback flush
[2026-07-29T10:23:17.608Z] onEndTurn: naturalStop=false toolCalls=20 nudgeMsg=no
[2026-07-29T10:23:17.923Z] LiveUpdateForge: AfterToolExec flush
[2026-07-29T10:23:17.998Z] InitialReadForge.onBeforeSend: SKIP (fr=true syn=false hasRead=true)
[2026-07-29T10:23:31.161Z] LiveUpdateForge: EndTurn fallback flush
[2026-07-29T10:23:31.161Z] onEndTurn: naturalStop=false toolCalls=21 nudgeMsg=no
[2026-07-29T10:23:31.180Z] LiveUpdateForge: AfterToolExec flush
[2026-07-29T10:23:31.254Z] InitialReadForge.onBeforeSend: SKIP (fr=true syn=false hasRead=true)
[2026-07-29T10:23:44.748Z] LiveUpdateForge: EndTurn fallback flush
[2026-07-29T10:23:44.749Z] onEndTurn: naturalStop=false toolCalls=22 nudgeMsg=no
[2026-07-29T10:23:45.287Z] LiveUpdateForge: AfterToolExec flush
[2026-07-29T10:23:45.384Z] InitialReadForge.onBeforeSend: SKIP (fr=true syn=false hasRead=true)
[2026-07-29T10:25:41.229Z] LiveUpdateForge: EndTurn fallback flush
[2026-07-29T10:25:41.230Z] onEndTurn: naturalStop=false toolCalls=23 nudgeMsg=no
[2026-07-29T10:25:41.719Z] LiveUpdateForge: AfterToolExec flush
[2026-07-29T10:25:41.801Z] InitialReadForge.onBeforeSend: SKIP (fr=true syn=false hasRead=true)
[2026-07-29T10:25:54.854Z] LiveUpdateForge: EndTurn fallback flush
[2026-07-29T10:25:54.854Z] onEndTurn: naturalStop=false toolCalls=24 nudgeMsg=no
[2026-07-29T10:25:54.872Z] LiveUpdateForge: AfterToolExec flush
[2026-07-29T10:25:55.056Z] InitialReadForge.onBeforeSend: SKIP (fr=true syn=false hasRead=true)
[2026-07-29T10:26:05.549Z] LiveUpdateForge: EndTurn fallback flush
[2026-07-29T10:26:05.550Z] onEndTurn: naturalStop=false toolCalls=25 nudgeMsg=no
[2026-07-29T10:26:05.753Z] LiveUpdateForge: AfterToolExec flush
[2026-07-29T10:26:05.903Z] InitialReadForge.onBeforeSend: SKIP (fr=true syn=false hasRead=true)
[2026-07-29T10:26:46.573Z] LiveUpdateForge: EndTurn fallback flush
[2026-07-29T10:26:46.573Z] onEndTurn: naturalStop=false toolCalls=26 nudgeMsg=no
[2026-07-29T10:26:46.589Z] LiveUpdateForge: AfterToolExec flush
[2026-07-29T10:26:46.775Z] InitialReadForge.onBeforeSend: SKIP (fr=true syn=false hasRead=true)
[2026-07-29T10:27:55.710Z] LiveUpdateForge: EndTurn fallback flush
[2026-07-29T10:27:55.711Z] onEndTurn: naturalStop=false toolCalls=27 nudgeMsg=no
[2026-07-29T10:27:55.721Z] LiveUpdateForge: AfterToolExec flush
[2026-07-29T10:27:55.796Z] InitialReadForge.onBeforeSend: SKIP (fr=true syn=false hasRead=true)
[2026-07-29T10:28:04.338Z] LiveUpdateForge: EndTurn fallback flush
[2026-07-29T10:28:04.339Z] onEndTurn: naturalStop=false toolCalls=28 nudgeMsg=no
[2026-07-29T10:28:04.438Z] LiveUpdateForge: AfterToolExec flush
[2026-07-29T10:28:04.527Z] InitialReadForge.onBeforeSend: SKIP (fr=true syn=false hasRead=true)
[2026-07-30T01:06:58.336Z] ResumeDiffForge: running checkResumeConsistency
[2026-07-30T01:06:58.362Z] checkResumeConsistency: forgedTimestamps=[["project","1970-01-01T00:00:00.000Z"]]
[2026-07-30T01:06:58.788Z] checkResumeConsistency: injecting 1 diff notification(s)
[2026-07-30T01:06:58.790Z] injectForgedHistory: role=user preview="[agent-auto] [memory-update 2026-07-29 17:55:54] project memory file has been mo"
[2026-07-30T01:06:58.867Z] injectForgedHistory: recordMessage persisted
[2026-07-30T01:06:58.867Z] LiveUpdateForge: session reset, allowLiveUpdate = false
[2026-07-30T01:06:58.868Z] NudgeForge: ResumeComplete — restoring count from history
[2026-07-30T01:06:58.870Z] restoreNudgeCountFromHistory: found last write at idx=2306 count=0
[2026-07-30T01:06:59.057Z] LiveUpdateForge: allowLiveUpdate = true (first real BeforeSend)
[2026-07-30T01:06:59.059Z] InitialReadForge.onBeforeSend: SKIP (fr=false syn=false hasRead=true)
[2026-07-30T01:07:39.290Z] LiveUpdateForge: EndTurn fallback flush
[2026-07-30T01:07:39.291Z] onEndTurn: naturalStop=false toolCalls=0 nudgeMsg=no
[2026-07-30T01:07:39.345Z] LiveUpdateForge: AfterToolExec flush
[2026-07-30T01:07:39.449Z] InitialReadForge.onBeforeSend: SKIP (fr=true syn=false hasRead=true)
[2026-07-30T01:07:57.458Z] LiveUpdateForge: EndTurn fallback flush
[2026-07-30T01:07:57.459Z] onEndTurn: naturalStop=false toolCalls=1 nudgeMsg=no
[2026-07-30T01:09:17.114Z] LiveUpdateForge: AfterToolExec flush
[2026-07-30T01:09:17.240Z] InitialReadForge.onBeforeSend: SKIP (fr=true syn=false hasRead=true)
[2026-07-30T01:09:27.608Z] LiveUpdateForge: EndTurn fallback flush
[2026-07-30T01:09:27.609Z] onEndTurn: naturalStop=false toolCalls=2 nudgeMsg=no
[2026-07-30T01:09:28.615Z] LiveUpdateForge: AfterToolExec flush
[2026-07-30T01:09:28.701Z] InitialReadForge.onBeforeSend: SKIP (fr=true syn=false hasRead=true)
[2026-07-30T01:09:41.795Z] LiveUpdateForge: EndTurn fallback flush
[2026-07-30T01:09:41.795Z] onEndTurn: naturalStop=false toolCalls=3 nudgeMsg=no
[2026-07-30T01:09:42.796Z] LiveUpdateForge: AfterToolExec flush
[2026-07-30T01:09:42.880Z] InitialReadForge.onBeforeSend: SKIP (fr=true syn=false hasRead=true)
[2026-07-30T01:09:52.106Z] LiveUpdateForge: EndTurn fallback flush
[2026-07-30T01:09:52.114Z] onEndTurn: naturalStop=false toolCalls=4 nudgeMsg=no
[2026-07-30T01:10:03.088Z] LiveUpdateForge: AfterToolExec flush
[2026-07-30T01:10:03.249Z] InitialReadForge.onBeforeSend: SKIP (fr=true syn=false hasRead=true)
[2026-07-30T01:10:13.327Z] LiveUpdateForge: EndTurn fallback flush
[2026-07-30T01:10:13.328Z] onEndTurn: naturalStop=false toolCalls=5 nudgeMsg=no
[2026-07-30T01:10:13.344Z] LiveUpdateForge: AfterToolExec flush
[2026-07-30T01:10:13.427Z] InitialReadForge.onBeforeSend: SKIP (fr=true syn=false hasRead=true)
[2026-07-30T01:10:25.204Z] LiveUpdateForge: EndTurn fallback flush
[2026-07-30T01:10:25.225Z] onEndTurn: naturalStop=false toolCalls=6 nudgeMsg=no
[2026-07-30T01:10:25.348Z] LiveUpdateForge: AfterToolExec flush
[2026-07-30T01:10:25.447Z] InitialReadForge.onBeforeSend: SKIP (fr=true syn=false hasRead=true)
[2026-07-30T01:10:36.023Z] LiveUpdateForge: EndTurn fallback flush
[2026-07-30T01:10:36.039Z] onEndTurn: naturalStop=false toolCalls=7 nudgeMsg=no
[2026-07-30T01:10:36.330Z] LiveUpdateForge: AfterToolExec flush
[2026-07-30T01:10:36.440Z] InitialReadForge.onBeforeSend: SKIP (fr=true syn=false hasRead=true)
[2026-07-30T01:10:44.697Z] LiveUpdateForge: EndTurn fallback flush
[2026-07-30T01:10:44.697Z] onEndTurn: naturalStop=false toolCalls=8 nudgeMsg=no
[2026-07-30T01:10:48.846Z] LiveUpdateForge: AfterToolExec flush
[2026-07-30T01:10:48.941Z] InitialReadForge.onBeforeSend: SKIP (fr=true syn=false hasRead=true)
[2026-07-30T01:10:55.623Z] LiveUpdateForge: EndTurn fallback flush
[2026-07-30T01:10:55.624Z] onEndTurn: naturalStop=false toolCalls=9 nudgeMsg=no
[2026-07-30T01:10:55.634Z] LiveUpdateForge: AfterToolExec flush
[2026-07-30T01:10:55.725Z] InitialReadForge.onBeforeSend: SKIP (fr=true syn=false hasRead=true)
[2026-07-30T01:11:05.595Z] LiveUpdateForge: EndTurn fallback flush
[2026-07-30T01:11:05.595Z] onEndTurn: naturalStop=false toolCalls=10 nudgeMsg=no
[2026-07-30T01:11:05.610Z] LiveUpdateForge: AfterToolExec flush
[2026-07-30T01:11:05.690Z] InitialReadForge.onBeforeSend: SKIP (fr=true syn=false hasRead=true)
[2026-07-30T01:11:13.681Z] LiveUpdateForge: EndTurn fallback flush
[2026-07-30T01:11:13.681Z] onEndTurn: naturalStop=false toolCalls=11 nudgeMsg=no
[2026-07-30T01:11:14.357Z] LiveUpdateForge: AfterToolExec flush
[2026-07-30T01:11:14.447Z] InitialReadForge.onBeforeSend: SKIP (fr=true syn=false hasRead=true)
[2026-07-30T01:11:22.689Z] LiveUpdateForge: EndTurn fallback flush
[2026-07-30T01:11:22.690Z] onEndTurn: naturalStop=false toolCalls=12 nudgeMsg=no
[2026-07-30T01:11:22.706Z] LiveUpdateForge: AfterToolExec flush
[2026-07-30T01:11:22.787Z] InitialReadForge.onBeforeSend: SKIP (fr=true syn=false hasRead=true)
[2026-07-30T01:11:35.077Z] LiveUpdateForge: EndTurn fallback flush
[2026-07-30T01:11:35.077Z] onEndTurn: naturalStop=false toolCalls=13 nudgeMsg=no
[2026-07-30T01:12:14.786Z] LiveUpdateForge: AfterToolExec flush
[2026-07-30T01:12:14.892Z] InitialReadForge.onBeforeSend: SKIP (fr=true syn=false hasRead=true)
[2026-07-30T01:12:22.842Z] LiveUpdateForge: EndTurn fallback flush
[2026-07-30T01:12:22.850Z] onEndTurn: naturalStop=false toolCalls=14 nudgeMsg=no
[2026-07-30T01:12:22.875Z] LiveUpdateForge: AfterToolExec flush
[2026-07-30T01:12:22.996Z] InitialReadForge.onBeforeSend: SKIP (fr=true syn=false hasRead=true)
[2026-07-30T01:12:34.203Z] LiveUpdateForge: EndTurn fallback flush
[2026-07-30T01:12:34.203Z] onEndTurn: naturalStop=false toolCalls=15 nudgeMsg=no
[2026-07-30T01:12:34.348Z] LiveUpdateForge: AfterToolExec flush
[2026-07-30T01:12:34.466Z] InitialReadForge.onBeforeSend: SKIP (fr=true syn=false hasRead=true)
[2026-07-30T01:12:44.389Z] LiveUpdateForge: EndTurn fallback flush
[2026-07-30T01:12:44.391Z] onEndTurn: naturalStop=false toolCalls=16 nudgeMsg=no
[2026-07-30T01:13:10.215Z] LiveUpdateForge: AfterToolExec flush
[2026-07-30T01:13:10.599Z] InitialReadForge.onBeforeSend: SKIP (fr=true syn=false hasRead=true)
[2026-07-30T01:13:25.910Z] LiveUpdateForge: EndTurn fallback flush
[2026-07-30T01:13:25.911Z] onEndTurn: naturalStop=false toolCalls=17 nudgeMsg=no
[2026-07-30T01:13:27.421Z] LiveUpdateForge: AfterToolExec flush
[2026-07-30T01:13:27.517Z] InitialReadForge.onBeforeSend: SKIP (fr=true syn=false hasRead=true)
[2026-07-30T01:13:39.120Z] LiveUpdateForge: EndTurn fallback flush
[2026-07-30T01:13:39.121Z] onEndTurn: naturalStop=false toolCalls=18 nudgeMsg=no
[2026-07-30T01:13:39.267Z] LiveUpdateForge: AfterToolExec flush
[2026-07-30T01:13:39.385Z] InitialReadForge.onBeforeSend: SKIP (fr=true syn=false hasRead=true)
[2026-07-30T01:13:50.689Z] LiveUpdateForge: EndTurn fallback flush
[2026-07-30T01:13:50.690Z] onEndTurn: naturalStop=false toolCalls=19 nudgeMsg=no
[2026-07-30T01:13:50.710Z] LiveUpdateForge: AfterToolExec flush
[2026-07-30T01:13:50.840Z] InitialReadForge.onBeforeSend: SKIP (fr=true syn=false hasRead=true)
[2026-07-30T01:13:59.636Z] LiveUpdateForge: EndTurn fallback flush
[2026-07-30T01:13:59.637Z] onEndTurn: naturalStop=false toolCalls=20 nudgeMsg=no
[2026-07-30T01:13:59.829Z] LiveUpdateForge: AfterToolExec flush
[2026-07-30T01:13:59.978Z] InitialReadForge.onBeforeSend: SKIP (fr=true syn=false hasRead=true)
[2026-07-30T01:14:12.517Z] LiveUpdateForge: EndTurn fallback flush
[2026-07-30T01:14:12.518Z] onEndTurn: naturalStop=false toolCalls=21 nudgeMsg=no
[2026-07-30T01:14:12.932Z] LiveUpdateForge: AfterToolExec flush
[2026-07-30T01:14:13.019Z] InitialReadForge.onBeforeSend: SKIP (fr=true syn=false hasRead=true)
[2026-07-30T01:14:24.725Z] LiveUpdateForge: EndTurn fallback flush
[2026-07-30T01:14:24.725Z] onEndTurn: naturalStop=false toolCalls=22 nudgeMsg=no
[2026-07-30T01:14:24.741Z] LiveUpdateForge: AfterToolExec flush
[2026-07-30T01:14:24.820Z] InitialReadForge.onBeforeSend: SKIP (fr=true syn=false hasRead=true)
[2026-07-30T01:14:36.336Z] LiveUpdateForge: EndTurn fallback flush
[2026-07-30T01:14:36.336Z] onEndTurn: naturalStop=false toolCalls=23 nudgeMsg=no
[2026-07-30T01:14:36.507Z] LiveUpdateForge: AfterToolExec flush
[2026-07-30T01:14:36.586Z] InitialReadForge.onBeforeSend: SKIP (fr=true syn=false hasRead=true)
[2026-07-30T01:14:47.725Z] LiveUpdateForge: EndTurn fallback flush
[2026-07-30T01:14:47.726Z] onEndTurn: naturalStop=false toolCalls=24 nudgeMsg=no
[2026-07-30T01:14:59.999Z] LiveUpdateForge: AfterToolExec flush
[2026-07-30T01:15:00.109Z] InitialReadForge.onBeforeSend: SKIP (fr=true syn=false hasRead=true)
[2026-07-30T01:15:11.089Z] LiveUpdateForge: EndTurn fallback flush
[2026-07-30T01:15:11.090Z] onEndTurn: naturalStop=false toolCalls=25 nudgeMsg=no
[2026-07-30T01:15:11.107Z] LiveUpdateForge: AfterToolExec flush
[2026-07-30T01:15:11.187Z] InitialReadForge.onBeforeSend: SKIP (fr=true syn=false hasRead=true)
[2026-07-30T01:15:21.107Z] LiveUpdateForge: EndTurn fallback flush
[2026-07-30T01:15:21.107Z] onEndTurn: naturalStop=false toolCalls=26 nudgeMsg=no
[2026-07-30T01:15:28.750Z] LiveUpdateForge: AfterToolExec flush
[2026-07-30T01:15:28.849Z] InitialReadForge.onBeforeSend: SKIP (fr=true syn=false hasRead=true)
[2026-07-30T01:15:42.186Z] LiveUpdateForge: EndTurn fallback flush
[2026-07-30T01:15:42.187Z] onEndTurn: naturalStop=false toolCalls=27 nudgeMsg=no
[2026-07-30T01:15:42.330Z] LiveUpdateForge: AfterToolExec flush
[2026-07-30T01:15:42.410Z] InitialReadForge.onBeforeSend: SKIP (fr=true syn=false hasRead=true)
[2026-07-30T01:15:51.282Z] LiveUpdateForge: EndTurn fallback flush
[2026-07-30T01:15:51.283Z] onEndTurn: naturalStop=false toolCalls=28 nudgeMsg=no
[2026-07-30T01:16:29.609Z] LiveUpdateForge: AfterToolExec flush
[2026-07-30T01:16:29.708Z] InitialReadForge.onBeforeSend: SKIP (fr=true syn=false hasRead=true)
[2026-07-30T01:16:38.432Z] LiveUpdateForge: EndTurn fallback flush
[2026-07-30T01:16:38.433Z] onEndTurn: naturalStop=true toolCalls=29 nudgeMsg=no
[2026-07-30T01:17:19.972Z] ResumeDiffForge: running checkResumeConsistency
[2026-07-30T01:17:19.975Z] checkResumeConsistency: forgedTimestamps=[["project","1970-01-01T00:00:00.000Z"]]
[2026-07-30T01:17:20.236Z] checkResumeConsistency: injecting 1 diff notification(s)
[2026-07-30T01:17:20.248Z] injectForgedHistory: role=user preview="[agent-auto] [memory-update 2026-07-29 17:55:54] project memory file has been mo"
[2026-07-30T01:17:20.341Z] injectForgedHistory: recordMessage persisted
[2026-07-30T01:17:20.343Z] LiveUpdateForge: session reset, allowLiveUpdate = false
[2026-07-30T01:17:20.344Z] NudgeForge: ResumeComplete — restoring count from history
[2026-07-30T01:17:20.345Z] restoreNudgeCountFromHistory: found last write at idx=2306 count=0
[2026-07-30T01:17:20.551Z] LiveUpdateForge: allowLiveUpdate = true (first real BeforeSend)
[2026-07-30T01:17:20.554Z] InitialReadForge.onBeforeSend: SKIP (fr=false syn=false hasRead=true)
[2026-07-30T01:17:32.839Z] LiveUpdateForge: EndTurn fallback flush
[2026-07-30T01:17:32.839Z] onEndTurn: naturalStop=false toolCalls=0 nudgeMsg=no
[2026-07-30T01:17:32.875Z] LiveUpdateForge: AfterToolExec flush
[2026-07-30T01:17:33.008Z] InitialReadForge.onBeforeSend: SKIP (fr=true syn=false hasRead=true)
[2026-07-30T01:17:43.906Z] LiveUpdateForge: EndTurn fallback flush
[2026-07-30T01:17:43.907Z] onEndTurn: naturalStop=false toolCalls=1 nudgeMsg=no
[2026-07-30T01:17:44.318Z] LiveUpdateForge: AfterToolExec flush
[2026-07-30T01:17:44.442Z] InitialReadForge.onBeforeSend: SKIP (fr=true syn=false hasRead=true)
[2026-07-30T01:17:56.781Z] LiveUpdateForge: EndTurn fallback flush
[2026-07-30T01:17:56.781Z] onEndTurn: naturalStop=false toolCalls=2 nudgeMsg=no
[2026-07-30T01:17:57.225Z] LiveUpdateForge: AfterToolExec flush
[2026-07-30T01:17:57.339Z] InitialReadForge.onBeforeSend: SKIP (fr=true syn=false hasRead=true)
[2026-07-30T01:18:06.479Z] LiveUpdateForge: EndTurn fallback flush
[2026-07-30T01:18:06.480Z] onEndTurn: naturalStop=false toolCalls=3 nudgeMsg=no
[2026-07-30T01:18:07.021Z] LiveUpdateForge: AfterToolExec flush
[2026-07-30T01:18:07.135Z] InitialReadForge.onBeforeSend: SKIP (fr=true syn=false hasRead=true)
[2026-07-30T01:18:18.573Z] LiveUpdateForge: EndTurn fallback flush
[2026-07-30T01:18:18.574Z] onEndTurn: naturalStop=false toolCalls=4 nudgeMsg=no
[2026-07-30T01:18:19.151Z] LiveUpdateForge: AfterToolExec flush
[2026-07-30T01:18:19.285Z] InitialReadForge.onBeforeSend: SKIP (fr=true syn=false hasRead=true)
[2026-07-30T01:18:26.262Z] LiveUpdateForge: EndTurn fallback flush
[2026-07-30T01:18:26.263Z] onEndTurn: naturalStop=false toolCalls=5 nudgeMsg=no
[2026-07-30T01:18:26.743Z] LiveUpdateForge: AfterToolExec flush
[2026-07-30T01:18:26.858Z] InitialReadForge.onBeforeSend: SKIP (fr=true syn=false hasRead=true)
[2026-07-30T01:18:36.812Z] LiveUpdateForge: EndTurn fallback flush
[2026-07-30T01:18:36.813Z] onEndTurn: naturalStop=false toolCalls=6 nudgeMsg=no
[2026-07-30T01:18:37.083Z] LiveUpdateForge: AfterToolExec flush
[2026-07-30T01:18:37.192Z] InitialReadForge.onBeforeSend: SKIP (fr=true syn=false hasRead=true)
[2026-07-30T01:18:50.713Z] LiveUpdateForge: EndTurn fallback flush
[2026-07-30T01:18:50.715Z] onEndTurn: naturalStop=false toolCalls=7 nudgeMsg=no
[2026-07-30T01:18:51.774Z] LiveUpdateForge: AfterToolExec flush
[2026-07-30T01:18:51.861Z] InitialReadForge.onBeforeSend: SKIP (fr=true syn=false hasRead=true)
[2026-07-30T01:19:00.824Z] LiveUpdateForge: EndTurn fallback flush
[2026-07-30T01:19:00.825Z] onEndTurn: naturalStop=false toolCalls=8 nudgeMsg=no
[2026-07-30T01:19:10.371Z] LiveUpdateForge: AfterToolExec flush
[2026-07-30T01:19:10.479Z] InitialReadForge.onBeforeSend: SKIP (fr=true syn=false hasRead=true)
[2026-07-30T01:19:19.261Z] LiveUpdateForge: EndTurn fallback flush
[2026-07-30T01:19:19.262Z] onEndTurn: naturalStop=false toolCalls=9 nudgeMsg=no
[2026-07-30T01:19:19.316Z] LiveUpdateForge: AfterToolExec flush
[2026-07-30T01:19:19.401Z] InitialReadForge.onBeforeSend: SKIP (fr=true syn=false hasRead=true)
[2026-07-30T01:19:33.037Z] LiveUpdateForge: EndTurn fallback flush
[2026-07-30T01:19:33.037Z] onEndTurn: naturalStop=true toolCalls=10 nudgeMsg=no
[2026-07-30T01:20:10.590Z] ResumeDiffForge: running checkResumeConsistency
[2026-07-30T01:20:10.592Z] checkResumeConsistency: forgedTimestamps=[["project","1970-01-01T00:00:00.000Z"]]
[2026-07-30T01:20:10.624Z] checkResumeConsistency: injecting 1 diff notification(s)
[2026-07-30T01:20:10.625Z] injectForgedHistory: role=user preview="[agent-auto] [memory-update 2026-07-29 17:55:54] project memory file has been mo"
[2026-07-30T01:20:10.703Z] injectForgedHistory: recordMessage persisted
[2026-07-30T01:20:10.703Z] LiveUpdateForge: session reset, allowLiveUpdate = false
[2026-07-30T01:20:10.704Z] NudgeForge: ResumeComplete — restoring count from history
[2026-07-30T01:20:10.706Z] restoreNudgeCountFromHistory: found last write at idx=2306 count=0
[2026-07-30T01:20:10.880Z] LiveUpdateForge: allowLiveUpdate = true (first real BeforeSend)
[2026-07-30T01:20:10.883Z] InitialReadForge.onBeforeSend: SKIP (fr=false syn=false hasRead=true)
[2026-07-30T01:20:22.712Z] LiveUpdateForge: EndTurn fallback flush
[2026-07-30T01:20:22.713Z] onEndTurn: naturalStop=false toolCalls=0 nudgeMsg=no
[2026-07-30T01:20:23.138Z] LiveUpdateForge: AfterToolExec flush
[2026-07-30T01:20:23.241Z] InitialReadForge.onBeforeSend: SKIP (fr=true syn=false hasRead=true)
[2026-07-30T01:20:34.582Z] LiveUpdateForge: EndTurn fallback flush
[2026-07-30T01:20:34.583Z] onEndTurn: naturalStop=false toolCalls=1 nudgeMsg=no
[2026-07-30T01:20:34.605Z] LiveUpdateForge: AfterToolExec flush
[2026-07-30T01:20:34.691Z] InitialReadForge.onBeforeSend: SKIP (fr=true syn=false hasRead=true)
[2026-07-30T01:20:45.992Z] LiveUpdateForge: EndTurn fallback flush
[2026-07-30T01:20:45.993Z] onEndTurn: naturalStop=false toolCalls=2 nudgeMsg=no
[2026-07-30T01:20:46.365Z] LiveUpdateForge: AfterToolExec flush
[2026-07-30T01:20:46.452Z] InitialReadForge.onBeforeSend: SKIP (fr=true syn=false hasRead=true)
[2026-07-30T01:20:59.360Z] LiveUpdateForge: EndTurn fallback flush
[2026-07-30T01:20:59.361Z] onEndTurn: naturalStop=false toolCalls=3 nudgeMsg=no
[2026-07-30T01:20:59.384Z] LiveUpdateForge: AfterToolExec flush
[2026-07-30T01:20:59.467Z] InitialReadForge.onBeforeSend: SKIP (fr=true syn=false hasRead=true)
[2026-07-30T01:21:11.098Z] LiveUpdateForge: EndTurn fallback flush
[2026-07-30T01:21:11.099Z] onEndTurn: naturalStop=false toolCalls=4 nudgeMsg=no
[2026-07-30T01:21:11.294Z] LiveUpdateForge: AfterToolExec flush
[2026-07-30T01:21:11.386Z] InitialReadForge.onBeforeSend: SKIP (fr=true syn=false hasRead=true)
[2026-07-30T01:21:19.181Z] LiveUpdateForge: EndTurn fallback flush
[2026-07-30T01:21:19.181Z] onEndTurn: naturalStop=false toolCalls=5 nudgeMsg=no
[2026-07-30T01:21:19.555Z] LiveUpdateForge: AfterToolExec flush
[2026-07-30T01:21:19.643Z] InitialReadForge.onBeforeSend: SKIP (fr=true syn=false hasRead=true)
[2026-07-30T01:21:27.082Z] LiveUpdateForge: EndTurn fallback flush
[2026-07-30T01:21:27.083Z] onEndTurn: naturalStop=false toolCalls=6 nudgeMsg=no
[2026-07-30T01:21:27.440Z] LiveUpdateForge: AfterToolExec flush
[2026-07-30T01:21:27.522Z] InitialReadForge.onBeforeSend: SKIP (fr=true syn=false hasRead=true)
[2026-07-30T01:21:36.762Z] LiveUpdateForge: EndTurn fallback flush
[2026-07-30T01:21:36.762Z] onEndTurn: naturalStop=false toolCalls=7 nudgeMsg=no
[2026-07-30T01:21:37.006Z] LiveUpdateForge: AfterToolExec flush
[2026-07-30T01:21:37.094Z] InitialReadForge.onBeforeSend: SKIP (fr=true syn=false hasRead=true)
[2026-07-30T01:21:45.267Z] LiveUpdateForge: EndTurn fallback flush
[2026-07-30T01:21:45.268Z] onEndTurn: naturalStop=false toolCalls=8 nudgeMsg=no
[2026-07-30T01:21:45.289Z] LiveUpdateForge: AfterToolExec flush
[2026-07-30T01:21:45.381Z] InitialReadForge.onBeforeSend: SKIP (fr=true syn=false hasRead=true)
[2026-07-30T01:21:57.776Z] LiveUpdateForge: EndTurn fallback flush
[2026-07-30T01:21:57.777Z] onEndTurn: naturalStop=false toolCalls=9 nudgeMsg=no
[2026-07-30T01:21:57.995Z] LiveUpdateForge: AfterToolExec flush
[2026-07-30T01:21:58.083Z] InitialReadForge.onBeforeSend: SKIP (fr=true syn=false hasRead=true)
[2026-07-30T01:22:08.633Z] LiveUpdateForge: EndTurn fallback flush
[2026-07-30T01:22:08.634Z] onEndTurn: naturalStop=false toolCalls=10 nudgeMsg=no
[2026-07-30T01:22:08.652Z] LiveUpdateForge: AfterToolExec flush
[2026-07-30T01:22:08.744Z] InitialReadForge.onBeforeSend: SKIP (fr=true syn=false hasRead=true)
[2026-07-30T01:22:15.799Z] LiveUpdateForge: EndTurn fallback flush
[2026-07-30T01:22:15.799Z] onEndTurn: naturalStop=false toolCalls=11 nudgeMsg=no
[2026-07-30T01:22:15.816Z] LiveUpdateForge: AfterToolExec flush
[2026-07-30T01:22:15.937Z] InitialReadForge.onBeforeSend: SKIP (fr=true syn=false hasRead=true)
[2026-07-30T01:22:27.616Z] LiveUpdateForge: EndTurn fallback flush
[2026-07-30T01:22:27.616Z] onEndTurn: naturalStop=false toolCalls=12 nudgeMsg=no
[2026-07-30T01:22:27.787Z] LiveUpdateForge: AfterToolExec flush
[2026-07-30T01:22:27.914Z] InitialReadForge.onBeforeSend: SKIP (fr=true syn=false hasRead=true)
[2026-07-30T01:22:38.453Z] LiveUpdateForge: EndTurn fallback flush
[2026-07-30T01:22:38.454Z] onEndTurn: naturalStop=false toolCalls=13 nudgeMsg=no
[2026-07-30T01:22:38.469Z] LiveUpdateForge: AfterToolExec flush
[2026-07-30T01:22:38.548Z] InitialReadForge.onBeforeSend: SKIP (fr=true syn=false hasRead=true)
[2026-07-30T01:22:47.755Z] LiveUpdateForge: EndTurn fallback flush
[2026-07-30T01:22:47.756Z] onEndTurn: naturalStop=false toolCalls=14 nudgeMsg=no
[2026-07-30T01:22:47.771Z] LiveUpdateForge: AfterToolExec flush
[2026-07-30T01:22:47.863Z] InitialReadForge.onBeforeSend: SKIP (fr=true syn=false hasRead=true)
[2026-07-30T01:22:56.751Z] LiveUpdateForge: EndTurn fallback flush
[2026-07-30T01:22:56.752Z] onEndTurn: naturalStop=false toolCalls=15 nudgeMsg=no
[2026-07-30T01:22:56.988Z] LiveUpdateForge: AfterToolExec flush
[2026-07-30T01:22:57.071Z] InitialReadForge.onBeforeSend: SKIP (fr=true syn=false hasRead=true)
[2026-07-30T01:23:04.118Z] LiveUpdateForge: EndTurn fallback flush
[2026-07-30T01:23:04.118Z] onEndTurn: naturalStop=false toolCalls=16 nudgeMsg=no
[2026-07-30T01:23:04.137Z] LiveUpdateForge: AfterToolExec flush
[2026-07-30T01:23:04.227Z] InitialReadForge.onBeforeSend: SKIP (fr=true syn=false hasRead=true)
[2026-07-30T01:23:13.989Z] LiveUpdateForge: EndTurn fallback flush
[2026-07-30T01:23:13.989Z] onEndTurn: naturalStop=false toolCalls=17 nudgeMsg=no
[2026-07-30T01:23:14.006Z] LiveUpdateForge: AfterToolExec flush
[2026-07-30T01:23:14.098Z] InitialReadForge.onBeforeSend: SKIP (fr=true syn=false hasRead=true)
[2026-07-30T01:23:23.221Z] LiveUpdateForge: EndTurn fallback flush
[2026-07-30T01:23:23.222Z] onEndTurn: naturalStop=false toolCalls=18 nudgeMsg=no
[2026-07-30T01:23:23.377Z] LiveUpdateForge: AfterToolExec flush
[2026-07-30T01:23:23.528Z] InitialReadForge.onBeforeSend: SKIP (fr=true syn=false hasRead=true)
[2026-07-30T01:23:32.867Z] LiveUpdateForge: EndTurn fallback flush
[2026-07-30T01:23:32.868Z] onEndTurn: naturalStop=false toolCalls=19 nudgeMsg=no
[2026-07-30T01:23:48.915Z] LiveUpdateForge: AfterToolExec flush
[2026-07-30T01:23:49.030Z] InitialReadForge.onBeforeSend: SKIP (fr=true syn=false hasRead=true)
[2026-07-30T01:23:59.810Z] LiveUpdateForge: EndTurn fallback flush
[2026-07-30T01:23:59.810Z] onEndTurn: naturalStop=true toolCalls=20 nudgeMsg=no
[2026-07-30T01:25:23.343Z] ResumeDiffForge: running checkResumeConsistency
[2026-07-30T01:25:23.345Z] checkResumeConsistency: forgedTimestamps=[["project","1970-01-01T00:00:00.000Z"]]
[2026-07-30T01:25:23.487Z] checkResumeConsistency: injecting 1 diff notification(s)
[2026-07-30T01:25:23.499Z] injectForgedHistory: role=user preview="[agent-auto] [memory-update 2026-07-29 17:55:54] project memory file has been mo"
[2026-07-30T01:25:23.641Z] injectForgedHistory: recordMessage persisted
[2026-07-30T01:25:23.642Z] LiveUpdateForge: session reset, allowLiveUpdate = false
[2026-07-30T01:25:23.642Z] NudgeForge: ResumeComplete — restoring count from history
[2026-07-30T01:25:23.645Z] restoreNudgeCountFromHistory: found last write at idx=2306 count=0
[2026-07-30T01:25:23.831Z] LiveUpdateForge: allowLiveUpdate = true (first real BeforeSend)
[2026-07-30T01:25:23.834Z] InitialReadForge.onBeforeSend: SKIP (fr=false syn=false hasRead=true)
[2026-07-30T01:25:33.512Z] LiveUpdateForge: EndTurn fallback flush
[2026-07-30T01:25:33.513Z] onEndTurn: naturalStop=false toolCalls=0 nudgeMsg=no
[2026-07-30T01:25:33.555Z] LiveUpdateForge: AfterToolExec flush
[2026-07-30T01:25:33.695Z] InitialReadForge.onBeforeSend: SKIP (fr=true syn=false hasRead=true)
[2026-07-30T01:25:43.610Z] LiveUpdateForge: EndTurn fallback flush
[2026-07-30T01:25:43.611Z] onEndTurn: naturalStop=false toolCalls=1 nudgeMsg=no
[2026-07-30T01:25:48.730Z] LiveUpdateForge: AfterToolExec flush
[2026-07-30T01:25:48.853Z] InitialReadForge.onBeforeSend: SKIP (fr=true syn=false hasRead=true)
[2026-07-30T01:26:01.933Z] LiveUpdateForge: EndTurn fallback flush
[2026-07-30T01:26:01.934Z] onEndTurn: naturalStop=false toolCalls=2 nudgeMsg=no
[2026-07-30T01:26:02.565Z] LiveUpdateForge: AfterToolExec flush
[2026-07-30T01:26:02.666Z] InitialReadForge.onBeforeSend: SKIP (fr=true syn=false hasRead=true)
[2026-07-30T01:26:18.886Z] LiveUpdateForge: EndTurn fallback flush
[2026-07-30T01:26:18.886Z] onEndTurn: naturalStop=false toolCalls=3 nudgeMsg=no
[2026-07-30T01:26:18.979Z] LiveUpdateForge: AfterToolExec flush
[2026-07-30T01:26:19.086Z] InitialReadForge.onBeforeSend: SKIP (fr=true syn=false hasRead=true)
[2026-07-30T01:26:29.829Z] LiveUpdateForge: EndTurn fallback flush
[2026-07-30T01:26:29.829Z] onEndTurn: naturalStop=false toolCalls=4 nudgeMsg=no
[2026-07-30T01:26:32.774Z] LiveUpdateForge: AfterToolExec flush
[2026-07-30T01:26:32.883Z] InitialReadForge.onBeforeSend: SKIP (fr=true syn=false hasRead=true)
[2026-07-30T01:26:40.300Z] LiveUpdateForge: EndTurn fallback flush
[2026-07-30T01:26:40.300Z] onEndTurn: naturalStop=false toolCalls=5 nudgeMsg=no
[2026-07-30T01:26:52.571Z] LiveUpdateForge: AfterToolExec flush
[2026-07-30T01:26:52.684Z] InitialReadForge.onBeforeSend: SKIP (fr=true syn=false hasRead=true)
[2026-07-30T01:27:05.566Z] LiveUpdateForge: EndTurn fallback flush
[2026-07-30T01:27:05.567Z] onEndTurn: naturalStop=true toolCalls=6 nudgeMsg=no
[2026-07-30T01:27:54.463Z] ResumeDiffForge: running checkResumeConsistency
[2026-07-30T01:27:54.465Z] checkResumeConsistency: forgedTimestamps=[["project","1970-01-01T00:00:00.000Z"]]
[2026-07-30T01:27:54.494Z] checkResumeConsistency: injecting 1 diff notification(s)
[2026-07-30T01:27:54.494Z] injectForgedHistory: role=user preview="[agent-auto] [memory-update 2026-07-29 17:55:54] project memory file has been mo"
[2026-07-30T01:27:54.571Z] injectForgedHistory: recordMessage persisted
[2026-07-30T01:27:54.572Z] LiveUpdateForge: session reset, allowLiveUpdate = false
[2026-07-30T01:27:54.572Z] NudgeForge: ResumeComplete — restoring count from history
[2026-07-30T01:27:54.574Z] restoreNudgeCountFromHistory: found last write at idx=2306 count=0
[2026-07-30T01:27:54.725Z] LiveUpdateForge: allowLiveUpdate = true (first real BeforeSend)
[2026-07-30T01:27:54.728Z] InitialReadForge.onBeforeSend: SKIP (fr=false syn=false hasRead=true)
[2026-07-30T01:28:13.519Z] LiveUpdateForge: EndTurn fallback flush
[2026-07-30T01:28:13.520Z] onEndTurn: naturalStop=false toolCalls=0 nudgeMsg=no
[2026-07-30T01:28:13.667Z] LiveUpdateForge: AfterToolExec flush
[2026-07-30T01:28:13.747Z] InitialReadForge.onBeforeSend: SKIP (fr=true syn=false hasRead=true)
[2026-07-30T01:28:22.109Z] LiveUpdateForge: EndTurn fallback flush
[2026-07-30T01:28:22.110Z] onEndTurn: naturalStop=false toolCalls=1 nudgeMsg=no
[2026-07-30T01:28:22.511Z] LiveUpdateForge: AfterToolExec flush
[2026-07-30T01:28:22.601Z] InitialReadForge.onBeforeSend: SKIP (fr=true syn=false hasRead=true)
[2026-07-30T01:28:33.547Z] LiveUpdateForge: EndTurn fallback flush
[2026-07-30T01:28:33.547Z] onEndTurn: naturalStop=false toolCalls=2 nudgeMsg=no
[2026-07-30T01:28:33.954Z] LiveUpdateForge: AfterToolExec flush
[2026-07-30T01:28:34.049Z] InitialReadForge.onBeforeSend: SKIP (fr=true syn=false hasRead=true)
[2026-07-30T01:28:42.443Z] LiveUpdateForge: EndTurn fallback flush
[2026-07-30T01:28:42.444Z] onEndTurn: naturalStop=false toolCalls=3 nudgeMsg=no
[2026-07-30T01:28:42.795Z] LiveUpdateForge: AfterToolExec flush
[2026-07-30T01:28:42.878Z] InitialReadForge.onBeforeSend: SKIP (fr=true syn=false hasRead=true)
[2026-07-30T01:28:51.381Z] LiveUpdateForge: EndTurn fallback flush
[2026-07-30T01:28:51.381Z] onEndTurn: naturalStop=false toolCalls=4 nudgeMsg=no
[2026-07-30T01:29:00.913Z] LiveUpdateForge: AfterToolExec flush
[2026-07-30T01:29:01.018Z] InitialReadForge.onBeforeSend: SKIP (fr=true syn=false hasRead=true)
[2026-07-30T01:29:12.495Z] LiveUpdateForge: EndTurn fallback flush
[2026-07-30T01:29:12.496Z] onEndTurn: naturalStop=false toolCalls=5 nudgeMsg=no
[2026-07-30T01:29:16.039Z] LiveUpdateForge: AfterToolExec flush
[2026-07-30T01:29:16.142Z] InitialReadForge.onBeforeSend: SKIP (fr=true syn=false hasRead=true)
[2026-07-30T01:29:26.659Z] LiveUpdateForge: EndTurn fallback flush
[2026-07-30T01:29:26.660Z] onEndTurn: naturalStop=false toolCalls=6 nudgeMsg=no
[2026-07-30T01:29:27.577Z] LiveUpdateForge: AfterToolExec flush
[2026-07-30T01:29:27.681Z] InitialReadForge.onBeforeSend: SKIP (fr=true syn=false hasRead=true)
[2026-07-30T01:29:38.816Z] LiveUpdateForge: EndTurn fallback flush
[2026-07-30T01:29:38.817Z] onEndTurn: naturalStop=false toolCalls=7 nudgeMsg=no
[2026-07-30T01:29:51.205Z] LiveUpdateForge: AfterToolExec flush
[2026-07-30T01:29:51.323Z] InitialReadForge.onBeforeSend: SKIP (fr=true syn=false hasRead=true)
[2026-07-30T01:30:03.567Z] LiveUpdateForge: EndTurn fallback flush
[2026-07-30T01:30:03.568Z] onEndTurn: naturalStop=false toolCalls=8 nudgeMsg=no
[2026-07-30T01:30:13.720Z] LiveUpdateForge: AfterToolExec flush
[2026-07-30T01:30:13.858Z] InitialReadForge.onBeforeSend: SKIP (fr=true syn=false hasRead=true)
[2026-07-30T01:30:23.828Z] LiveUpdateForge: EndTurn fallback flush
[2026-07-30T01:30:23.829Z] onEndTurn: naturalStop=false toolCalls=9 nudgeMsg=no
[2026-07-30T01:30:23.901Z] LiveUpdateForge: AfterToolExec flush
[2026-07-30T01:30:24.013Z] InitialReadForge.onBeforeSend: SKIP (fr=true syn=false hasRead=true)
[2026-07-30T01:30:35.057Z] LiveUpdateForge: EndTurn fallback flush
[2026-07-30T01:30:35.058Z] onEndTurn: naturalStop=true toolCalls=10 nudgeMsg=no
[2026-07-30T01:32:13.483Z] ResumeDiffForge: running checkResumeConsistency
[2026-07-30T01:32:13.485Z] checkResumeConsistency: forgedTimestamps=[["project","1970-01-01T00:00:00.000Z"]]
[2026-07-30T01:32:13.659Z] checkResumeConsistency: injecting 1 diff notification(s)
[2026-07-30T01:32:13.690Z] injectForgedHistory: role=user preview="[agent-auto] [memory-update 2026-07-29 17:55:54] project memory file has been mo"
[2026-07-30T01:32:13.781Z] injectForgedHistory: recordMessage persisted
[2026-07-30T01:32:13.782Z] LiveUpdateForge: session reset, allowLiveUpdate = false
[2026-07-30T01:32:13.783Z] NudgeForge: ResumeComplete — restoring count from history
[2026-07-30T01:32:13.785Z] restoreNudgeCountFromHistory: found last write at idx=2306 count=0
[2026-07-30T01:32:13.956Z] LiveUpdateForge: allowLiveUpdate = true (first real BeforeSend)
[2026-07-30T01:32:13.959Z] InitialReadForge.onBeforeSend: SKIP (fr=false syn=false hasRead=true)
[2026-07-30T01:32:27.416Z] LiveUpdateForge: EndTurn fallback flush
[2026-07-30T01:32:27.417Z] onEndTurn: naturalStop=false toolCalls=0 nudgeMsg=no
[2026-07-30T01:32:27.507Z] LiveUpdateForge: AfterToolExec flush
[2026-07-30T01:32:27.584Z] InitialReadForge.onBeforeSend: SKIP (fr=true syn=false hasRead=true)
[2026-07-30T01:32:42.848Z] LiveUpdateForge: EndTurn fallback flush
[2026-07-30T01:32:42.849Z] onEndTurn: naturalStop=false toolCalls=1 nudgeMsg=no
[2026-07-30T01:32:42.900Z] LiveUpdateForge: AfterToolExec flush
[2026-07-30T01:32:43.067Z] InitialReadForge.onBeforeSend: SKIP (fr=true syn=false hasRead=true)
[2026-07-30T01:32:53.408Z] LiveUpdateForge: EndTurn fallback flush
[2026-07-30T01:32:53.408Z] onEndTurn: naturalStop=true toolCalls=2 nudgeMsg=no
[2026-07-30T01:33:25.595Z] ResumeDiffForge: running checkResumeConsistency
[2026-07-30T01:33:25.597Z] checkResumeConsistency: forgedTimestamps=[["project","1970-01-01T00:00:00.000Z"]]
[2026-07-30T01:33:25.694Z] checkResumeConsistency: injecting 1 diff notification(s)
[2026-07-30T01:33:25.734Z] injectForgedHistory: role=user preview="[agent-auto] [memory-update 2026-07-29 17:55:54] project memory file has been mo"
[2026-07-30T01:33:25.859Z] injectForgedHistory: recordMessage persisted
[2026-07-30T01:33:25.860Z] LiveUpdateForge: session reset, allowLiveUpdate = false
[2026-07-30T01:33:25.860Z] NudgeForge: ResumeComplete — restoring count from history
[2026-07-30T01:33:25.862Z] restoreNudgeCountFromHistory: found last write at idx=2306 count=0
[2026-07-30T01:33:25.987Z] LiveUpdateForge: allowLiveUpdate = true (first real BeforeSend)
[2026-07-30T01:33:25.989Z] InitialReadForge.onBeforeSend: SKIP (fr=false syn=false hasRead=true)
[2026-07-30T01:33:40.363Z] LiveUpdateForge: EndTurn fallback flush
[2026-07-30T01:33:40.364Z] onEndTurn: naturalStop=false toolCalls=0 nudgeMsg=no
[2026-07-30T01:33:40.419Z] LiveUpdateForge: AfterToolExec flush
[2026-07-30T01:33:40.514Z] InitialReadForge.onBeforeSend: SKIP (fr=true syn=false hasRead=true)
[2026-07-30T01:33:50.414Z] LiveUpdateForge: EndTurn fallback flush
[2026-07-30T01:33:50.415Z] onEndTurn: naturalStop=false toolCalls=1 nudgeMsg=no
[2026-07-30T01:33:50.441Z] LiveUpdateForge: AfterToolExec flush
[2026-07-30T01:33:50.607Z] InitialReadForge.onBeforeSend: SKIP (fr=true syn=false hasRead=true)
[2026-07-30T01:34:00.266Z] LiveUpdateForge: EndTurn fallback flush
[2026-07-30T01:34:00.267Z] onEndTurn: naturalStop=false toolCalls=2 nudgeMsg=no
[2026-07-30T01:34:00.776Z] LiveUpdateForge: AfterToolExec flush
[2026-07-30T01:34:00.881Z] InitialReadForge.onBeforeSend: SKIP (fr=true syn=false hasRead=true)
[2026-07-30T01:34:08.671Z] LiveUpdateForge: EndTurn fallback flush
[2026-07-30T01:34:08.672Z] onEndTurn: naturalStop=false toolCalls=3 nudgeMsg=no
[2026-07-30T01:34:09.078Z] LiveUpdateForge: AfterToolExec flush
[2026-07-30T01:34:09.163Z] InitialReadForge.onBeforeSend: SKIP (fr=true syn=false hasRead=true)
[2026-07-30T01:34:17.165Z] LiveUpdateForge: EndTurn fallback flush
[2026-07-30T01:34:17.166Z] onEndTurn: naturalStop=false toolCalls=4 nudgeMsg=no
[2026-07-30T01:34:17.538Z] LiveUpdateForge: AfterToolExec flush
[2026-07-30T01:34:17.629Z] InitialReadForge.onBeforeSend: SKIP (fr=true syn=false hasRead=true)
[2026-07-30T01:34:26.947Z] LiveUpdateForge: EndTurn fallback flush
[2026-07-30T01:34:26.947Z] onEndTurn: naturalStop=false toolCalls=5 nudgeMsg=no
[2026-07-30T01:34:27.346Z] LiveUpdateForge: AfterToolExec flush
[2026-07-30T01:34:27.516Z] InitialReadForge.onBeforeSend: SKIP (fr=true syn=false hasRead=true)
[2026-07-30T01:34:34.352Z] LiveUpdateForge: EndTurn fallback flush
[2026-07-30T01:34:34.352Z] onEndTurn: naturalStop=false toolCalls=6 nudgeMsg=no
[2026-07-30T01:34:56.571Z] LiveUpdateForge: AfterToolExec flush
[2026-07-30T01:34:56.759Z] InitialReadForge.onBeforeSend: SKIP (fr=true syn=false hasRead=true)
[2026-07-30T01:35:06.201Z] LiveUpdateForge: EndTurn fallback flush
[2026-07-30T01:35:06.202Z] onEndTurn: naturalStop=false toolCalls=7 nudgeMsg=no
[2026-07-30T01:35:06.313Z] LiveUpdateForge: AfterToolExec flush
[2026-07-30T01:35:06.476Z] InitialReadForge.onBeforeSend: SKIP (fr=true syn=false hasRead=true)
[2026-07-30T01:35:20.463Z] LiveUpdateForge: EndTurn fallback flush
[2026-07-30T01:35:20.464Z] onEndTurn: naturalStop=false toolCalls=8 nudgeMsg=no
[2026-07-30T01:35:20.475Z] LiveUpdateForge: AfterToolExec flush
[2026-07-30T01:35:20.796Z] InitialReadForge.onBeforeSend: SKIP (fr=true syn=false hasRead=true)
[2026-07-30T01:35:38.432Z] LiveUpdateForge: EndTurn fallback flush
[2026-07-30T01:35:38.433Z] onEndTurn: naturalStop=false toolCalls=9 nudgeMsg=no
[2026-07-30T01:35:39.009Z] LiveUpdateForge: AfterToolExec flush
[2026-07-30T01:35:39.201Z] InitialReadForge.onBeforeSend: SKIP (fr=true syn=false hasRead=true)
[2026-07-30T01:35:48.542Z] LiveUpdateForge: EndTurn fallback flush
[2026-07-30T01:35:48.542Z] onEndTurn: naturalStop=false toolCalls=10 nudgeMsg=no
[2026-07-30T01:36:03.781Z] LiveUpdateForge: AfterToolExec flush
[2026-07-30T01:36:03.873Z] InitialReadForge.onBeforeSend: SKIP (fr=true syn=false hasRead=true)
[2026-07-30T01:36:12.133Z] LiveUpdateForge: EndTurn fallback flush
[2026-07-30T01:36:12.134Z] onEndTurn: naturalStop=false toolCalls=11 nudgeMsg=no
[2026-07-30T01:36:21.309Z] LiveUpdateForge: AfterToolExec flush
[2026-07-30T01:36:21.430Z] InitialReadForge.onBeforeSend: SKIP (fr=true syn=false hasRead=true)
[2026-07-30T01:36:31.235Z] LiveUpdateForge: EndTurn fallback flush
[2026-07-30T01:36:31.236Z] onEndTurn: naturalStop=false toolCalls=12 nudgeMsg=no
[2026-07-30T01:36:35.778Z] LiveUpdateForge: AfterToolExec flush
[2026-07-30T01:36:35.888Z] InitialReadForge.onBeforeSend: SKIP (fr=true syn=false hasRead=true)
[2026-07-30T01:36:46.008Z] LiveUpdateForge: EndTurn fallback flush
[2026-07-30T01:36:46.009Z] onEndTurn: naturalStop=false toolCalls=13 nudgeMsg=no
[2026-07-30T01:36:47.493Z] LiveUpdateForge: AfterToolExec flush
[2026-07-30T01:36:47.595Z] InitialReadForge.onBeforeSend: SKIP (fr=true syn=false hasRead=true)
[2026-07-30T01:37:03.040Z] LiveUpdateForge: EndTurn fallback flush
[2026-07-30T01:37:03.041Z] onEndTurn: naturalStop=false toolCalls=14 nudgeMsg=no
[2026-07-30T01:37:03.603Z] LiveUpdateForge: AfterToolExec flush
[2026-07-30T01:37:03.760Z] InitialReadForge.onBeforeSend: SKIP (fr=true syn=false hasRead=true)
[2026-07-30T01:37:13.546Z] LiveUpdateForge: EndTurn fallback flush
[2026-07-30T01:37:13.546Z] onEndTurn: naturalStop=false toolCalls=15 nudgeMsg=no
[2026-07-30T01:37:16.350Z] LiveUpdateForge: AfterToolExec flush
[2026-07-30T01:37:16.605Z] InitialReadForge.onBeforeSend: SKIP (fr=true syn=false hasRead=true)
[2026-07-30T01:37:29.486Z] LiveUpdateForge: EndTurn fallback flush
[2026-07-30T01:37:29.490Z] onEndTurn: naturalStop=false toolCalls=16 nudgeMsg=no
[2026-07-30T01:37:46.350Z] LiveUpdateForge: AfterToolExec flush
[2026-07-30T01:37:46.503Z] InitialReadForge.onBeforeSend: SKIP (fr=true syn=false hasRead=true)
[2026-07-30T01:37:54.843Z] LiveUpdateForge: EndTurn fallback flush
[2026-07-30T01:37:54.844Z] onEndTurn: naturalStop=false toolCalls=17 nudgeMsg=no
[2026-07-30T01:37:54.921Z] LiveUpdateForge: AfterToolExec flush
[2026-07-30T01:37:55.030Z] InitialReadForge.onBeforeSend: SKIP (fr=true syn=false hasRead=true)
[2026-07-30T01:38:13.850Z] LiveUpdateForge: EndTurn fallback flush
[2026-07-30T01:38:13.850Z] onEndTurn: naturalStop=false toolCalls=18 nudgeMsg=no
[2026-07-30T01:38:14.267Z] LiveUpdateForge: AfterToolExec flush
[2026-07-30T01:38:14.371Z] InitialReadForge.onBeforeSend: SKIP (fr=true syn=false hasRead=true)
[2026-07-30T01:38:23.771Z] LiveUpdateForge: EndTurn fallback flush
[2026-07-30T01:38:23.772Z] onEndTurn: naturalStop=false toolCalls=19 nudgeMsg=no
[2026-07-30T01:38:23.799Z] LiveUpdateForge: AfterToolExec flush
[2026-07-30T01:38:23.906Z] InitialReadForge.onBeforeSend: SKIP (fr=true syn=false hasRead=true)
[2026-07-30T01:38:33.644Z] LiveUpdateForge: EndTurn fallback flush
[2026-07-30T01:38:33.645Z] onEndTurn: naturalStop=false toolCalls=20 nudgeMsg=no
[2026-07-30T01:38:33.673Z] LiveUpdateForge: AfterToolExec flush
[2026-07-30T01:38:33.774Z] InitialReadForge.onBeforeSend: SKIP (fr=true syn=false hasRead=true)
[2026-07-30T01:38:47.281Z] LiveUpdateForge: EndTurn fallback flush
[2026-07-30T01:38:47.282Z] onEndTurn: naturalStop=false toolCalls=21 nudgeMsg=no
[2026-07-30T01:38:47.756Z] LiveUpdateForge: AfterToolExec flush
[2026-07-30T01:38:47.867Z] InitialReadForge.onBeforeSend: SKIP (fr=true syn=false hasRead=true)
[2026-07-30T01:39:08.941Z] LiveUpdateForge: EndTurn fallback flush
[2026-07-30T01:39:08.942Z] onEndTurn: naturalStop=false toolCalls=22 nudgeMsg=no
[2026-07-30T01:39:08.952Z] LiveUpdateForge: AfterToolExec flush
[2026-07-30T01:39:09.063Z] InitialReadForge.onBeforeSend: SKIP (fr=true syn=false hasRead=true)
[2026-07-30T01:39:20.115Z] LiveUpdateForge: EndTurn fallback flush
[2026-07-30T01:39:20.116Z] onEndTurn: naturalStop=false toolCalls=23 nudgeMsg=no
[2026-07-30T01:39:21.053Z] LiveUpdateForge: AfterToolExec flush
[2026-07-30T01:39:21.154Z] InitialReadForge.onBeforeSend: SKIP (fr=true syn=false hasRead=true)
[2026-07-30T01:39:34.236Z] LiveUpdateForge: EndTurn fallback flush
[2026-07-30T01:39:34.237Z] onEndTurn: naturalStop=false toolCalls=24 nudgeMsg=no
[2026-07-30T01:39:34.789Z] LiveUpdateForge: AfterToolExec flush
[2026-07-30T01:39:34.878Z] InitialReadForge.onBeforeSend: SKIP (fr=true syn=false hasRead=true)
[2026-07-30T01:39:44.458Z] LiveUpdateForge: EndTurn fallback flush
[2026-07-30T01:39:44.459Z] onEndTurn: naturalStop=false toolCalls=25 nudgeMsg=no
[2026-07-30T01:39:44.865Z] LiveUpdateForge: AfterToolExec flush
[2026-07-30T01:39:44.957Z] InitialReadForge.onBeforeSend: SKIP (fr=true syn=false hasRead=true)
[2026-07-30T01:39:52.883Z] LiveUpdateForge: EndTurn fallback flush
[2026-07-30T01:39:52.884Z] onEndTurn: naturalStop=false toolCalls=26 nudgeMsg=no
[2026-07-30T01:39:52.899Z] LiveUpdateForge: AfterToolExec flush
[2026-07-30T01:39:52.979Z] InitialReadForge.onBeforeSend: SKIP (fr=true syn=false hasRead=true)
[2026-07-30T01:40:01.480Z] LiveUpdateForge: EndTurn fallback flush
[2026-07-30T01:40:01.480Z] onEndTurn: naturalStop=false toolCalls=27 nudgeMsg=no
[2026-07-30T01:40:01.638Z] LiveUpdateForge: AfterToolExec flush
[2026-07-30T01:40:01.718Z] InitialReadForge.onBeforeSend: SKIP (fr=true syn=false hasRead=true)
[2026-07-30T01:40:21.303Z] LiveUpdateForge: EndTurn fallback flush
[2026-07-30T01:40:21.304Z] onEndTurn: naturalStop=false toolCalls=28 nudgeMsg=no
[2026-07-30T01:40:21.636Z] LiveUpdateForge: AfterToolExec flush
[2026-07-30T01:40:21.766Z] InitialReadForge.onBeforeSend: SKIP (fr=true syn=false hasRead=true)
[2026-07-30T01:40:31.472Z] LiveUpdateForge: EndTurn fallback flush
[2026-07-30T01:40:31.473Z] onEndTurn: naturalStop=false toolCalls=29 nudgeMsg=no
[2026-07-30T01:41:23.262Z] LiveUpdateForge: AfterToolExec flush
[2026-07-30T01:41:23.371Z] InitialReadForge.onBeforeSend: SKIP (fr=true syn=false hasRead=true)
[2026-07-30T01:41:35.099Z] LiveUpdateForge: EndTurn fallback flush
[2026-07-30T01:41:35.100Z] onEndTurn: naturalStop=true toolCalls=30 nudgeMsg=no
[2026-07-30T01:43:21.998Z] ResumeDiffForge: running checkResumeConsistency
[2026-07-30T01:43:22.001Z] checkResumeConsistency: forgedTimestamps=[["project","1970-01-01T00:00:00.000Z"]]
[2026-07-30T01:43:22.058Z] checkResumeConsistency: injecting 1 diff notification(s)
[2026-07-30T01:43:22.058Z] injectForgedHistory: role=user preview="[agent-auto] [memory-update 2026-07-29 17:55:54] project memory file has been mo"
[2026-07-30T01:43:22.164Z] injectForgedHistory: recordMessage persisted
[2026-07-30T01:43:22.164Z] LiveUpdateForge: session reset, allowLiveUpdate = false
[2026-07-30T01:43:22.165Z] NudgeForge: ResumeComplete — restoring count from history
[2026-07-30T01:43:22.167Z] restoreNudgeCountFromHistory: found last write at idx=2306 count=0
[2026-07-30T01:43:22.347Z] LiveUpdateForge: allowLiveUpdate = true (first real BeforeSend)
[2026-07-30T01:43:22.349Z] InitialReadForge.onBeforeSend: SKIP (fr=false syn=false hasRead=true)
[2026-07-30T01:43:32.585Z] LiveUpdateForge: EndTurn fallback flush
[2026-07-30T01:43:32.585Z] onEndTurn: naturalStop=false toolCalls=0 nudgeMsg=no
[2026-07-30T01:43:32.642Z] LiveUpdateForge: AfterToolExec flush
[2026-07-30T01:43:32.789Z] InitialReadForge.onBeforeSend: SKIP (fr=true syn=false hasRead=true)
[2026-07-30T01:43:50.599Z] LiveUpdateForge: EndTurn fallback flush
[2026-07-30T01:43:50.600Z] onEndTurn: naturalStop=false toolCalls=1 nudgeMsg=no
[2026-07-30T01:43:50.867Z] LiveUpdateForge: AfterToolExec flush
[2026-07-30T01:43:50.947Z] InitialReadForge.onBeforeSend: SKIP (fr=true syn=false hasRead=true)
[2026-07-30T01:44:01.967Z] LiveUpdateForge: EndTurn fallback flush
[2026-07-30T01:44:01.967Z] onEndTurn: naturalStop=false toolCalls=2 nudgeMsg=no
[2026-07-30T01:44:02.421Z] LiveUpdateForge: AfterToolExec flush
[2026-07-30T01:44:02.519Z] InitialReadForge.onBeforeSend: SKIP (fr=true syn=false hasRead=true)
[2026-07-30T01:44:23.991Z] LiveUpdateForge: EndTurn fallback flush
[2026-07-30T01:44:23.992Z] onEndTurn: naturalStop=false toolCalls=3 nudgeMsg=no
[2026-07-30T01:44:24.409Z] LiveUpdateForge: AfterToolExec flush
[2026-07-30T01:44:24.508Z] InitialReadForge.onBeforeSend: SKIP (fr=true syn=false hasRead=true)
[2026-07-30T01:44:33.832Z] LiveUpdateForge: EndTurn fallback flush
[2026-07-30T01:44:33.833Z] onEndTurn: naturalStop=false toolCalls=4 nudgeMsg=no
[2026-07-30T01:44:34.299Z] LiveUpdateForge: AfterToolExec flush
[2026-07-30T01:44:34.414Z] InitialReadForge.onBeforeSend: SKIP (fr=true syn=false hasRead=true)
[2026-07-30T01:44:42.938Z] LiveUpdateForge: EndTurn fallback flush
[2026-07-30T01:44:42.938Z] onEndTurn: naturalStop=false toolCalls=5 nudgeMsg=no
[2026-07-30T01:44:43.364Z] LiveUpdateForge: AfterToolExec flush
[2026-07-30T01:44:43.460Z] InitialReadForge.onBeforeSend: SKIP (fr=true syn=false hasRead=true)
[2026-07-30T01:44:54.359Z] LiveUpdateForge: EndTurn fallback flush
[2026-07-30T01:44:54.359Z] onEndTurn: naturalStop=false toolCalls=6 nudgeMsg=no
[2026-07-30T01:44:54.857Z] LiveUpdateForge: AfterToolExec flush
[2026-07-30T01:44:54.965Z] InitialReadForge.onBeforeSend: SKIP (fr=true syn=false hasRead=true)
[2026-07-30T01:45:06.590Z] LiveUpdateForge: EndTurn fallback flush
[2026-07-30T01:45:06.590Z] onEndTurn: naturalStop=false toolCalls=7 nudgeMsg=no
[2026-07-30T01:45:06.610Z] LiveUpdateForge: AfterToolExec flush
[2026-07-30T01:45:06.712Z] InitialReadForge.onBeforeSend: SKIP (fr=true syn=false hasRead=true)
[2026-07-30T01:45:17.016Z] LiveUpdateForge: EndTurn fallback flush
[2026-07-30T01:45:17.017Z] onEndTurn: naturalStop=false toolCalls=8 nudgeMsg=no
[2026-07-30T01:45:17.031Z] LiveUpdateForge: AfterToolExec flush
[2026-07-30T01:45:17.145Z] InitialReadForge.onBeforeSend: SKIP (fr=true syn=false hasRead=true)
[2026-07-30T01:45:26.659Z] LiveUpdateForge: EndTurn fallback flush
[2026-07-30T01:45:26.660Z] onEndTurn: naturalStop=false toolCalls=9 nudgeMsg=no
[2026-07-30T01:45:27.162Z] LiveUpdateForge: AfterToolExec flush
[2026-07-30T01:45:27.284Z] InitialReadForge.onBeforeSend: SKIP (fr=true syn=false hasRead=true)
[2026-07-30T01:45:36.993Z] LiveUpdateForge: EndTurn fallback flush
[2026-07-30T01:45:36.993Z] onEndTurn: naturalStop=false toolCalls=10 nudgeMsg=no
[2026-07-30T01:45:37.485Z] LiveUpdateForge: AfterToolExec flush
[2026-07-30T01:45:37.594Z] InitialReadForge.onBeforeSend: SKIP (fr=true syn=false hasRead=true)
[2026-07-30T01:45:49.655Z] LiveUpdateForge: EndTurn fallback flush
[2026-07-30T01:45:49.656Z] onEndTurn: naturalStop=false toolCalls=11 nudgeMsg=no
[2026-07-30T01:45:50.143Z] LiveUpdateForge: AfterToolExec flush
[2026-07-30T01:45:50.261Z] InitialReadForge.onBeforeSend: SKIP (fr=true syn=false hasRead=true)
[2026-07-30T01:46:03.560Z] LiveUpdateForge: EndTurn fallback flush
[2026-07-30T01:46:03.561Z] onEndTurn: naturalStop=false toolCalls=12 nudgeMsg=no
[2026-07-30T01:46:04.019Z] LiveUpdateForge: AfterToolExec flush
[2026-07-30T01:46:04.125Z] InitialReadForge.onBeforeSend: SKIP (fr=true syn=false hasRead=true)
[2026-07-30T01:46:16.594Z] LiveUpdateForge: EndTurn fallback flush
[2026-07-30T01:46:16.595Z] onEndTurn: naturalStop=false toolCalls=13 nudgeMsg=no
[2026-07-30T01:46:17.046Z] LiveUpdateForge: AfterToolExec flush
[2026-07-30T01:46:17.144Z] InitialReadForge.onBeforeSend: SKIP (fr=true syn=false hasRead=true)
[2026-07-30T01:46:24.837Z] LiveUpdateForge: EndTurn fallback flush
[2026-07-30T01:46:24.838Z] onEndTurn: naturalStop=false toolCalls=14 nudgeMsg=no
[2026-07-30T01:46:24.853Z] LiveUpdateForge: AfterToolExec flush
[2026-07-30T01:46:24.973Z] InitialReadForge.onBeforeSend: SKIP (fr=true syn=false hasRead=true)
[2026-07-30T01:46:32.835Z] LiveUpdateForge: EndTurn fallback flush
[2026-07-30T01:46:32.836Z] onEndTurn: naturalStop=false toolCalls=15 nudgeMsg=no
[2026-07-30T01:46:33.295Z] LiveUpdateForge: AfterToolExec flush
[2026-07-30T01:46:33.407Z] InitialReadForge.onBeforeSend: SKIP (fr=true syn=false hasRead=true)
[2026-07-30T01:46:42.579Z] LiveUpdateForge: EndTurn fallback flush
[2026-07-30T01:46:42.580Z] onEndTurn: naturalStop=false toolCalls=16 nudgeMsg=no
[2026-07-30T01:46:43.039Z] LiveUpdateForge: AfterToolExec flush
[2026-07-30T01:46:43.148Z] InitialReadForge.onBeforeSend: SKIP (fr=true syn=false hasRead=true)
[2026-07-30T01:46:56.029Z] LiveUpdateForge: EndTurn fallback flush
[2026-07-30T01:46:56.030Z] onEndTurn: naturalStop=false toolCalls=17 nudgeMsg=no
[2026-07-30T01:46:56.482Z] LiveUpdateForge: AfterToolExec flush
[2026-07-30T01:46:56.592Z] InitialReadForge.onBeforeSend: SKIP (fr=true syn=false hasRead=true)
[2026-07-30T01:47:05.433Z] LiveUpdateForge: EndTurn fallback flush
[2026-07-30T01:47:05.434Z] onEndTurn: naturalStop=false toolCalls=18 nudgeMsg=no
[2026-07-30T01:47:05.893Z] LiveUpdateForge: AfterToolExec flush
[2026-07-30T01:47:06.014Z] InitialReadForge.onBeforeSend: SKIP (fr=true syn=false hasRead=true)
[2026-07-30T01:47:15.441Z] LiveUpdateForge: EndTurn fallback flush
[2026-07-30T01:47:15.441Z] onEndTurn: naturalStop=false toolCalls=19 nudgeMsg=no
[2026-07-30T01:47:15.454Z] LiveUpdateForge: AfterToolExec flush
[2026-07-30T01:47:15.565Z] InitialReadForge.onBeforeSend: SKIP (fr=true syn=false hasRead=true)
[2026-07-30T01:47:27.508Z] LiveUpdateForge: EndTurn fallback flush
[2026-07-30T01:47:27.509Z] onEndTurn: naturalStop=false toolCalls=20 nudgeMsg=no
[2026-07-30T01:47:27.743Z] LiveUpdateForge: AfterToolExec flush
[2026-07-30T01:47:27.855Z] InitialReadForge.onBeforeSend: SKIP (fr=true syn=false hasRead=true)
[2026-07-30T01:47:37.617Z] LiveUpdateForge: EndTurn fallback flush
[2026-07-30T01:47:37.618Z] onEndTurn: naturalStop=false toolCalls=21 nudgeMsg=no
[2026-07-30T01:47:38.107Z] LiveUpdateForge: AfterToolExec flush
[2026-07-30T01:47:38.231Z] InitialReadForge.onBeforeSend: SKIP (fr=true syn=false hasRead=true)
[2026-07-30T01:47:48.942Z] LiveUpdateForge: EndTurn fallback flush
[2026-07-30T01:47:48.943Z] onEndTurn: naturalStop=false toolCalls=22 nudgeMsg=no
[2026-07-30T01:47:49.408Z] LiveUpdateForge: AfterToolExec flush
[2026-07-30T01:47:49.521Z] InitialReadForge.onBeforeSend: SKIP (fr=true syn=false hasRead=true)
[2026-07-30T01:47:59.086Z] LiveUpdateForge: EndTurn fallback flush
[2026-07-30T01:47:59.087Z] onEndTurn: naturalStop=false toolCalls=23 nudgeMsg=no
[2026-07-30T01:47:59.237Z] LiveUpdateForge: AfterToolExec flush
[2026-07-30T01:47:59.361Z] InitialReadForge.onBeforeSend: SKIP (fr=true syn=false hasRead=true)
[2026-07-30T01:48:10.657Z] LiveUpdateForge: EndTurn fallback flush
[2026-07-30T01:48:10.658Z] onEndTurn: naturalStop=false toolCalls=24 nudgeMsg=no
[2026-07-30T01:48:10.805Z] LiveUpdateForge: AfterToolExec flush
[2026-07-30T01:48:10.936Z] InitialReadForge.onBeforeSend: SKIP (fr=true syn=false hasRead=true)
[2026-07-30T01:48:23.695Z] LiveUpdateForge: EndTurn fallback flush
[2026-07-30T01:48:23.696Z] onEndTurn: naturalStop=false toolCalls=25 nudgeMsg=no
[2026-07-30T01:48:23.794Z] LiveUpdateForge: AfterToolExec flush
[2026-07-30T01:48:23.891Z] InitialReadForge.onBeforeSend: SKIP (fr=true syn=false hasRead=true)
[2026-07-30T01:48:31.762Z] LiveUpdateForge: EndTurn fallback flush
[2026-07-30T01:48:31.763Z] onEndTurn: naturalStop=false toolCalls=26 nudgeMsg=no
[2026-07-30T01:48:32.231Z] LiveUpdateForge: AfterToolExec flush
[2026-07-30T01:48:32.341Z] InitialReadForge.onBeforeSend: SKIP (fr=true syn=false hasRead=true)
[2026-07-30T01:48:41.831Z] LiveUpdateForge: EndTurn fallback flush
[2026-07-30T01:48:41.832Z] onEndTurn: naturalStop=false toolCalls=27 nudgeMsg=no
[2026-07-30T01:48:41.852Z] LiveUpdateForge: AfterToolExec flush
[2026-07-30T01:48:41.960Z] InitialReadForge.onBeforeSend: SKIP (fr=true syn=false hasRead=true)
[2026-07-30T01:48:54.077Z] LiveUpdateForge: EndTurn fallback flush
[2026-07-30T01:48:54.078Z] onEndTurn: naturalStop=false toolCalls=28 nudgeMsg=no
[2026-07-30T01:48:54.482Z] LiveUpdateForge: AfterToolExec flush
[2026-07-30T01:48:54.603Z] InitialReadForge.onBeforeSend: SKIP (fr=true syn=false hasRead=true)
[2026-07-30T01:49:07.522Z] LiveUpdateForge: EndTurn fallback flush
[2026-07-30T01:49:07.523Z] onEndTurn: naturalStop=false toolCalls=29 nudgeMsg=no
[2026-07-30T01:49:08.141Z] LiveUpdateForge: AfterToolExec flush
[2026-07-30T01:49:08.260Z] InitialReadForge.onBeforeSend: SKIP (fr=true syn=false hasRead=true)
[2026-07-30T01:49:17.886Z] LiveUpdateForge: EndTurn fallback flush
[2026-07-30T01:49:17.887Z] onEndTurn: naturalStop=false toolCalls=30 nudgeMsg=no
[2026-07-30T01:49:18.038Z] LiveUpdateForge: AfterToolExec flush
[2026-07-30T01:49:18.151Z] InitialReadForge.onBeforeSend: SKIP (fr=true syn=false hasRead=true)
[2026-07-30T01:49:26.096Z] LiveUpdateForge: EndTurn fallback flush
[2026-07-30T01:49:26.142Z] onEndTurn: naturalStop=false toolCalls=31 nudgeMsg=no
[2026-07-30T01:49:26.502Z] LiveUpdateForge: AfterToolExec flush
[2026-07-30T01:49:26.635Z] InitialReadForge.onBeforeSend: SKIP (fr=true syn=false hasRead=true)
[2026-07-30T01:49:38.407Z] LiveUpdateForge: EndTurn fallback flush
[2026-07-30T01:49:38.408Z] onEndTurn: naturalStop=false toolCalls=32 nudgeMsg=no
[2026-07-30T01:49:38.604Z] LiveUpdateForge: AfterToolExec flush
[2026-07-30T01:49:38.711Z] InitialReadForge.onBeforeSend: SKIP (fr=true syn=false hasRead=true)
[2026-07-30T01:49:48.627Z] LiveUpdateForge: EndTurn fallback flush
[2026-07-30T01:49:48.628Z] onEndTurn: naturalStop=false toolCalls=33 nudgeMsg=no
[2026-07-30T01:49:48.769Z] LiveUpdateForge: AfterToolExec flush
[2026-07-30T01:49:48.894Z] InitialReadForge.onBeforeSend: SKIP (fr=true syn=false hasRead=true)
[2026-07-30T01:49:57.650Z] LiveUpdateForge: EndTurn fallback flush
[2026-07-30T01:49:57.651Z] onEndTurn: naturalStop=false toolCalls=34 nudgeMsg=no
[2026-07-30T01:49:57.676Z] LiveUpdateForge: AfterToolExec flush
[2026-07-30T01:49:57.813Z] InitialReadForge.onBeforeSend: SKIP (fr=true syn=false hasRead=true)
[2026-07-30T01:50:07.482Z] LiveUpdateForge: EndTurn fallback flush
[2026-07-30T01:50:07.483Z] onEndTurn: naturalStop=false toolCalls=35 nudgeMsg=no
[2026-07-30T01:50:07.607Z] LiveUpdateForge: AfterToolExec flush
[2026-07-30T01:50:07.731Z] InitialReadForge.onBeforeSend: SKIP (fr=true syn=false hasRead=true)
[2026-07-30T01:50:20.527Z] LiveUpdateForge: EndTurn fallback flush
[2026-07-30T01:50:20.528Z] onEndTurn: naturalStop=false toolCalls=36 nudgeMsg=no
[2026-07-30T01:50:20.692Z] LiveUpdateForge: AfterToolExec flush
[2026-07-30T01:50:20.833Z] InitialReadForge.onBeforeSend: SKIP (fr=true syn=false hasRead=true)
[2026-07-30T01:51:56.538Z] LiveUpdateForge: EndTurn fallback flush
[2026-07-30T01:51:56.539Z] onEndTurn: naturalStop=false toolCalls=37 nudgeMsg=no
[2026-07-30T01:51:56.743Z] LiveUpdateForge: AfterToolExec flush
[2026-07-30T01:51:56.898Z] InitialReadForge.onBeforeSend: SKIP (fr=true syn=false hasRead=true)
[2026-07-30T01:52:09.906Z] LiveUpdateForge: EndTurn fallback flush
[2026-07-30T01:52:09.907Z] onEndTurn: naturalStop=false toolCalls=38 nudgeMsg=no
[2026-07-30T01:52:10.215Z] LiveUpdateForge: AfterToolExec flush
[2026-07-30T01:52:10.322Z] InitialReadForge.onBeforeSend: SKIP (fr=true syn=false hasRead=true)
[2026-07-30T01:52:34.533Z] LiveUpdateForge: EndTurn fallback flush
[2026-07-30T01:52:34.534Z] onEndTurn: naturalStop=true toolCalls=39 nudgeMsg=no
[2026-07-30T01:52:34.573Z] InitialReadForge.onBeforeSend: SKIP (fr=false syn=false hasRead=true)
[2026-07-30T01:52:57.487Z] LiveUpdateForge: EndTurn fallback flush
[2026-07-30T01:52:57.487Z] onEndTurn: naturalStop=false toolCalls=39 nudgeMsg=no
[2026-07-30T01:52:59.118Z] LiveUpdateForge: AfterToolExec flush
[2026-07-30T01:52:59.210Z] InitialReadForge.onBeforeSend: SKIP (fr=true syn=false hasRead=true)
[2026-07-30T01:53:18.812Z] LiveUpdateForge: EndTurn fallback flush
[2026-07-30T01:53:18.813Z] onEndTurn: naturalStop=false toolCalls=40 nudgeMsg=no
[2026-07-30T01:53:28.849Z] LiveUpdateForge: AfterToolExec flush
[2026-07-30T01:53:28.966Z] InitialReadForge.onBeforeSend: SKIP (fr=true syn=false hasRead=true)
[2026-07-30T01:55:46.477Z] ResumeDiffForge: running checkResumeConsistency
[2026-07-30T01:55:46.479Z] checkResumeConsistency: forgedTimestamps=[["project","1970-01-01T00:00:00.000Z"]]
[2026-07-30T01:55:46.632Z] checkResumeConsistency: injecting 1 diff notification(s)
[2026-07-30T01:55:46.700Z] injectForgedHistory: role=user preview="[agent-auto] [memory-update 2026-07-29 17:55:54] project memory file has been mo"
[2026-07-30T01:55:46.772Z] injectForgedHistory: recordMessage persisted
[2026-07-30T01:55:46.772Z] LiveUpdateForge: session reset, allowLiveUpdate = false
[2026-07-30T01:55:46.773Z] NudgeForge: ResumeComplete — restoring count from history
[2026-07-30T01:55:46.774Z] restoreNudgeCountFromHistory: found last write at idx=2306 count=0
[2026-07-30T01:55:46.921Z] LiveUpdateForge: allowLiveUpdate = true (first real BeforeSend)
[2026-07-30T01:55:46.925Z] InitialReadForge.onBeforeSend: SKIP (fr=false syn=false hasRead=true)
[2026-07-30T01:56:12.802Z] LiveUpdateForge: EndTurn fallback flush
[2026-07-30T01:56:12.803Z] onEndTurn: naturalStop=false toolCalls=0 nudgeMsg=no
[2026-07-30T01:56:13.259Z] LiveUpdateForge: AfterToolExec flush
[2026-07-30T01:56:13.342Z] InitialReadForge.onBeforeSend: SKIP (fr=true syn=false hasRead=true)
[2026-07-30T01:56:32.722Z] LiveUpdateForge: EndTurn fallback flush
[2026-07-30T01:56:32.723Z] onEndTurn: naturalStop=false toolCalls=1 nudgeMsg=no
[2026-07-30T01:56:32.735Z] LiveUpdateForge: AfterToolExec flush
[2026-07-30T01:56:32.841Z] InitialReadForge.onBeforeSend: SKIP (fr=true syn=false hasRead=true)
[2026-07-30T01:56:59.512Z] LiveUpdateForge: EndTurn fallback flush
[2026-07-30T01:56:59.512Z] onEndTurn: naturalStop=false toolCalls=2 nudgeMsg=no
[2026-07-30T01:56:59.726Z] LiveUpdateForge: AfterToolExec flush
[2026-07-30T01:56:59.809Z] InitialReadForge.onBeforeSend: SKIP (fr=true syn=false hasRead=true)
[2026-07-30T01:57:26.413Z] LiveUpdateForge: EndTurn fallback flush
[2026-07-30T01:57:26.415Z] onEndTurn: naturalStop=false toolCalls=3 nudgeMsg=no
[2026-07-30T01:57:27.003Z] LiveUpdateForge: AfterToolExec flush
[2026-07-30T01:57:27.122Z] InitialReadForge.onBeforeSend: SKIP (fr=true syn=false hasRead=true)
[2026-07-30T01:58:00.312Z] LiveUpdateForge: EndTurn fallback flush
[2026-07-30T01:58:00.312Z] onEndTurn: naturalStop=false toolCalls=4 nudgeMsg=no
[2026-07-30T01:58:00.330Z] LiveUpdateForge: AfterToolExec flush
[2026-07-30T01:58:00.466Z] InitialReadForge.onBeforeSend: SKIP (fr=true syn=false hasRead=true)
[2026-07-30T01:58:37.926Z] LiveUpdateForge: EndTurn fallback flush
[2026-07-30T01:58:37.926Z] onEndTurn: naturalStop=false toolCalls=5 nudgeMsg=no
[2026-07-30T01:58:38.142Z] LiveUpdateForge: AfterToolExec flush
[2026-07-30T01:58:38.234Z] InitialReadForge.onBeforeSend: SKIP (fr=true syn=false hasRead=true)
[2026-07-30T01:58:58.172Z] LiveUpdateForge: EndTurn fallback flush
[2026-07-30T01:58:58.173Z] onEndTurn: naturalStop=false toolCalls=6 nudgeMsg=no
[2026-07-30T01:58:58.192Z] LiveUpdateForge: AfterToolExec flush
[2026-07-30T01:58:58.272Z] InitialReadForge.onBeforeSend: SKIP (fr=true syn=false hasRead=true)
[2026-07-30T01:59:18.443Z] LiveUpdateForge: EndTurn fallback flush
[2026-07-30T01:59:18.444Z] onEndTurn: naturalStop=false toolCalls=7 nudgeMsg=no
[2026-07-30T01:59:18.847Z] LiveUpdateForge: AfterToolExec flush
[2026-07-30T01:59:18.923Z] InitialReadForge.onBeforeSend: SKIP (fr=true syn=false hasRead=true)
[2026-07-30T01:59:42.926Z] LiveUpdateForge: EndTurn fallback flush
[2026-07-30T01:59:42.926Z] onEndTurn: naturalStop=false toolCalls=8 nudgeMsg=no
[2026-07-30T01:59:47.549Z] LiveUpdateForge: AfterToolExec flush
[2026-07-30T01:59:47.666Z] InitialReadForge.onBeforeSend: SKIP (fr=true syn=false hasRead=true)
[2026-07-30T02:00:07.578Z] LiveUpdateForge: EndTurn fallback flush
[2026-07-30T02:00:07.579Z] onEndTurn: naturalStop=true toolCalls=9 nudgeMsg=no
[2026-07-30T02:01:30.084Z] ResumeDiffForge: running checkResumeConsistency
[2026-07-30T02:01:30.087Z] checkResumeConsistency: forgedTimestamps=[["project","1970-01-01T00:00:00.000Z"]]
[2026-07-30T02:01:30.115Z] checkResumeConsistency: injecting 1 diff notification(s)
[2026-07-30T02:01:30.116Z] injectForgedHistory: role=user preview="[agent-auto] [memory-update 2026-07-29 17:55:54] project memory file has been mo"
[2026-07-30T02:01:30.214Z] injectForgedHistory: recordMessage persisted
[2026-07-30T02:01:30.214Z] LiveUpdateForge: session reset, allowLiveUpdate = false
[2026-07-30T02:01:30.215Z] NudgeForge: ResumeComplete — restoring count from history
[2026-07-30T02:01:30.217Z] restoreNudgeCountFromHistory: found last write at idx=2306 count=41
[2026-07-30T02:01:30.416Z] LiveUpdateForge: allowLiveUpdate = true (first real BeforeSend)
[2026-07-30T02:01:30.420Z] InitialReadForge.onBeforeSend: SKIP (fr=false syn=false hasRead=true)
[2026-07-30T02:02:03.042Z] LiveUpdateForge: EndTurn fallback flush
[2026-07-30T02:02:03.043Z] onEndTurn: naturalStop=false toolCalls=41 nudgeMsg=no
[2026-07-30T02:02:03.099Z] LiveUpdateForge: AfterToolExec flush
[2026-07-30T02:02:03.203Z] InitialReadForge.onBeforeSend: SKIP (fr=true syn=false hasRead=true)
[2026-07-30T02:02:19.714Z] LiveUpdateForge: EndTurn fallback flush
[2026-07-30T02:02:19.715Z] onEndTurn: naturalStop=false toolCalls=42 nudgeMsg=no
[2026-07-30T02:02:19.728Z] LiveUpdateForge: AfterToolExec flush
[2026-07-30T02:02:19.829Z] InitialReadForge.onBeforeSend: SKIP (fr=true syn=false hasRead=true)
[2026-07-30T02:02:43.453Z] LiveUpdateForge: EndTurn fallback flush
[2026-07-30T02:02:43.454Z] onEndTurn: naturalStop=false toolCalls=43 nudgeMsg=no
[2026-07-30T02:02:43.474Z] LiveUpdateForge: AfterToolExec flush
[2026-07-30T02:02:43.574Z] InitialReadForge.onBeforeSend: SKIP (fr=true syn=false hasRead=true)
[2026-07-30T02:03:09.135Z] LiveUpdateForge: EndTurn fallback flush
[2026-07-30T02:03:09.136Z] onEndTurn: naturalStop=false toolCalls=44 nudgeMsg=no
[2026-07-30T02:03:09.464Z] LiveUpdateForge: AfterToolExec flush
[2026-07-30T02:03:09.577Z] InitialReadForge.onBeforeSend: SKIP (fr=true syn=false hasRead=true)
[2026-07-30T02:03:29.847Z] LiveUpdateForge: EndTurn fallback flush
[2026-07-30T02:03:29.848Z] onEndTurn: naturalStop=false toolCalls=45 nudgeMsg=no
[2026-07-30T02:03:30.134Z] LiveUpdateForge: AfterToolExec flush
[2026-07-30T02:03:30.267Z] InitialReadForge.onBeforeSend: SKIP (fr=true syn=false hasRead=true)
[2026-07-30T02:04:17.150Z] LiveUpdateForge: EndTurn fallback flush
[2026-07-30T02:04:17.151Z] onEndTurn: naturalStop=false toolCalls=46 nudgeMsg=no
[2026-07-30T02:04:18.068Z] LiveUpdateForge: AfterToolExec flush
[2026-07-30T02:04:18.166Z] InitialReadForge.onBeforeSend: SKIP (fr=true syn=false hasRead=true)
[2026-07-30T02:04:41.235Z] LiveUpdateForge: EndTurn fallback flush
[2026-07-30T02:04:41.236Z] onEndTurn: naturalStop=false toolCalls=47 nudgeMsg=no
[2026-07-30T02:04:55.792Z] LiveUpdateForge: AfterToolExec flush
[2026-07-30T02:04:55.909Z] InitialReadForge.onBeforeSend: SKIP (fr=true syn=false hasRead=true)
[2026-07-30T02:05:15.153Z] LiveUpdateForge: EndTurn fallback flush
[2026-07-30T02:05:15.154Z] onEndTurn: naturalStop=true toolCalls=48 nudgeMsg=no
[2026-07-30T02:05:15.179Z] InitialReadForge.onBeforeSend: SKIP (fr=false syn=false hasRead=true)
[2026-07-30T02:05:35.760Z] LiveUpdateForge: EndTurn fallback flush
[2026-07-30T02:05:35.761Z] onEndTurn: naturalStop=false toolCalls=48 nudgeMsg=no
[2026-07-30T02:05:35.868Z] LiveUpdateForge: AfterToolExec flush
[2026-07-30T02:05:35.964Z] InitialReadForge.onBeforeSend: SKIP (fr=true syn=false hasRead=true)
[2026-07-30T02:06:00.713Z] LiveUpdateForge: EndTurn fallback flush
[2026-07-30T02:06:00.713Z] onEndTurn: naturalStop=true toolCalls=49 nudgeMsg=no
[2026-07-30T02:08:42.411Z] ResumeDiffForge: running checkResumeConsistency
[2026-07-30T02:08:42.413Z] checkResumeConsistency: forgedTimestamps=[["project","1970-01-01T00:00:00.000Z"]]
[2026-07-30T02:08:42.580Z] checkResumeConsistency: injecting 1 diff notification(s)
[2026-07-30T02:08:42.647Z] injectForgedHistory: role=user preview="[agent-auto] [memory-update 2026-07-29 17:55:54] project memory file has been mo"
[2026-07-30T02:08:42.723Z] injectForgedHistory: recordMessage persisted
[2026-07-30T02:08:42.723Z] LiveUpdateForge: session reset, allowLiveUpdate = false
[2026-07-30T02:08:42.724Z] NudgeForge: ResumeComplete — restoring count from history
[2026-07-30T02:08:42.726Z] restoreNudgeCountFromHistory: found last write at idx=2306 count=41
[2026-07-30T02:08:42.889Z] LiveUpdateForge: allowLiveUpdate = true (first real BeforeSend)
[2026-07-30T02:08:42.907Z] InitialReadForge.onBeforeSend: SKIP (fr=false syn=false hasRead=true)
[2026-07-30T02:09:19.612Z] LiveUpdateForge: EndTurn fallback flush
[2026-07-30T02:09:19.613Z] onEndTurn: naturalStop=false toolCalls=41 nudgeMsg=no
[2026-07-30T02:09:23.546Z] LiveUpdateForge: AfterToolExec flush
[2026-07-30T02:09:23.639Z] InitialReadForge.onBeforeSend: SKIP (fr=true syn=false hasRead=true)
[2026-07-30T02:10:05.129Z] LiveUpdateForge: EndTurn fallback flush
[2026-07-30T02:10:05.130Z] onEndTurn: naturalStop=false toolCalls=42 nudgeMsg=no
[2026-07-30T02:10:39.149Z] LiveUpdateForge: AfterToolExec flush
[2026-07-30T02:10:39.264Z] InitialReadForge.onBeforeSend: SKIP (fr=true syn=false hasRead=true)
[2026-07-30T02:11:17.957Z] LiveUpdateForge: EndTurn fallback flush
[2026-07-30T02:11:17.958Z] onEndTurn: naturalStop=false toolCalls=43 nudgeMsg=no
[2026-07-30T02:11:17.976Z] LiveUpdateForge: AfterToolExec flush
[2026-07-30T02:11:18.114Z] InitialReadForge.onBeforeSend: SKIP (fr=true syn=false hasRead=true)
[2026-07-30T02:11:49.116Z] LiveUpdateForge: EndTurn fallback flush
[2026-07-30T02:11:49.117Z] onEndTurn: naturalStop=false toolCalls=44 nudgeMsg=no
[2026-07-30T02:11:49.518Z] LiveUpdateForge: AfterToolExec flush
[2026-07-30T02:11:49.840Z] InitialReadForge.onBeforeSend: SKIP (fr=true syn=false hasRead=true)
[2026-07-30T02:12:14.435Z] LiveUpdateForge: EndTurn fallback flush
[2026-07-30T02:12:14.436Z] onEndTurn: naturalStop=false toolCalls=45 nudgeMsg=no
[2026-07-30T02:12:32.609Z] LiveUpdateForge: AfterToolExec flush
[2026-07-30T02:12:32.710Z] InitialReadForge.onBeforeSend: SKIP (fr=true syn=false hasRead=true)
[2026-07-30T02:13:05.889Z] LiveUpdateForge: EndTurn fallback flush
[2026-07-30T02:13:05.890Z] onEndTurn: naturalStop=true toolCalls=46 nudgeMsg=no
[2026-07-30T02:13:05.913Z] InitialReadForge.onBeforeSend: SKIP (fr=false syn=false hasRead=true)
[2026-07-30T02:13:27.147Z] LiveUpdateForge: EndTurn fallback flush
[2026-07-30T02:13:27.148Z] onEndTurn: naturalStop=false toolCalls=46 nudgeMsg=no
[2026-07-30T02:13:36.334Z] LiveUpdateForge: AfterToolExec flush
[2026-07-30T02:13:36.456Z] InitialReadForge.onBeforeSend: SKIP (fr=true syn=false hasRead=true)
[2026-07-30T02:14:03.228Z] LiveUpdateForge: EndTurn fallback flush
[2026-07-30T02:14:03.229Z] onEndTurn: naturalStop=true toolCalls=47 nudgeMsg=no
[2026-07-30T02:14:03.255Z] InitialReadForge.onBeforeSend: SKIP (fr=false syn=false hasRead=true)
[2026-07-30T02:14:25.178Z] LiveUpdateForge: EndTurn fallback flush
[2026-07-30T02:14:25.179Z] onEndTurn: naturalStop=false toolCalls=47 nudgeMsg=no
[2026-07-30T02:14:26.184Z] LiveUpdateForge: AfterToolExec flush
[2026-07-30T02:14:26.264Z] InitialReadForge.onBeforeSend: SKIP (fr=true syn=false hasRead=true)
[2026-07-30T02:14:47.015Z] LiveUpdateForge: EndTurn fallback flush
[2026-07-30T02:14:47.016Z] onEndTurn: naturalStop=false toolCalls=48 nudgeMsg=no
[2026-07-30T02:14:47.067Z] LiveUpdateForge: AfterToolExec flush
[2026-07-30T02:14:47.174Z] InitialReadForge.onBeforeSend: SKIP (fr=true syn=false hasRead=true)
[2026-07-30T02:15:13.572Z] LiveUpdateForge: EndTurn fallback flush
[2026-07-30T02:15:13.572Z] onEndTurn: naturalStop=true toolCalls=49 nudgeMsg=no
[2026-07-30T02:19:24.364Z] ResumeDiffForge: running checkResumeConsistency
[2026-07-30T02:19:24.365Z] checkResumeConsistency: forgedTimestamps=[["project","1970-01-01T00:00:00.000Z"]]
[2026-07-30T02:19:25.208Z] checkResumeConsistency: injecting 1 diff notification(s)
[2026-07-30T02:19:25.486Z] injectForgedHistory: role=user preview="[agent-auto] [memory-update 2026-07-29 17:55:54] project memory file has been mo"
[2026-07-30T02:19:25.559Z] injectForgedHistory: recordMessage persisted
[2026-07-30T02:19:25.560Z] LiveUpdateForge: session reset, allowLiveUpdate = false
[2026-07-30T02:19:25.560Z] NudgeForge: ResumeComplete — restoring count from history
[2026-07-30T02:19:25.562Z] restoreNudgeCountFromHistory: found last write at idx=2306 count=41
[2026-07-30T02:19:25.717Z] LiveUpdateForge: allowLiveUpdate = true (first real BeforeSend)
[2026-07-30T02:19:25.719Z] InitialReadForge.onBeforeSend: SKIP (fr=false syn=false hasRead=true)
[2026-07-30T02:19:50.335Z] LiveUpdateForge: EndTurn fallback flush
[2026-07-30T02:19:50.336Z] onEndTurn: naturalStop=true toolCalls=41 nudgeMsg=no
[2026-07-30T02:19:50.362Z] InitialReadForge.onBeforeSend: SKIP (fr=false syn=false hasRead=true)
[2026-07-30T02:20:18.485Z] LiveUpdateForge: EndTurn fallback flush
[2026-07-30T02:20:18.486Z] onEndTurn: naturalStop=true toolCalls=41 nudgeMsg=no
[2026-07-30T02:20:18.508Z] InitialReadForge.onBeforeSend: SKIP (fr=false syn=false hasRead=true)
[2026-07-30T02:21:40.182Z] LiveUpdateForge: EndTurn fallback flush
[2026-07-30T02:21:40.183Z] onEndTurn: naturalStop=false toolCalls=41 nudgeMsg=no
[2026-07-30T02:21:40.256Z] LiveUpdateForge: AfterToolExec flush
[2026-07-30T02:21:40.350Z] InitialReadForge.onBeforeSend: SKIP (fr=true syn=false hasRead=true)
[2026-07-30T02:22:04.073Z] LiveUpdateForge: EndTurn fallback flush
[2026-07-30T02:22:04.074Z] onEndTurn: naturalStop=true toolCalls=42 nudgeMsg=no
[2026-07-30T02:22:37.620Z] ResumeDiffForge: running checkResumeConsistency
[2026-07-30T02:22:37.622Z] checkResumeConsistency: forgedTimestamps=[["project","1970-01-01T00:00:00.000Z"]]
[2026-07-30T02:22:37.731Z] checkResumeConsistency: injecting 1 diff notification(s)
[2026-07-30T02:22:37.758Z] injectForgedHistory: role=user preview="[agent-auto] [memory-update 2026-07-29 17:55:54] project memory file has been mo"
[2026-07-30T02:22:37.889Z] injectForgedHistory: recordMessage persisted
[2026-07-30T02:22:37.890Z] LiveUpdateForge: session reset, allowLiveUpdate = false
[2026-07-30T02:22:37.891Z] NudgeForge: ResumeComplete — restoring count from history
[2026-07-30T02:22:37.893Z] restoreNudgeCountFromHistory: found last write at idx=2306 count=41
[2026-07-30T02:22:38.055Z] LiveUpdateForge: allowLiveUpdate = true (first real BeforeSend)
[2026-07-30T02:22:38.057Z] InitialReadForge.onBeforeSend: SKIP (fr=false syn=false hasRead=true)
[2026-07-30T02:22:51.278Z] LiveUpdateForge: EndTurn fallback flush
[2026-07-30T02:22:51.278Z] onEndTurn: naturalStop=false toolCalls=41 nudgeMsg=no
[2026-07-30T02:22:51.812Z] LiveUpdateForge: AfterToolExec flush
[2026-07-30T02:22:51.911Z] InitialReadForge.onBeforeSend: SKIP (fr=true syn=false hasRead=true)
[2026-07-30T02:23:14.766Z] LiveUpdateForge: EndTurn fallback flush
[2026-07-30T02:23:14.767Z] onEndTurn: naturalStop=false toolCalls=42 nudgeMsg=no
[2026-07-30T02:23:15.137Z] LiveUpdateForge: AfterToolExec flush
[2026-07-30T02:23:15.224Z] InitialReadForge.onBeforeSend: SKIP (fr=true syn=false hasRead=true)
[2026-07-30T02:23:18.708Z] LiveUpdateForge: EndTurn fallback flush
[2026-07-30T02:23:18.709Z] onEndTurn: naturalStop=false toolCalls=43 nudgeMsg=no
[2026-07-30T02:23:19.068Z] LiveUpdateForge: AfterToolExec flush
[2026-07-30T02:23:19.160Z] InitialReadForge.onBeforeSend: SKIP (fr=true syn=false hasRead=true)
[2026-07-30T02:23:23.911Z] LiveUpdateForge: EndTurn fallback flush
[2026-07-30T02:23:23.912Z] onEndTurn: naturalStop=false toolCalls=44 nudgeMsg=no
[2026-07-30T02:23:23.931Z] LiveUpdateForge: AfterToolExec flush
[2026-07-30T02:23:24.016Z] InitialReadForge.onBeforeSend: SKIP (fr=true syn=false hasRead=true)
[2026-07-30T02:23:33.397Z] LiveUpdateForge: EndTurn fallback flush
[2026-07-30T02:23:33.397Z] onEndTurn: naturalStop=false toolCalls=45 nudgeMsg=no
[2026-07-30T02:23:33.880Z] LiveUpdateForge: AfterToolExec flush
[2026-07-30T02:23:33.975Z] InitialReadForge.onBeforeSend: SKIP (fr=true syn=false hasRead=true)
[2026-07-30T02:23:45.727Z] LiveUpdateForge: EndTurn fallback flush
[2026-07-30T02:23:45.728Z] onEndTurn: naturalStop=false toolCalls=46 nudgeMsg=no
[2026-07-30T02:23:46.181Z] LiveUpdateForge: AfterToolExec flush
[2026-07-30T02:23:46.340Z] InitialReadForge.onBeforeSend: SKIP (fr=true syn=false hasRead=true)
[2026-07-30T02:24:08.886Z] LiveUpdateForge: EndTurn fallback flush
[2026-07-30T02:24:08.887Z] onEndTurn: naturalStop=false toolCalls=47 nudgeMsg=no
[2026-07-30T02:24:09.000Z] LiveUpdateForge: AfterToolExec flush
[2026-07-30T02:24:09.091Z] InitialReadForge.onBeforeSend: SKIP (fr=true syn=false hasRead=true)
[2026-07-30T02:24:23.898Z] LiveUpdateForge: EndTurn fallback flush
[2026-07-30T02:24:23.898Z] onEndTurn: naturalStop=false toolCalls=48 nudgeMsg=no
[2026-07-30T02:24:23.916Z] LiveUpdateForge: AfterToolExec flush
[2026-07-30T02:24:23.992Z] InitialReadForge.onBeforeSend: SKIP (fr=true syn=false hasRead=true)
[2026-07-30T02:24:34.325Z] LiveUpdateForge: EndTurn fallback flush
[2026-07-30T02:24:34.325Z] onEndTurn: naturalStop=false toolCalls=49 nudgeMsg=no
[2026-07-30T02:24:34.346Z] LiveUpdateForge: AfterToolExec flush
[2026-07-30T02:24:34.433Z] InitialReadForge.onBeforeSend: SKIP (fr=true syn=false hasRead=true)
[2026-07-30T02:24:44.274Z] LiveUpdateForge: EndTurn fallback flush
[2026-07-30T02:24:48.590Z] onEndTurn: naturalStop=false toolCalls=50 nudgeMsg=no
[2026-07-30T02:24:48.964Z] LiveUpdateForge: AfterToolExec flush
[2026-07-30T02:24:49.054Z] InitialReadForge.onBeforeSend: SKIP (fr=true syn=false hasRead=true)
[2026-07-30T02:24:56.812Z] LiveUpdateForge: EndTurn fallback flush
[2026-07-30T02:24:56.812Z] onEndTurn: naturalStop=false toolCalls=51 nudgeMsg=no
[2026-07-30T02:24:56.832Z] LiveUpdateForge: AfterToolExec flush
[2026-07-30T02:24:56.914Z] InitialReadForge.onBeforeSend: SKIP (fr=true syn=false hasRead=true)
[2026-07-30T02:25:07.639Z] LiveUpdateForge: EndTurn fallback flush
[2026-07-30T02:25:07.639Z] onEndTurn: naturalStop=false toolCalls=52 nudgeMsg=no
[2026-07-30T02:25:08.072Z] LiveUpdateForge: AfterToolExec flush
[2026-07-30T02:25:08.175Z] InitialReadForge.onBeforeSend: SKIP (fr=true syn=false hasRead=true)
[2026-07-30T02:25:17.974Z] LiveUpdateForge: EndTurn fallback flush
[2026-07-30T02:25:17.975Z] onEndTurn: naturalStop=false toolCalls=53 nudgeMsg=no
[2026-07-30T02:25:17.997Z] LiveUpdateForge: AfterToolExec flush
[2026-07-30T02:25:18.148Z] InitialReadForge.onBeforeSend: SKIP (fr=true syn=false hasRead=true)
[2026-07-30T02:25:23.604Z] LiveUpdateForge: EndTurn fallback flush
[2026-07-30T02:25:23.605Z] onEndTurn: naturalStop=false toolCalls=54 nudgeMsg=no
[2026-07-30T02:25:23.622Z] LiveUpdateForge: AfterToolExec flush
[2026-07-30T02:25:23.717Z] InitialReadForge.onBeforeSend: SKIP (fr=true syn=false hasRead=true)
[2026-07-30T02:25:28.063Z] LiveUpdateForge: EndTurn fallback flush
[2026-07-30T02:25:28.063Z] onEndTurn: naturalStop=false toolCalls=55 nudgeMsg=no
[2026-07-30T02:25:28.269Z] LiveUpdateForge: AfterToolExec flush
[2026-07-30T02:25:28.364Z] InitialReadForge.onBeforeSend: SKIP (fr=true syn=false hasRead=true)
[2026-07-30T02:25:38.347Z] LiveUpdateForge: EndTurn fallback flush
[2026-07-30T02:25:38.348Z] onEndTurn: naturalStop=false toolCalls=56 nudgeMsg=no
[2026-07-30T02:25:38.368Z] LiveUpdateForge: AfterToolExec flush
[2026-07-30T02:25:38.470Z] InitialReadForge.onBeforeSend: SKIP (fr=true syn=false hasRead=true)
[2026-07-30T02:25:43.297Z] LiveUpdateForge: EndTurn fallback flush
[2026-07-30T02:25:43.298Z] onEndTurn: naturalStop=false toolCalls=57 nudgeMsg=no
[2026-07-30T02:25:43.449Z] LiveUpdateForge: AfterToolExec flush
[2026-07-30T02:25:43.551Z] InitialReadForge.onBeforeSend: SKIP (fr=true syn=false hasRead=true)
[2026-07-30T02:25:48.462Z] LiveUpdateForge: EndTurn fallback flush
[2026-07-30T02:25:48.463Z] onEndTurn: naturalStop=false toolCalls=58 nudgeMsg=no
[2026-07-30T02:25:48.475Z] LiveUpdateForge: AfterToolExec flush
[2026-07-30T02:25:48.614Z] InitialReadForge.onBeforeSend: SKIP (fr=true syn=false hasRead=true)
[2026-07-30T02:26:01.200Z] LiveUpdateForge: EndTurn fallback flush
[2026-07-30T02:26:01.200Z] onEndTurn: naturalStop=false toolCalls=59 nudgeMsg=no
[2026-07-30T02:26:01.309Z] LiveUpdateForge: AfterToolExec flush
[2026-07-30T02:26:01.426Z] InitialReadForge.onBeforeSend: SKIP (fr=true syn=false hasRead=true)
[2026-07-30T02:26:07.908Z] LiveUpdateForge: EndTurn fallback flush
[2026-07-30T02:26:07.909Z] onEndTurn: naturalStop=false toolCalls=60 nudgeMsg=no
[2026-07-30T02:26:07.926Z] LiveUpdateForge: AfterToolExec flush
[2026-07-30T02:26:08.024Z] InitialReadForge.onBeforeSend: SKIP (fr=true syn=false hasRead=true)
[2026-07-30T02:26:13.095Z] LiveUpdateForge: EndTurn fallback flush
[2026-07-30T02:26:13.095Z] onEndTurn: naturalStop=false toolCalls=61 nudgeMsg=no
[2026-07-30T02:26:13.203Z] LiveUpdateForge: AfterToolExec flush
[2026-07-30T02:26:13.307Z] InitialReadForge.onBeforeSend: SKIP (fr=true syn=false hasRead=true)
[2026-07-30T02:26:19.900Z] LiveUpdateForge: EndTurn fallback flush
[2026-07-30T02:26:19.901Z] onEndTurn: naturalStop=false toolCalls=62 nudgeMsg=no
[2026-07-30T02:26:20.279Z] LiveUpdateForge: AfterToolExec flush
[2026-07-30T02:26:20.373Z] InitialReadForge.onBeforeSend: SKIP (fr=true syn=false hasRead=true)
[2026-07-30T02:26:27.013Z] LiveUpdateForge: EndTurn fallback flush
[2026-07-30T02:26:27.014Z] onEndTurn: naturalStop=false toolCalls=63 nudgeMsg=no
[2026-07-30T02:26:27.026Z] LiveUpdateForge: AfterToolExec flush
[2026-07-30T02:26:27.124Z] InitialReadForge.onBeforeSend: SKIP (fr=true syn=false hasRead=true)
[2026-07-30T02:26:36.793Z] LiveUpdateForge: EndTurn fallback flush
[2026-07-30T02:26:36.794Z] onEndTurn: naturalStop=false toolCalls=64 nudgeMsg=no
[2026-07-30T02:26:36.980Z] LiveUpdateForge: AfterToolExec flush
[2026-07-30T02:26:37.075Z] InitialReadForge.onBeforeSend: SKIP (fr=true syn=false hasRead=true)
[2026-07-30T02:26:42.059Z] LiveUpdateForge: EndTurn fallback flush
[2026-07-30T02:26:42.059Z] onEndTurn: naturalStop=false toolCalls=65 nudgeMsg=no
[2026-07-30T02:26:42.455Z] LiveUpdateForge: AfterToolExec flush
[2026-07-30T02:26:42.553Z] InitialReadForge.onBeforeSend: SKIP (fr=true syn=false hasRead=true)
[2026-07-30T02:26:50.374Z] LiveUpdateForge: EndTurn fallback flush
[2026-07-30T02:26:50.374Z] onEndTurn: naturalStop=false toolCalls=66 nudgeMsg=no
[2026-07-30T02:26:50.392Z] LiveUpdateForge: AfterToolExec flush
[2026-07-30T02:26:50.536Z] InitialReadForge.onBeforeSend: SKIP (fr=true syn=false hasRead=true)
[2026-07-30T02:27:20.548Z] LiveUpdateForge: EndTurn fallback flush
[2026-07-30T02:27:20.549Z] onEndTurn: naturalStop=false toolCalls=67 nudgeMsg=no
[2026-07-30T02:27:20.774Z] LiveUpdateForge: AfterToolExec flush
[2026-07-30T02:27:20.877Z] InitialReadForge.onBeforeSend: SKIP (fr=true syn=false hasRead=true)
[2026-07-30T02:27:34.278Z] LiveUpdateForge: EndTurn fallback flush
[2026-07-30T02:27:34.279Z] onEndTurn: naturalStop=false toolCalls=68 nudgeMsg=no
[2026-07-30T02:27:34.296Z] LiveUpdateForge: AfterToolExec flush
[2026-07-30T02:27:34.382Z] InitialReadForge.onBeforeSend: SKIP (fr=true syn=false hasRead=true)
[2026-07-30T02:27:44.865Z] LiveUpdateForge: EndTurn fallback flush
[2026-07-30T02:27:44.865Z] onEndTurn: naturalStop=false toolCalls=69 nudgeMsg=no
[2026-07-30T02:27:45.031Z] LiveUpdateForge: AfterToolExec flush
[2026-07-30T02:27:45.158Z] InitialReadForge.onBeforeSend: SKIP (fr=true syn=false hasRead=true)
[2026-07-30T02:27:51.932Z] LiveUpdateForge: EndTurn fallback flush
[2026-07-30T02:27:51.933Z] onEndTurn: naturalStop=false toolCalls=70 nudgeMsg=no
[2026-07-30T02:27:52.187Z] LiveUpdateForge: AfterToolExec flush
[2026-07-30T02:27:52.329Z] InitialReadForge.onBeforeSend: SKIP (fr=true syn=false hasRead=true)
[2026-07-30T02:28:03.851Z] LiveUpdateForge: EndTurn fallback flush
[2026-07-30T02:28:03.852Z] onEndTurn: naturalStop=false toolCalls=71 nudgeMsg=no
[2026-07-30T02:28:20.272Z] LiveUpdateForge: AfterToolExec flush
[2026-07-30T02:28:20.469Z] InitialReadForge.onBeforeSend: SKIP (fr=true syn=false hasRead=true)
[2026-07-30T02:28:30.473Z] LiveUpdateForge: EndTurn fallback flush
[2026-07-30T02:28:30.473Z] onEndTurn: naturalStop=true toolCalls=0 nudgeMsg=YES
[2026-07-30T02:28:30.485Z] InitialReadForge.onBeforeSend: SKIP (fr=false syn=false hasRead=true)
[2026-07-30T02:28:53.297Z] LiveUpdateForge: EndTurn fallback flush
[2026-07-30T02:28:53.298Z] onEndTurn: naturalStop=false toolCalls=0 nudgeMsg=no
[2026-07-30T02:28:53.479Z] LiveUpdateForge: self-write on D:\unity\demo\CODELY.md, baseline aligned
[2026-07-30T02:28:53.480Z] LiveUpdateForge: AfterToolExec flush
[2026-07-30T02:28:53.556Z] InitialReadForge.onBeforeSend: SKIP (fr=true syn=false hasRead=true)
[2026-07-30T02:28:54.119Z] LiveUpdateForge: pending external change on D:\unity\demo\CODELY.md
[2026-07-30T02:29:01.001Z] LiveUpdateForge: EndTurn fallback flush
[2026-07-30T02:29:01.002Z] onEndTurn: naturalStop=true toolCalls=0 nudgeMsg=no
[2026-07-30T02:29:41.798Z] ResumeDiffForge: running checkResumeConsistency
[2026-07-30T02:29:41.799Z] checkResumeConsistency: forgedTimestamps=[["project","1970-01-01T00:00:00.000Z"]]
[2026-07-30T02:29:41.844Z] checkResumeConsistency: injecting 1 diff notification(s)
[2026-07-30T02:29:41.845Z] injectForgedHistory: role=user preview="[agent-auto] [memory-update 2026-07-30 10:28:53] project memory file has been mo"
[2026-07-30T02:29:41.928Z] injectForgedHistory: recordMessage persisted
[2026-07-30T02:29:41.929Z] LiveUpdateForge: session reset, allowLiveUpdate = false
[2026-07-30T02:29:41.930Z] NudgeForge: ResumeComplete — restoring count from history
[2026-07-30T02:29:41.931Z] restoreNudgeCountFromHistory: found last write at idx=2306 count=41
[2026-07-30T02:29:42.080Z] LiveUpdateForge: allowLiveUpdate = true (first real BeforeSend)
[2026-07-30T02:29:42.082Z] InitialReadForge.onBeforeSend: SKIP (fr=false syn=false hasRead=true)
[2026-07-30T02:29:48.488Z] LiveUpdateForge: EndTurn fallback flush
[2026-07-30T02:29:48.489Z] onEndTurn: naturalStop=false toolCalls=41 nudgeMsg=no
[2026-07-30T02:29:51.152Z] LiveUpdateForge: AfterToolExec flush
[2026-07-30T02:29:51.253Z] InitialReadForge.onBeforeSend: SKIP (fr=true syn=false hasRead=true)
[2026-07-30T02:29:58.132Z] LiveUpdateForge: EndTurn fallback flush
[2026-07-30T02:29:58.132Z] onEndTurn: naturalStop=false toolCalls=42 nudgeMsg=no
[2026-07-30T02:30:02.550Z] LiveUpdateForge: AfterToolExec flush
[2026-07-30T02:30:02.656Z] InitialReadForge.onBeforeSend: SKIP (fr=true syn=false hasRead=true)
[2026-07-30T02:30:09.277Z] LiveUpdateForge: EndTurn fallback flush
[2026-07-30T02:30:09.278Z] onEndTurn: naturalStop=false toolCalls=43 nudgeMsg=no
[2026-07-30T02:30:09.807Z] LiveUpdateForge: AfterToolExec flush
[2026-07-30T02:30:09.916Z] InitialReadForge.onBeforeSend: SKIP (fr=true syn=false hasRead=true)
[2026-07-30T02:30:20.811Z] LiveUpdateForge: EndTurn fallback flush
[2026-07-30T02:30:20.812Z] onEndTurn: naturalStop=false toolCalls=44 nudgeMsg=no
[2026-07-30T02:30:21.657Z] LiveUpdateForge: AfterToolExec flush
[2026-07-30T02:30:21.763Z] InitialReadForge.onBeforeSend: SKIP (fr=true syn=false hasRead=true)
[2026-07-30T02:30:39.401Z] LiveUpdateForge: EndTurn fallback flush
[2026-07-30T02:30:39.402Z] onEndTurn: naturalStop=false toolCalls=45 nudgeMsg=no
[2026-07-30T02:30:39.905Z] LiveUpdateForge: AfterToolExec flush
[2026-07-30T02:30:40.019Z] InitialReadForge.onBeforeSend: SKIP (fr=true syn=false hasRead=true)
[2026-07-30T02:31:59.461Z] LiveUpdateForge: EndTurn fallback flush
[2026-07-30T02:31:59.462Z] onEndTurn: naturalStop=true toolCalls=46 nudgeMsg=no
[2026-07-30T02:33:51.667Z] ResumeDiffForge: running checkResumeConsistency
[2026-07-30T02:33:51.670Z] checkResumeConsistency: forgedTimestamps=[["project","1970-01-01T00:00:00.000Z"]]
[2026-07-30T02:33:51.695Z] checkResumeConsistency: injecting 1 diff notification(s)
[2026-07-30T02:33:51.696Z] injectForgedHistory: role=user preview="[agent-auto] [memory-update 2026-07-30 10:28:53] project memory file has been mo"
[2026-07-30T02:33:51.792Z] injectForgedHistory: recordMessage persisted
[2026-07-30T02:33:51.793Z] LiveUpdateForge: session reset, allowLiveUpdate = false
[2026-07-30T02:33:51.794Z] NudgeForge: ResumeComplete — restoring count from history
[2026-07-30T02:33:51.796Z] restoreNudgeCountFromHistory: found last write at idx=2306 count=41
[2026-07-30T02:33:51.961Z] LiveUpdateForge: allowLiveUpdate = true (first real BeforeSend)
[2026-07-30T02:33:51.964Z] InitialReadForge.onBeforeSend: SKIP (fr=false syn=false hasRead=true)
[2026-07-30T02:34:03.316Z] LiveUpdateForge: EndTurn fallback flush
[2026-07-30T02:34:03.317Z] onEndTurn: naturalStop=false toolCalls=41 nudgeMsg=no
[2026-07-30T02:34:03.849Z] LiveUpdateForge: AfterToolExec flush
[2026-07-30T02:34:03.969Z] InitialReadForge.onBeforeSend: SKIP (fr=true syn=false hasRead=true)
[2026-07-30T02:34:08.958Z] LiveUpdateForge: EndTurn fallback flush
[2026-07-30T02:34:08.959Z] onEndTurn: naturalStop=false toolCalls=42 nudgeMsg=no
[2026-07-30T02:34:09.439Z] LiveUpdateForge: AfterToolExec flush
[2026-07-30T02:34:09.558Z] InitialReadForge.onBeforeSend: SKIP (fr=true syn=false hasRead=true)
[2026-07-30T02:34:14.270Z] LiveUpdateForge: EndTurn fallback flush
[2026-07-30T02:34:14.270Z] onEndTurn: naturalStop=false toolCalls=43 nudgeMsg=no
[2026-07-30T02:34:14.715Z] LiveUpdateForge: AfterToolExec flush
[2026-07-30T02:34:14.823Z] InitialReadForge.onBeforeSend: SKIP (fr=true syn=false hasRead=true)
[2026-07-30T02:34:25.907Z] LiveUpdateForge: EndTurn fallback flush
[2026-07-30T02:34:25.907Z] onEndTurn: naturalStop=false toolCalls=44 nudgeMsg=no
[2026-07-30T02:34:25.930Z] LiveUpdateForge: AfterToolExec flush
[2026-07-30T02:34:26.038Z] InitialReadForge.onBeforeSend: SKIP (fr=true syn=false hasRead=true)
[2026-07-30T02:34:33.569Z] LiveUpdateForge: EndTurn fallback flush
[2026-07-30T02:34:33.570Z] onEndTurn: naturalStop=false toolCalls=45 nudgeMsg=no
[2026-07-30T02:34:33.595Z] LiveUpdateForge: AfterToolExec flush
[2026-07-30T02:34:33.713Z] InitialReadForge.onBeforeSend: SKIP (fr=true syn=false hasRead=true)
[2026-07-30T02:34:38.207Z] LiveUpdateForge: EndTurn fallback flush
[2026-07-30T02:34:38.207Z] onEndTurn: naturalStop=false toolCalls=46 nudgeMsg=no
[2026-07-30T02:34:38.227Z] LiveUpdateForge: AfterToolExec flush
[2026-07-30T02:34:38.326Z] InitialReadForge.onBeforeSend: SKIP (fr=true syn=false hasRead=true)
[2026-07-30T02:34:43.229Z] LiveUpdateForge: EndTurn fallback flush
[2026-07-30T02:34:43.230Z] onEndTurn: naturalStop=false toolCalls=47 nudgeMsg=no
[2026-07-30T02:34:43.683Z] LiveUpdateForge: AfterToolExec flush
[2026-07-30T02:34:43.793Z] InitialReadForge.onBeforeSend: SKIP (fr=true syn=false hasRead=true)
[2026-07-30T02:34:48.954Z] LiveUpdateForge: EndTurn fallback flush
[2026-07-30T02:34:48.954Z] onEndTurn: naturalStop=false toolCalls=48 nudgeMsg=no
[2026-07-30T02:34:49.428Z] LiveUpdateForge: AfterToolExec flush
[2026-07-30T02:34:49.560Z] InitialReadForge.onBeforeSend: SKIP (fr=true syn=false hasRead=true)
[2026-07-30T02:34:55.260Z] LiveUpdateForge: EndTurn fallback flush
[2026-07-30T02:34:55.261Z] onEndTurn: naturalStop=false toolCalls=49 nudgeMsg=no
[2026-07-30T02:34:55.284Z] LiveUpdateForge: AfterToolExec flush
[2026-07-30T02:34:55.421Z] InitialReadForge.onBeforeSend: SKIP (fr=true syn=false hasRead=true)
[2026-07-30T02:35:07.771Z] LiveUpdateForge: EndTurn fallback flush
[2026-07-30T02:35:07.772Z] onEndTurn: naturalStop=false toolCalls=50 nudgeMsg=no
[2026-07-30T02:35:07.796Z] LiveUpdateForge: AfterToolExec flush
[2026-07-30T02:35:07.921Z] InitialReadForge.onBeforeSend: SKIP (fr=true syn=false hasRead=true)
[2026-07-30T02:36:23.925Z] LiveUpdateForge: EndTurn fallback flush
[2026-07-30T02:36:23.925Z] onEndTurn: naturalStop=false toolCalls=51 nudgeMsg=no
[2026-07-30T02:36:23.949Z] LiveUpdateForge: AfterToolExec flush
[2026-07-30T02:36:24.111Z] InitialReadForge.onBeforeSend: SKIP (fr=true syn=false hasRead=true)
[2026-07-30T02:36:45.471Z] LiveUpdateForge: EndTurn fallback flush
[2026-07-30T02:36:45.472Z] onEndTurn: naturalStop=false toolCalls=52 nudgeMsg=no
[2026-07-30T02:36:45.484Z] LiveUpdateForge: AfterToolExec flush
[2026-07-30T02:36:45.611Z] InitialReadForge.onBeforeSend: SKIP (fr=true syn=false hasRead=true)
[2026-07-30T02:37:20.487Z] LiveUpdateForge: EndTurn fallback flush
[2026-07-30T02:37:20.488Z] onEndTurn: naturalStop=false toolCalls=53 nudgeMsg=no
[2026-07-30T02:37:20.714Z] LiveUpdateForge: AfterToolExec flush
[2026-07-30T02:37:20.828Z] InitialReadForge.onBeforeSend: SKIP (fr=true syn=false hasRead=true)
[2026-07-30T02:37:35.439Z] LiveUpdateForge: EndTurn fallback flush
[2026-07-30T02:37:35.440Z] onEndTurn: naturalStop=false toolCalls=54 nudgeMsg=no
[2026-07-30T02:37:35.560Z] LiveUpdateForge: AfterToolExec flush
[2026-07-30T02:37:35.677Z] InitialReadForge.onBeforeSend: SKIP (fr=true syn=false hasRead=true)
[2026-07-30T02:37:53.185Z] LiveUpdateForge: EndTurn fallback flush
[2026-07-30T02:37:53.186Z] onEndTurn: naturalStop=false toolCalls=55 nudgeMsg=no
[2026-07-30T02:37:53.329Z] LiveUpdateForge: AfterToolExec flush
[2026-07-30T02:37:53.457Z] InitialReadForge.onBeforeSend: SKIP (fr=true syn=false hasRead=true)
[2026-07-30T02:38:04.303Z] LiveUpdateForge: EndTurn fallback flush
[2026-07-30T02:38:04.304Z] onEndTurn: naturalStop=false toolCalls=56 nudgeMsg=no
[2026-07-30T02:38:04.549Z] LiveUpdateForge: AfterToolExec flush
[2026-07-30T02:38:04.663Z] InitialReadForge.onBeforeSend: SKIP (fr=true syn=false hasRead=true)
[2026-07-30T02:38:13.359Z] LiveUpdateForge: EndTurn fallback flush
[2026-07-30T02:38:13.360Z] onEndTurn: naturalStop=false toolCalls=57 nudgeMsg=no
[2026-07-30T02:38:13.489Z] LiveUpdateForge: AfterToolExec flush
[2026-07-30T02:38:13.610Z] InitialReadForge.onBeforeSend: SKIP (fr=true syn=false hasRead=true)
[2026-07-30T02:38:25.345Z] LiveUpdateForge: EndTurn fallback flush
[2026-07-30T02:38:25.346Z] onEndTurn: naturalStop=false toolCalls=58 nudgeMsg=no
[2026-07-30T02:38:25.361Z] LiveUpdateForge: AfterToolExec flush
[2026-07-30T02:38:25.478Z] InitialReadForge.onBeforeSend: SKIP (fr=true syn=false hasRead=true)
[2026-07-30T02:38:45.296Z] LiveUpdateForge: EndTurn fallback flush
[2026-07-30T02:38:45.296Z] onEndTurn: naturalStop=false toolCalls=59 nudgeMsg=no
[2026-07-30T02:38:45.495Z] LiveUpdateForge: AfterToolExec flush
[2026-07-30T02:38:45.601Z] InitialReadForge.onBeforeSend: SKIP (fr=true syn=false hasRead=true)
[2026-07-30T02:38:55.061Z] LiveUpdateForge: EndTurn fallback flush
[2026-07-30T02:38:55.062Z] onEndTurn: naturalStop=false toolCalls=60 nudgeMsg=no
[2026-07-30T02:38:55.563Z] LiveUpdateForge: AfterToolExec flush
[2026-07-30T02:38:55.685Z] InitialReadForge.onBeforeSend: SKIP (fr=true syn=false hasRead=true)
[2026-07-30T02:39:09.109Z] LiveUpdateForge: EndTurn fallback flush
[2026-07-30T02:39:09.110Z] onEndTurn: naturalStop=false toolCalls=61 nudgeMsg=no
[2026-07-30T02:39:09.262Z] LiveUpdateForge: AfterToolExec flush
[2026-07-30T02:39:09.366Z] InitialReadForge.onBeforeSend: SKIP (fr=true syn=false hasRead=true)
[2026-07-30T02:39:17.581Z] LiveUpdateForge: EndTurn fallback flush
[2026-07-30T02:39:17.582Z] onEndTurn: naturalStop=false toolCalls=62 nudgeMsg=no
[2026-07-30T02:39:17.701Z] LiveUpdateForge: AfterToolExec flush
[2026-07-30T02:39:17.818Z] InitialReadForge.onBeforeSend: SKIP (fr=true syn=false hasRead=true)
[2026-07-30T02:39:34.752Z] LiveUpdateForge: EndTurn fallback flush
[2026-07-30T02:39:34.753Z] onEndTurn: naturalStop=false toolCalls=63 nudgeMsg=no
[2026-07-30T02:39:35.239Z] LiveUpdateForge: AfterToolExec flush
[2026-07-30T02:39:35.363Z] InitialReadForge.onBeforeSend: SKIP (fr=true syn=false hasRead=true)
[2026-07-30T02:39:54.717Z] LiveUpdateForge: EndTurn fallback flush
[2026-07-30T02:39:54.718Z] onEndTurn: naturalStop=false toolCalls=64 nudgeMsg=no
[2026-07-30T02:39:54.736Z] LiveUpdateForge: AfterToolExec flush
[2026-07-30T02:39:54.828Z] InitialReadForge.onBeforeSend: SKIP (fr=true syn=false hasRead=true)
[2026-07-30T02:40:18.259Z] LiveUpdateForge: EndTurn fallback flush
[2026-07-30T02:40:18.260Z] onEndTurn: naturalStop=false toolCalls=65 nudgeMsg=no
[2026-07-30T02:40:18.667Z] LiveUpdateForge: AfterToolExec flush
[2026-07-30T02:40:18.757Z] InitialReadForge.onBeforeSend: SKIP (fr=true syn=false hasRead=true)
[2026-07-30T02:41:47.073Z] LiveUpdateForge: EndTurn fallback flush
[2026-07-30T02:41:47.074Z] onEndTurn: naturalStop=false toolCalls=66 nudgeMsg=no
[2026-07-30T02:41:47.096Z] LiveUpdateForge: AfterToolExec flush
[2026-07-30T02:41:47.191Z] InitialReadForge.onBeforeSend: SKIP (fr=true syn=false hasRead=true)
[2026-07-30T02:42:29.240Z] LiveUpdateForge: EndTurn fallback flush
[2026-07-30T02:42:29.241Z] onEndTurn: naturalStop=false toolCalls=67 nudgeMsg=no
[2026-07-30T02:42:29.278Z] LiveUpdateForge: AfterToolExec flush
[2026-07-30T02:42:29.372Z] InitialReadForge.onBeforeSend: SKIP (fr=true syn=false hasRead=true)
[2026-07-30T02:43:20.228Z] LiveUpdateForge: EndTurn fallback flush
[2026-07-30T02:43:20.228Z] onEndTurn: naturalStop=false toolCalls=68 nudgeMsg=no
[2026-07-30T02:43:20.591Z] LiveUpdateForge: AfterToolExec flush
[2026-07-30T02:43:20.681Z] InitialReadForge.onBeforeSend: SKIP (fr=true syn=false hasRead=true)
[2026-07-30T02:43:54.990Z] LiveUpdateForge: EndTurn fallback flush
[2026-07-30T02:43:54.990Z] onEndTurn: naturalStop=false toolCalls=69 nudgeMsg=no
[2026-07-30T02:43:55.016Z] LiveUpdateForge: AfterToolExec flush
[2026-07-30T02:43:55.115Z] InitialReadForge.onBeforeSend: SKIP (fr=true syn=false hasRead=true)
[2026-07-30T02:44:22.564Z] LiveUpdateForge: EndTurn fallback flush
[2026-07-30T02:44:22.565Z] onEndTurn: naturalStop=false toolCalls=70 nudgeMsg=no
[2026-07-30T02:44:22.927Z] LiveUpdateForge: AfterToolExec flush
[2026-07-30T02:44:23.022Z] InitialReadForge.onBeforeSend: SKIP (fr=true syn=false hasRead=true)
[2026-07-30T02:44:39.279Z] LiveUpdateForge: EndTurn fallback flush
[2026-07-30T02:44:39.280Z] onEndTurn: naturalStop=false toolCalls=71 nudgeMsg=no
[2026-07-30T02:44:39.299Z] LiveUpdateForge: AfterToolExec flush
[2026-07-30T02:44:39.426Z] InitialReadForge.onBeforeSend: SKIP (fr=true syn=false hasRead=true)
[2026-07-30T02:44:52.176Z] LiveUpdateForge: EndTurn fallback flush
[2026-07-30T02:44:52.177Z] onEndTurn: naturalStop=false toolCalls=72 nudgeMsg=no
[2026-07-30T02:44:52.455Z] LiveUpdateForge: AfterToolExec flush
[2026-07-30T02:44:52.571Z] InitialReadForge.onBeforeSend: SKIP (fr=true syn=false hasRead=true)
[2026-07-30T02:45:10.020Z] LiveUpdateForge: EndTurn fallback flush
[2026-07-30T02:45:10.021Z] onEndTurn: naturalStop=false toolCalls=73 nudgeMsg=no
[2026-07-30T02:45:10.391Z] LiveUpdateForge: AfterToolExec flush
[2026-07-30T02:45:10.481Z] InitialReadForge.onBeforeSend: SKIP (fr=true syn=false hasRead=true)
[2026-07-30T02:45:25.232Z] LiveUpdateForge: EndTurn fallback flush
[2026-07-30T02:45:25.232Z] onEndTurn: naturalStop=false toolCalls=74 nudgeMsg=no
[2026-07-30T02:45:25.611Z] LiveUpdateForge: AfterToolExec flush
[2026-07-30T02:45:25.709Z] InitialReadForge.onBeforeSend: SKIP (fr=true syn=false hasRead=true)
[2026-07-30T02:45:42.921Z] LiveUpdateForge: EndTurn fallback flush
[2026-07-30T02:45:42.922Z] onEndTurn: naturalStop=false toolCalls=75 nudgeMsg=no
[2026-07-30T02:45:42.944Z] LiveUpdateForge: AfterToolExec flush
[2026-07-30T02:45:43.062Z] InitialReadForge.onBeforeSend: SKIP (fr=true syn=false hasRead=true)
[2026-07-30T02:45:57.081Z] LiveUpdateForge: EndTurn fallback flush
[2026-07-30T02:45:57.082Z] onEndTurn: naturalStop=false toolCalls=76 nudgeMsg=no
[2026-07-30T02:45:57.296Z] LiveUpdateForge: AfterToolExec flush
[2026-07-30T02:45:57.402Z] InitialReadForge.onBeforeSend: SKIP (fr=true syn=false hasRead=true)
[2026-07-30T02:46:07.083Z] LiveUpdateForge: EndTurn fallback flush
[2026-07-30T02:46:07.084Z] onEndTurn: naturalStop=false toolCalls=77 nudgeMsg=no
[2026-07-30T02:46:07.103Z] LiveUpdateForge: AfterToolExec flush
[2026-07-30T02:46:07.199Z] InitialReadForge.onBeforeSend: SKIP (fr=true syn=false hasRead=true)
[2026-07-30T02:46:19.921Z] LiveUpdateForge: EndTurn fallback flush
[2026-07-30T02:46:19.922Z] onEndTurn: naturalStop=false toolCalls=78 nudgeMsg=no
[2026-07-30T02:46:20.083Z] LiveUpdateForge: AfterToolExec flush
[2026-07-30T02:46:20.188Z] InitialReadForge.onBeforeSend: SKIP (fr=true syn=false hasRead=true)
[2026-07-30T02:46:40.457Z] LiveUpdateForge: EndTurn fallback flush
[2026-07-30T02:46:40.457Z] onEndTurn: naturalStop=false toolCalls=79 nudgeMsg=no
[2026-07-30T02:46:40.726Z] LiveUpdateForge: AfterToolExec flush
[2026-07-30T02:46:40.805Z] InitialReadForge.onBeforeSend: SKIP (fr=true syn=false hasRead=true)
[2026-07-30T02:48:04.210Z] LiveUpdateForge: EndTurn fallback flush
[2026-07-30T02:48:04.210Z] onEndTurn: naturalStop=false toolCalls=80 nudgeMsg=no
[2026-07-30T02:48:24.423Z] LiveUpdateForge: AfterToolExec flush
[2026-07-30T02:48:24.540Z] InitialReadForge.onBeforeSend: SKIP (fr=true syn=false hasRead=true)
[2026-07-30T02:48:39.434Z] LiveUpdateForge: EndTurn fallback flush
[2026-07-30T02:48:39.435Z] onEndTurn: naturalStop=true toolCalls=0 nudgeMsg=YES
[2026-07-30T02:48:39.450Z] InitialReadForge.onBeforeSend: SKIP (fr=false syn=false hasRead=true)
[2026-07-30T02:49:02.624Z] LiveUpdateForge: EndTurn fallback flush
[2026-07-30T02:49:02.625Z] onEndTurn: naturalStop=false toolCalls=0 nudgeMsg=no
[2026-07-30T02:49:02.716Z] LiveUpdateForge: self-write on D:\unity\demo\CODELY.md, baseline aligned
[2026-07-30T02:49:02.717Z] LiveUpdateForge: AfterToolExec flush
[2026-07-30T02:49:02.813Z] InitialReadForge.onBeforeSend: SKIP (fr=true syn=false hasRead=true)
[2026-07-30T02:49:03.412Z] LiveUpdateForge: pending external change on D:\unity\demo\CODELY.md
[2026-07-30T02:49:58.924Z] LiveUpdateForge: EndTurn fallback flush
[2026-07-30T02:49:58.925Z] onEndTurn: naturalStop=true toolCalls=0 nudgeMsg=no
[2026-07-30T02:52:43.574Z] ResumeDiffForge: running checkResumeConsistency
[2026-07-30T02:52:43.576Z] checkResumeConsistency: forgedTimestamps=[["project","1970-01-01T00:00:00.000Z"]]
[2026-07-30T02:52:43.642Z] checkResumeConsistency: injecting 1 diff notification(s)
[2026-07-30T02:52:43.643Z] injectForgedHistory: role=user preview="[agent-auto] [memory-update 2026-07-30 10:49:02] project memory file has been mo"
[2026-07-30T02:52:43.732Z] injectForgedHistory: recordMessage persisted
[2026-07-30T02:52:43.733Z] LiveUpdateForge: session reset, allowLiveUpdate = false
[2026-07-30T02:52:43.733Z] NudgeForge: ResumeComplete — restoring count from history
[2026-07-30T02:52:43.736Z] restoreNudgeCountFromHistory: found last write at idx=2306 count=41
[2026-07-30T02:52:43.927Z] LiveUpdateForge: allowLiveUpdate = true (first real BeforeSend)
[2026-07-30T02:52:43.931Z] InitialReadForge.onBeforeSend: SKIP (fr=false syn=false hasRead=true)
[2026-07-30T02:55:49.689Z] LiveUpdateForge: EndTurn fallback flush
[2026-07-30T02:55:49.690Z] onEndTurn: naturalStop=false toolCalls=41 nudgeMsg=no
[2026-07-30T02:55:50.317Z] LiveUpdateForge: AfterToolExec flush
[2026-07-30T02:55:50.440Z] InitialReadForge.onBeforeSend: SKIP (fr=true syn=false hasRead=true)
[2026-07-30T02:56:17.677Z] LiveUpdateForge: EndTurn fallback flush
[2026-07-30T02:56:17.678Z] onEndTurn: naturalStop=false toolCalls=42 nudgeMsg=no
[2026-07-30T02:56:17.700Z] LiveUpdateForge: AfterToolExec flush
[2026-07-30T02:56:17.835Z] InitialReadForge.onBeforeSend: SKIP (fr=true syn=false hasRead=true)
[2026-07-30T02:56:39.719Z] LiveUpdateForge: EndTurn fallback flush
[2026-07-30T02:56:39.720Z] onEndTurn: naturalStop=false toolCalls=43 nudgeMsg=no
[2026-07-30T02:56:39.736Z] LiveUpdateForge: AfterToolExec flush
[2026-07-30T02:56:39.854Z] InitialReadForge.onBeforeSend: SKIP (fr=true syn=false hasRead=true)
[2026-07-30T02:57:57.513Z] LiveUpdateForge: EndTurn fallback flush
[2026-07-30T02:57:57.513Z] onEndTurn: naturalStop=false toolCalls=44 nudgeMsg=no
[2026-07-30T02:57:57.885Z] LiveUpdateForge: AfterToolExec flush
[2026-07-30T02:57:57.978Z] InitialReadForge.onBeforeSend: SKIP (fr=true syn=false hasRead=true)
[2026-07-30T02:58:46.973Z] LiveUpdateForge: EndTurn fallback flush
[2026-07-30T02:58:46.974Z] onEndTurn: naturalStop=false toolCalls=45 nudgeMsg=no
[2026-07-30T02:58:46.988Z] LiveUpdateForge: AfterToolExec flush
[2026-07-30T02:58:47.111Z] InitialReadForge.onBeforeSend: SKIP (fr=true syn=false hasRead=true)
[2026-07-30T02:58:59.191Z] LiveUpdateForge: EndTurn fallback flush
[2026-07-30T02:58:59.192Z] onEndTurn: naturalStop=false toolCalls=46 nudgeMsg=no
[2026-07-30T02:58:59.320Z] LiveUpdateForge: AfterToolExec flush
[2026-07-30T02:58:59.444Z] InitialReadForge.onBeforeSend: SKIP (fr=true syn=false hasRead=true)
[2026-07-30T02:59:17.179Z] LiveUpdateForge: EndTurn fallback flush
[2026-07-30T02:59:17.180Z] onEndTurn: naturalStop=false toolCalls=47 nudgeMsg=no
[2026-07-30T02:59:17.693Z] LiveUpdateForge: AfterToolExec flush
[2026-07-30T02:59:17.823Z] InitialReadForge.onBeforeSend: SKIP (fr=true syn=false hasRead=true)
[2026-07-30T02:59:34.992Z] LiveUpdateForge: EndTurn fallback flush
[2026-07-30T02:59:34.993Z] onEndTurn: naturalStop=false toolCalls=48 nudgeMsg=no
[2026-07-30T02:59:35.480Z] LiveUpdateForge: AfterToolExec flush
[2026-07-30T02:59:35.609Z] InitialReadForge.onBeforeSend: SKIP (fr=true syn=false hasRead=true)
[2026-07-30T02:59:42.539Z] LiveUpdateForge: EndTurn fallback flush
[2026-07-30T02:59:42.540Z] onEndTurn: naturalStop=false toolCalls=49 nudgeMsg=no
[2026-07-30T02:59:42.669Z] LiveUpdateForge: AfterToolExec flush
[2026-07-30T02:59:42.783Z] InitialReadForge.onBeforeSend: SKIP (fr=true syn=false hasRead=true)
[2026-07-30T02:59:52.541Z] LiveUpdateForge: EndTurn fallback flush
[2026-07-30T02:59:52.542Z] onEndTurn: naturalStop=false toolCalls=50 nudgeMsg=no
[2026-07-30T02:59:53.072Z] LiveUpdateForge: AfterToolExec flush
[2026-07-30T02:59:53.199Z] InitialReadForge.onBeforeSend: SKIP (fr=true syn=false hasRead=true)
[2026-07-30T03:00:05.201Z] LiveUpdateForge: EndTurn fallback flush
[2026-07-30T03:00:05.202Z] onEndTurn: naturalStop=false toolCalls=51 nudgeMsg=no
[2026-07-30T03:00:05.227Z] LiveUpdateForge: AfterToolExec flush
[2026-07-30T03:00:05.346Z] InitialReadForge.onBeforeSend: SKIP (fr=true syn=false hasRead=true)
[2026-07-30T03:00:24.725Z] LiveUpdateForge: EndTurn fallback flush
[2026-07-30T03:00:24.726Z] onEndTurn: naturalStop=false toolCalls=52 nudgeMsg=no
[2026-07-30T03:00:24.749Z] LiveUpdateForge: AfterToolExec flush
[2026-07-30T03:00:24.860Z] InitialReadForge.onBeforeSend: SKIP (fr=true syn=false hasRead=true)
[2026-07-30T03:00:34.572Z] LiveUpdateForge: EndTurn fallback flush
[2026-07-30T03:00:34.573Z] onEndTurn: naturalStop=false toolCalls=53 nudgeMsg=no
[2026-07-30T03:00:34.598Z] LiveUpdateForge: AfterToolExec flush
[2026-07-30T03:00:34.715Z] InitialReadForge.onBeforeSend: SKIP (fr=true syn=false hasRead=true)
[2026-07-30T03:00:50.250Z] LiveUpdateForge: EndTurn fallback flush
[2026-07-30T03:00:50.251Z] onEndTurn: naturalStop=false toolCalls=54 nudgeMsg=no
[2026-07-30T03:00:50.560Z] LiveUpdateForge: AfterToolExec flush
[2026-07-30T03:00:50.696Z] InitialReadForge.onBeforeSend: SKIP (fr=true syn=false hasRead=true)
[2026-07-30T03:00:59.494Z] LiveUpdateForge: EndTurn fallback flush
[2026-07-30T03:00:59.495Z] onEndTurn: naturalStop=false toolCalls=55 nudgeMsg=no
[2026-07-30T03:00:59.967Z] LiveUpdateForge: AfterToolExec flush
[2026-07-30T03:01:00.098Z] InitialReadForge.onBeforeSend: SKIP (fr=true syn=false hasRead=true)
[2026-07-30T03:01:15.563Z] LiveUpdateForge: EndTurn fallback flush
[2026-07-30T03:01:15.564Z] onEndTurn: naturalStop=false toolCalls=56 nudgeMsg=no
[2026-07-30T03:01:15.584Z] LiveUpdateForge: AfterToolExec flush
[2026-07-30T03:01:15.709Z] InitialReadForge.onBeforeSend: SKIP (fr=true syn=false hasRead=true)
[2026-07-30T03:01:34.548Z] LiveUpdateForge: EndTurn fallback flush
[2026-07-30T03:01:34.548Z] onEndTurn: naturalStop=false toolCalls=57 nudgeMsg=no
[2026-07-30T03:01:35.459Z] LiveUpdateForge: AfterToolExec flush
[2026-07-30T03:01:35.582Z] InitialReadForge.onBeforeSend: SKIP (fr=true syn=false hasRead=true)
[2026-07-30T03:01:50.034Z] LiveUpdateForge: EndTurn fallback flush
[2026-07-30T03:01:50.035Z] onEndTurn: naturalStop=false toolCalls=58 nudgeMsg=no
[2026-07-30T03:01:50.232Z] LiveUpdateForge: AfterToolExec flush
[2026-07-30T03:01:50.354Z] InitialReadForge.onBeforeSend: SKIP (fr=true syn=false hasRead=true)
[2026-07-30T03:01:57.184Z] LiveUpdateForge: EndTurn fallback flush
[2026-07-30T03:01:57.185Z] onEndTurn: naturalStop=false toolCalls=59 nudgeMsg=no
[2026-07-30T03:01:57.633Z] LiveUpdateForge: AfterToolExec flush
[2026-07-30T03:01:57.755Z] InitialReadForge.onBeforeSend: SKIP (fr=true syn=false hasRead=true)
[2026-07-30T03:02:11.373Z] LiveUpdateForge: EndTurn fallback flush
[2026-07-30T03:02:11.374Z] onEndTurn: naturalStop=false toolCalls=60 nudgeMsg=no
[2026-07-30T03:02:11.895Z] LiveUpdateForge: AfterToolExec flush
[2026-07-30T03:02:12.028Z] InitialReadForge.onBeforeSend: SKIP (fr=true syn=false hasRead=true)
[2026-07-30T03:04:26.197Z] LiveUpdateForge: EndTurn fallback flush
[2026-07-30T03:04:26.198Z] onEndTurn: naturalStop=false toolCalls=61 nudgeMsg=no
[2026-07-30T03:04:27.235Z] LiveUpdateForge: AfterToolExec flush
[2026-07-30T03:04:27.316Z] InitialReadForge.onBeforeSend: SKIP (fr=true syn=false hasRead=true)
[2026-07-30T03:04:51.395Z] LiveUpdateForge: EndTurn fallback flush
[2026-07-30T03:04:51.396Z] onEndTurn: naturalStop=false toolCalls=62 nudgeMsg=no
[2026-07-30T03:05:11.902Z] LiveUpdateForge: AfterToolExec flush
[2026-07-30T03:05:12.020Z] InitialReadForge.onBeforeSend: SKIP (fr=true syn=false hasRead=true)
[2026-07-30T03:05:31.848Z] LiveUpdateForge: EndTurn fallback flush
[2026-07-30T03:05:31.848Z] onEndTurn: naturalStop=true toolCalls=0 nudgeMsg=YES
[2026-07-30T03:05:31.864Z] InitialReadForge.onBeforeSend: SKIP (fr=false syn=false hasRead=true)
[2026-07-30T03:05:48.888Z] LiveUpdateForge: EndTurn fallback flush
[2026-07-30T03:05:48.888Z] onEndTurn: naturalStop=false toolCalls=0 nudgeMsg=no
[2026-07-30T03:05:48.932Z] LiveUpdateForge: self-write on D:\unity\demo\CODELY.md, baseline aligned
[2026-07-30T03:05:48.933Z] LiveUpdateForge: AfterToolExec flush
[2026-07-30T03:05:49.024Z] InitialReadForge.onBeforeSend: SKIP (fr=true syn=false hasRead=true)
[2026-07-30T03:05:49.581Z] LiveUpdateForge: pending external change on D:\unity\demo\CODELY.md
[2026-07-30T03:05:59.232Z] LiveUpdateForge: EndTurn fallback flush
[2026-07-30T03:05:59.233Z] onEndTurn: naturalStop=true toolCalls=0 nudgeMsg=no
[2026-07-30T03:14:53.923Z] ResumeDiffForge: running checkResumeConsistency
[2026-07-30T03:14:53.929Z] checkResumeConsistency: forgedTimestamps=[["project","1970-01-01T00:00:00.000Z"]]
[2026-07-30T03:14:54.034Z] checkResumeConsistency: injecting 1 diff notification(s)
[2026-07-30T03:14:54.053Z] injectForgedHistory: role=user preview="[agent-auto] [memory-update 2026-07-30 11:05:48] project memory file has been mo"
[2026-07-30T03:14:54.184Z] injectForgedHistory: recordMessage persisted
[2026-07-30T03:14:54.185Z] LiveUpdateForge: session reset, allowLiveUpdate = false
[2026-07-30T03:14:54.185Z] NudgeForge: ResumeComplete — restoring count from history
[2026-07-30T03:14:54.197Z] restoreNudgeCountFromHistory: found last write at idx=2306 count=41
[2026-07-30T03:14:54.458Z] LiveUpdateForge: allowLiveUpdate = true (first real BeforeSend)
[2026-07-30T03:14:54.461Z] InitialReadForge.onBeforeSend: SKIP (fr=false syn=false hasRead=true)
[2026-07-30T03:16:37.669Z] LiveUpdateForge: EndTurn fallback flush
[2026-07-30T03:16:37.669Z] onEndTurn: naturalStop=false toolCalls=41 nudgeMsg=no
[2026-07-30T03:16:38.106Z] LiveUpdateForge: AfterToolExec flush
[2026-07-30T03:16:38.544Z] InitialReadForge.onBeforeSend: SKIP (fr=true syn=false hasRead=true)
[2026-07-30T03:17:08.181Z] LiveUpdateForge: EndTurn fallback flush
[2026-07-30T03:17:08.181Z] onEndTurn: naturalStop=false toolCalls=42 nudgeMsg=no
[2026-07-30T03:17:08.333Z] LiveUpdateForge: AfterToolExec flush
[2026-07-30T03:17:08.409Z] InitialReadForge.onBeforeSend: SKIP (fr=true syn=false hasRead=true)
[2026-07-30T03:17:42.414Z] LiveUpdateForge: EndTurn fallback flush
[2026-07-30T03:17:42.415Z] onEndTurn: naturalStop=true toolCalls=43 nudgeMsg=no
[2026-07-30T03:45:32.037Z] ResumeDiffForge: running checkResumeConsistency
[2026-07-30T03:45:32.041Z] checkResumeConsistency: forgedTimestamps=[["project","1970-01-01T00:00:00.000Z"]]
[2026-07-30T03:45:32.631Z] checkResumeConsistency: injecting 1 diff notification(s)
[2026-07-30T03:45:33.117Z] injectForgedHistory: role=user preview="[agent-auto] [memory-update 2026-07-30 11:05:48] project memory file has been mo"
[2026-07-30T03:45:33.649Z] injectForgedHistory: recordMessage persisted
[2026-07-30T03:45:33.650Z] LiveUpdateForge: session reset, allowLiveUpdate = false
[2026-07-30T03:45:33.650Z] NudgeForge: ResumeComplete — restoring count from history
[2026-07-30T03:45:33.653Z] restoreNudgeCountFromHistory: found last write at idx=2306 count=41
[2026-07-30T03:45:33.813Z] LiveUpdateForge: allowLiveUpdate = true (first real BeforeSend)
[2026-07-30T03:45:33.815Z] InitialReadForge.onBeforeSend: SKIP (fr=false syn=false hasRead=true)
[2026-07-30T03:46:56.654Z] LiveUpdateForge: EndTurn fallback flush
[2026-07-30T03:46:56.655Z] onEndTurn: naturalStop=false toolCalls=41 nudgeMsg=no
[2026-07-30T03:47:03.187Z] LiveUpdateForge: AfterToolExec flush
[2026-07-30T03:47:03.304Z] InitialReadForge.onBeforeSend: SKIP (fr=true syn=false hasRead=true)
[2026-07-30T03:47:43.179Z] LiveUpdateForge: EndTurn fallback flush
[2026-07-30T03:47:43.180Z] onEndTurn: naturalStop=false toolCalls=42 nudgeMsg=no
[2026-07-30T03:47:43.787Z] LiveUpdateForge: AfterToolExec flush
[2026-07-30T03:47:43.901Z] InitialReadForge.onBeforeSend: SKIP (fr=true syn=false hasRead=true)
[2026-07-30T03:47:59.625Z] LiveUpdateForge: EndTurn fallback flush
[2026-07-30T03:47:59.626Z] onEndTurn: naturalStop=false toolCalls=43 nudgeMsg=no
[2026-07-30T03:48:00.077Z] LiveUpdateForge: AfterToolExec flush
[2026-07-30T03:48:00.201Z] InitialReadForge.onBeforeSend: SKIP (fr=true syn=false hasRead=true)
[2026-07-30T03:48:12.392Z] LiveUpdateForge: EndTurn fallback flush
[2026-07-30T03:48:12.393Z] onEndTurn: naturalStop=false toolCalls=44 nudgeMsg=no
[2026-07-30T03:48:12.856Z] LiveUpdateForge: AfterToolExec flush
[2026-07-30T03:48:12.975Z] InitialReadForge.onBeforeSend: SKIP (fr=true syn=false hasRead=true)
[2026-07-30T03:48:26.859Z] LiveUpdateForge: EndTurn fallback flush
[2026-07-30T03:48:26.860Z] onEndTurn: naturalStop=false toolCalls=45 nudgeMsg=no
[2026-07-30T03:48:27.321Z] LiveUpdateForge: AfterToolExec flush
[2026-07-30T03:48:27.446Z] InitialReadForge.onBeforeSend: SKIP (fr=true syn=false hasRead=true)
[2026-07-30T03:48:46.530Z] LiveUpdateForge: EndTurn fallback flush
[2026-07-30T03:48:46.531Z] onEndTurn: naturalStop=false toolCalls=46 nudgeMsg=no
[2026-07-30T03:48:46.957Z] LiveUpdateForge: AfterToolExec flush
[2026-07-30T03:48:47.077Z] InitialReadForge.onBeforeSend: SKIP (fr=true syn=false hasRead=true)
[2026-07-30T03:48:59.838Z] LiveUpdateForge: EndTurn fallback flush
[2026-07-30T03:48:59.839Z] onEndTurn: naturalStop=false toolCalls=47 nudgeMsg=no
[2026-07-30T03:49:00.329Z] LiveUpdateForge: AfterToolExec flush
[2026-07-30T03:49:00.446Z] InitialReadForge.onBeforeSend: SKIP (fr=true syn=false hasRead=true)
[2026-07-30T03:49:30.697Z] LiveUpdateForge: EndTurn fallback flush
[2026-07-30T03:49:30.698Z] onEndTurn: naturalStop=true toolCalls=48 nudgeMsg=no
[2026-07-30T03:49:30.730Z] InitialReadForge.onBeforeSend: SKIP (fr=false syn=false hasRead=true)
[2026-07-30T03:50:03.581Z] LiveUpdateForge: EndTurn fallback flush
[2026-07-30T03:50:03.583Z] onEndTurn: naturalStop=false toolCalls=48 nudgeMsg=no
[2026-07-30T03:50:20.279Z] LiveUpdateForge: AfterToolExec flush
[2026-07-30T03:50:20.492Z] InitialReadForge.onBeforeSend: SKIP (fr=true syn=false hasRead=true)
[2026-07-30T03:50:56.413Z] LiveUpdateForge: EndTurn fallback flush
[2026-07-30T03:50:56.414Z] onEndTurn: naturalStop=true toolCalls=49 nudgeMsg=no
[2026-07-30T04:00:00.767Z] ResumeDiffForge: running checkResumeConsistency
[2026-07-30T04:00:00.769Z] checkResumeConsistency: forgedTimestamps=[["project","1970-01-01T00:00:00.000Z"]]
[2026-07-30T04:00:00.796Z] checkResumeConsistency: injecting 1 diff notification(s)
[2026-07-30T04:00:00.797Z] injectForgedHistory: role=user preview="[agent-auto] [memory-update 2026-07-30 11:05:48] project memory file has been mo"
[2026-07-30T04:00:00.879Z] injectForgedHistory: recordMessage persisted
[2026-07-30T04:00:00.880Z] LiveUpdateForge: session reset, allowLiveUpdate = false
[2026-07-30T04:00:00.880Z] NudgeForge: ResumeComplete — restoring count from history
[2026-07-30T04:00:00.883Z] restoreNudgeCountFromHistory: found last write at idx=2306 count=41
[2026-07-30T04:00:01.032Z] LiveUpdateForge: allowLiveUpdate = true (first real BeforeSend)
[2026-07-30T04:00:01.034Z] InitialReadForge.onBeforeSend: SKIP (fr=false syn=false hasRead=true)
[2026-07-30T04:00:21.354Z] LiveUpdateForge: EndTurn fallback flush
[2026-07-30T04:00:21.355Z] onEndTurn: naturalStop=false toolCalls=41 nudgeMsg=no
[2026-07-30T04:00:32.910Z] LiveUpdateForge: AfterToolExec flush
[2026-07-30T04:00:33.025Z] InitialReadForge.onBeforeSend: SKIP (fr=true syn=false hasRead=true)
[2026-07-30T04:00:59.100Z] LiveUpdateForge: EndTurn fallback flush
[2026-07-30T04:00:59.101Z] onEndTurn: naturalStop=false toolCalls=42 nudgeMsg=no
[2026-07-30T04:03:53.047Z] LiveUpdateForge: AfterToolExec flush
[2026-07-30T04:03:53.176Z] InitialReadForge.onBeforeSend: SKIP (fr=true syn=false hasRead=true)
[2026-07-30T04:04:21.314Z] LiveUpdateForge: EndTurn fallback flush
[2026-07-30T04:04:21.315Z] onEndTurn: naturalStop=true toolCalls=43 nudgeMsg=no
[2026-07-30T04:05:20.875Z] ResumeDiffForge: running checkResumeConsistency
[2026-07-30T04:05:20.877Z] checkResumeConsistency: forgedTimestamps=[["project","1970-01-01T00:00:00.000Z"]]
[2026-07-30T04:05:20.943Z] checkResumeConsistency: injecting 1 diff notification(s)
[2026-07-30T04:05:20.944Z] injectForgedHistory: role=user preview="[agent-auto] [memory-update 2026-07-30 11:05:48] project memory file has been mo"
[2026-07-30T04:05:21.023Z] injectForgedHistory: recordMessage persisted
[2026-07-30T04:05:21.023Z] LiveUpdateForge: session reset, allowLiveUpdate = false
[2026-07-30T04:05:21.024Z] NudgeForge: ResumeComplete — restoring count from history
[2026-07-30T04:05:21.025Z] restoreNudgeCountFromHistory: found last write at idx=2306 count=41
[2026-07-30T04:05:21.166Z] LiveUpdateForge: allowLiveUpdate = true (first real BeforeSend)
[2026-07-30T04:05:21.168Z] InitialReadForge.onBeforeSend: SKIP (fr=false syn=false hasRead=true)
[2026-07-30T04:05:36.964Z] LiveUpdateForge: EndTurn fallback flush
[2026-07-30T04:05:36.965Z] onEndTurn: naturalStop=false toolCalls=41 nudgeMsg=no
[2026-07-30T04:06:19.801Z] LiveUpdateForge: AfterToolExec flush
[2026-07-30T04:06:19.904Z] InitialReadForge.onBeforeSend: SKIP (fr=true syn=false hasRead=true)
[2026-07-30T04:06:38.791Z] LiveUpdateForge: EndTurn fallback flush
[2026-07-30T04:06:38.792Z] onEndTurn: naturalStop=false toolCalls=42 nudgeMsg=no
[2026-07-30T04:07:31.601Z] LiveUpdateForge: AfterToolExec flush
[2026-07-30T04:07:31.780Z] InitialReadForge.onBeforeSend: SKIP (fr=true syn=false hasRead=true)
[2026-07-30T04:07:53.494Z] LiveUpdateForge: EndTurn fallback flush
[2026-07-30T04:07:53.495Z] onEndTurn: naturalStop=true toolCalls=43 nudgeMsg=no
[2026-07-30T04:27:11.420Z] ResumeDiffForge: running checkResumeConsistency
[2026-07-30T04:27:11.422Z] checkResumeConsistency: forgedTimestamps=[["project","1970-01-01T00:00:00.000Z"]]
[2026-07-30T04:27:11.930Z] checkResumeConsistency: injecting 1 diff notification(s)
[2026-07-30T04:27:12.343Z] injectForgedHistory: role=user preview="[agent-auto] [memory-update 2026-07-30 11:05:48] project memory file has been mo"
[2026-07-30T04:27:12.707Z] injectForgedHistory: recordMessage persisted
[2026-07-30T04:27:12.708Z] LiveUpdateForge: session reset, allowLiveUpdate = false
[2026-07-30T04:27:12.709Z] NudgeForge: ResumeComplete — restoring count from history
[2026-07-30T04:27:12.711Z] restoreNudgeCountFromHistory: found last write at idx=2306 count=41
[2026-07-30T04:27:12.915Z] LiveUpdateForge: allowLiveUpdate = true (first real BeforeSend)
[2026-07-30T04:27:12.917Z] InitialReadForge.onBeforeSend: SKIP (fr=false syn=false hasRead=true)
[2026-07-30T04:28:54.705Z] LiveUpdateForge: EndTurn fallback flush
[2026-07-30T04:28:54.705Z] onEndTurn: naturalStop=false toolCalls=41 nudgeMsg=no
[2026-07-30T04:28:55.183Z] LiveUpdateForge: AfterToolExec flush
[2026-07-30T04:28:55.286Z] InitialReadForge.onBeforeSend: SKIP (fr=true syn=false hasRead=true)
[2026-07-30T04:29:13.365Z] LiveUpdateForge: EndTurn fallback flush
[2026-07-30T04:29:13.366Z] onEndTurn: naturalStop=false toolCalls=42 nudgeMsg=no
[2026-07-30T04:29:14.123Z] LiveUpdateForge: AfterToolExec flush
[2026-07-30T04:29:14.231Z] InitialReadForge.onBeforeSend: SKIP (fr=true syn=false hasRead=true)
[2026-07-30T04:29:32.096Z] LiveUpdateForge: EndTurn fallback flush
[2026-07-30T04:29:32.097Z] onEndTurn: naturalStop=false toolCalls=43 nudgeMsg=no
[2026-07-30T04:29:32.484Z] LiveUpdateForge: AfterToolExec flush
[2026-07-30T04:29:32.581Z] InitialReadForge.onBeforeSend: SKIP (fr=true syn=false hasRead=true)
[2026-07-30T04:30:01.317Z] LiveUpdateForge: EndTurn fallback flush
[2026-07-30T04:30:01.318Z] onEndTurn: naturalStop=false toolCalls=44 nudgeMsg=no
[2026-07-30T04:30:08.439Z] LiveUpdateForge: AfterToolExec flush
[2026-07-30T04:30:08.560Z] InitialReadForge.onBeforeSend: SKIP (fr=true syn=false hasRead=true)
[2026-07-30T04:30:33.567Z] LiveUpdateForge: EndTurn fallback flush
[2026-07-30T04:30:33.568Z] onEndTurn: naturalStop=false toolCalls=45 nudgeMsg=no
[2026-07-30T04:31:36.414Z] LiveUpdateForge: AfterToolExec flush
[2026-07-30T04:31:36.513Z] InitialReadForge.onBeforeSend: SKIP (fr=true syn=false hasRead=true)
[2026-07-30T04:33:21.575Z] LiveUpdateForge: EndTurn fallback flush
[2026-07-30T04:33:21.576Z] onEndTurn: naturalStop=false toolCalls=46 nudgeMsg=no
[2026-07-30T04:33:41.821Z] LiveUpdateForge: AfterToolExec flush
[2026-07-30T04:33:41.928Z] InitialReadForge.onBeforeSend: SKIP (fr=true syn=false hasRead=true)
[2026-07-30T04:33:52.944Z] LiveUpdateForge: EndTurn fallback flush
[2026-07-30T04:33:52.945Z] onEndTurn: naturalStop=false toolCalls=47 nudgeMsg=no
[2026-07-30T04:33:53.303Z] LiveUpdateForge: AfterToolExec flush
[2026-07-30T04:33:53.391Z] InitialReadForge.onBeforeSend: SKIP (fr=true syn=false hasRead=true)
[2026-07-30T04:35:33.437Z] LiveUpdateForge: EndTurn fallback flush
[2026-07-30T04:35:33.437Z] onEndTurn: naturalStop=false toolCalls=48 nudgeMsg=no
[2026-07-30T04:35:33.457Z] LiveUpdateForge: AfterToolExec flush
[2026-07-30T04:35:33.540Z] InitialReadForge.onBeforeSend: SKIP (fr=true syn=false hasRead=true)
[2026-07-30T04:37:20.327Z] LiveUpdateForge: EndTurn fallback flush
[2026-07-30T04:37:20.328Z] onEndTurn: naturalStop=false toolCalls=49 nudgeMsg=no
[2026-07-30T04:37:20.717Z] LiveUpdateForge: AfterToolExec flush
[2026-07-30T04:37:20.817Z] InitialReadForge.onBeforeSend: SKIP (fr=true syn=false hasRead=true)
[2026-07-30T04:37:40.939Z] LiveUpdateForge: EndTurn fallback flush
[2026-07-30T04:37:40.940Z] onEndTurn: naturalStop=false toolCalls=50 nudgeMsg=no
[2026-07-30T04:38:39.998Z] LiveUpdateForge: AfterToolExec flush
[2026-07-30T04:38:40.097Z] InitialReadForge.onBeforeSend: SKIP (fr=true syn=false hasRead=true)
[2026-07-30T04:38:55.337Z] LiveUpdateForge: EndTurn fallback flush
[2026-07-30T04:38:55.337Z] onEndTurn: naturalStop=false toolCalls=51 nudgeMsg=no
[2026-07-30T04:38:55.377Z] LiveUpdateForge: AfterToolExec flush
[2026-07-30T04:38:55.478Z] InitialReadForge.onBeforeSend: SKIP (fr=true syn=false hasRead=true)
[2026-07-30T04:39:21.774Z] LiveUpdateForge: EndTurn fallback flush
[2026-07-30T04:39:21.775Z] onEndTurn: naturalStop=true toolCalls=0 nudgeMsg=YES
[2026-07-30T04:39:21.791Z] InitialReadForge.onBeforeSend: SKIP (fr=false syn=false hasRead=true)
[2026-07-30T04:39:47.202Z] LiveUpdateForge: EndTurn fallback flush
[2026-07-30T04:39:47.203Z] onEndTurn: naturalStop=false toolCalls=0 nudgeMsg=no
[2026-07-30T04:39:47.264Z] LiveUpdateForge: self-write on D:\unity\demo\CODELY.md, baseline aligned
[2026-07-30T04:39:47.266Z] LiveUpdateForge: AfterToolExec flush
[2026-07-30T04:39:47.380Z] InitialReadForge.onBeforeSend: SKIP (fr=true syn=false hasRead=true)
[2026-07-30T04:39:47.980Z] LiveUpdateForge: pending external change on D:\unity\demo\CODELY.md
[2026-07-30T04:40:09.349Z] LiveUpdateForge: EndTurn fallback flush
[2026-07-30T04:40:09.350Z] onEndTurn: naturalStop=true toolCalls=0 nudgeMsg=no
[2026-07-30T04:41:13.245Z] ResumeDiffForge: running checkResumeConsistency
[2026-07-30T04:41:13.247Z] checkResumeConsistency: forgedTimestamps=[["project","1970-01-01T00:00:00.000Z"]]
[2026-07-30T04:41:13.341Z] checkResumeConsistency: injecting 1 diff notification(s)
[2026-07-30T04:41:13.386Z] injectForgedHistory: role=user preview="[agent-auto] [memory-update 2026-07-30 12:39:47] project memory file has been mo"
[2026-07-30T04:41:13.506Z] injectForgedHistory: recordMessage persisted
[2026-07-30T04:41:13.507Z] LiveUpdateForge: session reset, allowLiveUpdate = false
[2026-07-30T04:41:13.507Z] NudgeForge: ResumeComplete — restoring count from history
[2026-07-30T04:41:13.509Z] restoreNudgeCountFromHistory: found last write at idx=2306 count=41
[2026-07-30T04:41:13.679Z] LiveUpdateForge: allowLiveUpdate = true (first real BeforeSend)
[2026-07-30T04:41:13.681Z] InitialReadForge.onBeforeSend: SKIP (fr=false syn=false hasRead=true)
[2026-07-30T04:41:28.391Z] LiveUpdateForge: EndTurn fallback flush
[2026-07-30T04:41:28.391Z] onEndTurn: naturalStop=false toolCalls=41 nudgeMsg=no
[2026-07-30T04:41:29.042Z] LiveUpdateForge: AfterToolExec flush
[2026-07-30T04:41:29.134Z] InitialReadForge.onBeforeSend: SKIP (fr=true syn=false hasRead=true)
[2026-07-30T04:41:37.606Z] LiveUpdateForge: EndTurn fallback flush
[2026-07-30T04:41:37.606Z] onEndTurn: naturalStop=false toolCalls=42 nudgeMsg=no
[2026-07-30T04:41:37.993Z] LiveUpdateForge: AfterToolExec flush
[2026-07-30T04:41:38.091Z] InitialReadForge.onBeforeSend: SKIP (fr=true syn=false hasRead=true)
[2026-07-30T04:41:53.795Z] LiveUpdateForge: EndTurn fallback flush
[2026-07-30T04:41:53.796Z] onEndTurn: naturalStop=false toolCalls=43 nudgeMsg=no
[2026-07-30T04:41:53.814Z] LiveUpdateForge: AfterToolExec flush
[2026-07-30T04:41:53.914Z] InitialReadForge.onBeforeSend: SKIP (fr=true syn=false hasRead=true)
[2026-07-30T04:42:02.547Z] LiveUpdateForge: EndTurn fallback flush
[2026-07-30T04:42:02.548Z] onEndTurn: naturalStop=false toolCalls=44 nudgeMsg=no
[2026-07-30T04:42:02.563Z] LiveUpdateForge: AfterToolExec flush
[2026-07-30T04:42:02.639Z] InitialReadForge.onBeforeSend: SKIP (fr=true syn=false hasRead=true)
[2026-07-30T04:42:13.063Z] LiveUpdateForge: EndTurn fallback flush
[2026-07-30T04:42:13.063Z] onEndTurn: naturalStop=false toolCalls=45 nudgeMsg=no
[2026-07-30T04:42:13.080Z] LiveUpdateForge: AfterToolExec flush
[2026-07-30T04:42:13.159Z] InitialReadForge.onBeforeSend: SKIP (fr=true syn=false hasRead=true)
[2026-07-30T04:42:22.692Z] LiveUpdateForge: EndTurn fallback flush
[2026-07-30T04:42:22.692Z] onEndTurn: naturalStop=false toolCalls=46 nudgeMsg=no
[2026-07-30T04:42:23.048Z] LiveUpdateForge: AfterToolExec flush
[2026-07-30T04:42:23.148Z] InitialReadForge.onBeforeSend: SKIP (fr=true syn=false hasRead=true)
[2026-07-30T04:42:32.943Z] LiveUpdateForge: EndTurn fallback flush
[2026-07-30T04:42:32.943Z] onEndTurn: naturalStop=false toolCalls=47 nudgeMsg=no
[2026-07-30T04:42:32.959Z] LiveUpdateForge: AfterToolExec flush
[2026-07-30T04:42:33.051Z] InitialReadForge.onBeforeSend: SKIP (fr=true syn=false hasRead=true)
[2026-07-30T04:42:43.576Z] LiveUpdateForge: EndTurn fallback flush
[2026-07-30T04:42:43.577Z] onEndTurn: naturalStop=false toolCalls=48 nudgeMsg=no
[2026-07-30T04:42:43.597Z] LiveUpdateForge: AfterToolExec flush
[2026-07-30T04:42:43.685Z] InitialReadForge.onBeforeSend: SKIP (fr=true syn=false hasRead=true)
[2026-07-30T04:44:31.508Z] LiveUpdateForge: EndTurn fallback flush
[2026-07-30T04:44:31.508Z] onEndTurn: naturalStop=false toolCalls=49 nudgeMsg=no
[2026-07-30T04:44:31.853Z] LiveUpdateForge: AfterToolExec flush
[2026-07-30T04:44:31.954Z] InitialReadForge.onBeforeSend: SKIP (fr=true syn=false hasRead=true)
[2026-07-30T04:44:47.670Z] LiveUpdateForge: EndTurn fallback flush
[2026-07-30T04:44:47.671Z] onEndTurn: naturalStop=false toolCalls=50 nudgeMsg=no
[2026-07-30T04:44:48.056Z] LiveUpdateForge: AfterToolExec flush
[2026-07-30T04:44:48.166Z] InitialReadForge.onBeforeSend: SKIP (fr=true syn=false hasRead=true)
[2026-07-30T04:44:55.540Z] LiveUpdateForge: EndTurn fallback flush
[2026-07-30T04:44:55.540Z] onEndTurn: naturalStop=false toolCalls=51 nudgeMsg=no
[2026-07-30T04:44:55.900Z] LiveUpdateForge: AfterToolExec flush
[2026-07-30T04:44:55.985Z] InitialReadForge.onBeforeSend: SKIP (fr=true syn=false hasRead=true)
[2026-07-30T04:45:03.609Z] LiveUpdateForge: EndTurn fallback flush
[2026-07-30T04:45:03.610Z] onEndTurn: naturalStop=false toolCalls=52 nudgeMsg=no
[2026-07-30T04:45:04.034Z] LiveUpdateForge: AfterToolExec flush
[2026-07-30T04:45:04.142Z] InitialReadForge.onBeforeSend: SKIP (fr=true syn=false hasRead=true)
[2026-07-30T04:45:11.234Z] LiveUpdateForge: EndTurn fallback flush
[2026-07-30T04:45:11.234Z] onEndTurn: naturalStop=false toolCalls=53 nudgeMsg=no
[2026-07-30T04:45:11.607Z] LiveUpdateForge: AfterToolExec flush
[2026-07-30T04:45:11.714Z] InitialReadForge.onBeforeSend: SKIP (fr=true syn=false hasRead=true)
[2026-07-30T04:45:22.715Z] LiveUpdateForge: EndTurn fallback flush
[2026-07-30T04:45:22.716Z] onEndTurn: naturalStop=false toolCalls=54 nudgeMsg=no
[2026-07-30T04:45:22.817Z] LiveUpdateForge: AfterToolExec flush
[2026-07-30T04:45:22.950Z] InitialReadForge.onBeforeSend: SKIP (fr=true syn=false hasRead=true)
[2026-07-30T04:45:30.975Z] LiveUpdateForge: EndTurn fallback flush
[2026-07-30T04:45:30.976Z] onEndTurn: naturalStop=false toolCalls=55 nudgeMsg=no
[2026-07-30T04:45:33.769Z] LiveUpdateForge: AfterToolExec flush
[2026-07-30T04:45:33.871Z] InitialReadForge.onBeforeSend: SKIP (fr=true syn=false hasRead=true)
[2026-07-30T04:45:49.856Z] LiveUpdateForge: EndTurn fallback flush
[2026-07-30T04:45:49.857Z] onEndTurn: naturalStop=false toolCalls=56 nudgeMsg=no
[2026-07-30T04:45:49.878Z] LiveUpdateForge: AfterToolExec flush
[2026-07-30T04:45:49.974Z] InitialReadForge.onBeforeSend: SKIP (fr=true syn=false hasRead=true)
[2026-07-30T04:46:07.202Z] LiveUpdateForge: EndTurn fallback flush
[2026-07-30T04:46:07.202Z] onEndTurn: naturalStop=false toolCalls=57 nudgeMsg=no
[2026-07-30T04:46:07.382Z] LiveUpdateForge: AfterToolExec flush
[2026-07-30T04:46:07.508Z] InitialReadForge.onBeforeSend: SKIP (fr=true syn=false hasRead=true)
[2026-07-30T04:46:32.570Z] LiveUpdateForge: EndTurn fallback flush
[2026-07-30T04:46:32.571Z] onEndTurn: naturalStop=false toolCalls=58 nudgeMsg=no
[2026-07-30T04:46:32.590Z] LiveUpdateForge: AfterToolExec flush
[2026-07-30T04:46:32.680Z] InitialReadForge.onBeforeSend: SKIP (fr=true syn=false hasRead=true)
[2026-07-30T04:46:55.661Z] LiveUpdateForge: EndTurn fallback flush
[2026-07-30T04:46:55.662Z] onEndTurn: naturalStop=false toolCalls=59 nudgeMsg=no
[2026-07-30T04:46:55.900Z] LiveUpdateForge: AfterToolExec flush
[2026-07-30T04:46:55.992Z] InitialReadForge.onBeforeSend: SKIP (fr=true syn=false hasRead=true)
[2026-07-30T04:47:11.432Z] LiveUpdateForge: EndTurn fallback flush
[2026-07-30T04:47:11.433Z] onEndTurn: naturalStop=false toolCalls=60 nudgeMsg=no
[2026-07-30T04:47:11.878Z] LiveUpdateForge: AfterToolExec flush
[2026-07-30T04:47:11.984Z] InitialReadForge.onBeforeSend: SKIP (fr=true syn=false hasRead=true)
[2026-07-30T04:48:29.696Z] LiveUpdateForge: EndTurn fallback flush
[2026-07-30T04:48:29.697Z] onEndTurn: naturalStop=false toolCalls=61 nudgeMsg=no
[2026-07-30T04:48:30.034Z] LiveUpdateForge: AfterToolExec flush
[2026-07-30T04:48:30.123Z] InitialReadForge.onBeforeSend: SKIP (fr=true syn=false hasRead=true)
[2026-07-30T04:48:59.263Z] LiveUpdateForge: EndTurn fallback flush
[2026-07-30T04:48:59.264Z] onEndTurn: naturalStop=false toolCalls=62 nudgeMsg=no
[2026-07-30T04:48:59.287Z] LiveUpdateForge: AfterToolExec flush
[2026-07-30T04:48:59.400Z] InitialReadForge.onBeforeSend: SKIP (fr=true syn=false hasRead=true)
[2026-07-30T04:49:31.726Z] LiveUpdateForge: EndTurn fallback flush
[2026-07-30T04:49:31.727Z] onEndTurn: naturalStop=false toolCalls=63 nudgeMsg=no
[2026-07-30T04:49:31.746Z] LiveUpdateForge: AfterToolExec flush
[2026-07-30T04:49:31.832Z] InitialReadForge.onBeforeSend: SKIP (fr=true syn=false hasRead=true)
[2026-07-30T04:49:52.988Z] LiveUpdateForge: EndTurn fallback flush
[2026-07-30T04:49:52.988Z] onEndTurn: naturalStop=false toolCalls=64 nudgeMsg=no
[2026-07-30T04:49:53.105Z] LiveUpdateForge: AfterToolExec flush
[2026-07-30T04:49:53.190Z] InitialReadForge.onBeforeSend: SKIP (fr=true syn=false hasRead=true)
[2026-07-30T04:50:15.269Z] LiveUpdateForge: EndTurn fallback flush
[2026-07-30T04:50:15.269Z] onEndTurn: naturalStop=false toolCalls=65 nudgeMsg=no
[2026-07-30T04:50:15.376Z] LiveUpdateForge: AfterToolExec flush
[2026-07-30T04:50:15.464Z] InitialReadForge.onBeforeSend: SKIP (fr=true syn=false hasRead=true)
[2026-07-30T04:50:40.908Z] LiveUpdateForge: EndTurn fallback flush
[2026-07-30T04:50:40.909Z] onEndTurn: naturalStop=false toolCalls=66 nudgeMsg=no
[2026-07-30T04:50:41.328Z] LiveUpdateForge: AfterToolExec flush
[2026-07-30T04:50:41.424Z] InitialReadForge.onBeforeSend: SKIP (fr=true syn=false hasRead=true)
[2026-07-30T04:51:04.662Z] LiveUpdateForge: EndTurn fallback flush
[2026-07-30T04:51:04.663Z] onEndTurn: naturalStop=false toolCalls=67 nudgeMsg=no
[2026-07-30T04:51:04.929Z] LiveUpdateForge: AfterToolExec flush
[2026-07-30T04:51:05.018Z] InitialReadForge.onBeforeSend: SKIP (fr=true syn=false hasRead=true)
[2026-07-30T04:51:18.697Z] LiveUpdateForge: EndTurn fallback flush
[2026-07-30T04:51:18.698Z] onEndTurn: naturalStop=false toolCalls=68 nudgeMsg=no
[2026-07-30T04:51:39.947Z] LiveUpdateForge: AfterToolExec flush
[2026-07-30T04:51:40.049Z] InitialReadForge.onBeforeSend: SKIP (fr=true syn=false hasRead=true)
[2026-07-30T04:52:18.907Z] LiveUpdateForge: EndTurn fallback flush
[2026-07-30T04:52:18.908Z] onEndTurn: naturalStop=false toolCalls=69 nudgeMsg=no
[2026-07-30T04:52:18.964Z] LiveUpdateForge: AfterToolExec flush
[2026-07-30T04:52:19.046Z] InitialReadForge.onBeforeSend: SKIP (fr=true syn=false hasRead=true)
[2026-07-30T04:52:26.596Z] LiveUpdateForge: EndTurn fallback flush
[2026-07-30T04:52:26.597Z] onEndTurn: naturalStop=true toolCalls=0 nudgeMsg=YES
[2026-07-30T04:52:26.611Z] InitialReadForge.onBeforeSend: SKIP (fr=false syn=false hasRead=true)
[2026-07-30T04:52:42.902Z] LiveUpdateForge: EndTurn fallback flush
[2026-07-30T04:52:42.903Z] onEndTurn: naturalStop=false toolCalls=0 nudgeMsg=no
[2026-07-30T04:52:42.958Z] LiveUpdateForge: self-write on D:\unity\demo\CODELY.md, baseline aligned
[2026-07-30T04:52:43.195Z] LiveUpdateForge: AfterToolExec flush
[2026-07-30T04:52:43.320Z] InitialReadForge.onBeforeSend: SKIP (fr=true syn=false hasRead=true)
[2026-07-30T04:52:43.512Z] LiveUpdateForge: pending external change on D:\unity\demo\CODELY.md
[2026-07-30T04:52:59.148Z] LiveUpdateForge: EndTurn fallback flush
[2026-07-30T04:52:59.149Z] onEndTurn: naturalStop=true toolCalls=0 nudgeMsg=no
